Player,Country,Position,Goals,Minutes Played,Assists,Attempts On Target,Attempts At Goal,Attempts At Goal Conv. Rate (%),Attempts Inside the Penalty Area,Attempts Outside the Penalty Area,Headed Attempts at Goal,xG,xG Efficiency,Corners,Passes,Passes Completed,Passing Accuracy (%),Crosses,Crossing Accuracy (%),Take-Ons Completed,Defensive Linebreaks Attempted,Defensive Linebreaks Acc (%),Switches of Play Attempted,Switches of Play Acc (%),Own Goals,Forced Turnovers,Defensive Pressures Applied,Defensive Pressures Directly Applied,Fouls Against,Fouls For,Yellow Cards,Red Cards,Indirect Red Cards,Offsides,Goalkeeper Saves,Goalkeeper Actions Inside the Penalty Area,Goalkeeper Actions Outside the Penalty Area,Offers To Receive,Offers In Behind,Offers In Between,Offers In Front,Offers Inside Team Shape,Offers Outside Team Shape,Receptions In Behind,Receptions Between Midfield And Defensive Line,Receptions Under Pressure,Player Involvements,Average Speed (km/h),High Speed Running,Sprints,Total Distance (m),Attacking Impact Score,Passing Impact Score,Defensive Impact Score,Movement Impact Score,Goalkeeping Impact Score,Cluster,Player Archetype,Overall Performance Score,Performance Rating,Goalkeeping Rating
Aaron Hickey,SCO,DF,0.0,79.0,0,0,0,0,0,0,0,0.0,0.0,0,42,38,90,1,0,0,1,100,0,0,0,1,16,5,2,4,1,0,0,0,,,,26,2,9,15,1,25,0,2,5,83,2.11,103,30,8361.39,-1.3243189297858935,-0.4514476435601248,-0.3961509590175413,-1.8620364142948604,,0,Balanced Contributors,0.35795914129009376,11.0,
Aaron Tshibola,COD,MF,0.0,0.0,0,0,0,0,0,0,0,0.0,0.0,0,0,0,0,0,0,0,0,0,0,0,0,0,0,0,0,0,0,0,0,0,,,,0,0,0,0,0,0,0,0,0,0,0.0,0,0,0.0,-1.3243189297858935,-2.4642577606874845,-1.631956563153904,-3.2142549945655188,,2,Limited Tournament Impact,0.0,0.0,
Aaron Wan Bissaka,COD,DF,0.0,399.0,0,0,0,0,0,0,0,0.0,0.0,0,137,109,80,7,29,2,5,60,0,0,0,12,104,14,1,1,0,0,0,1,,,,141,58,48,35,39,102,5,19,54,287,6.07,460,194,40401.23,-1.3243189297858935,0.9655536328655752,1.302633552427553,4.045113164460723,,3,Complete Midfielders,0.9821133286613135,30.2,
Abbosbek Fayzullaev,UZB,MF,1.0,240.0,0,2,3,33,2,1,1,1.0,1.0,5,36,24,67,9,22,1,2,50,1,100,0,17,137,27,6,4,0,0,0,0,,,,104,45,52,7,64,40,0,30,33,102,6.32,341,141,25301.81,2.3352517900546155,0.6234423821199788,3.296769872634473,1.9256970093241303,,1,Dynamic Attackers,1.1619350334476892,35.7,
Abdallah Alfakhori,JOR,GK,0.0,0.0,0,0,0,0,0,0,0,0.0,0.0,0,0,0,0,0,0,0,0,0,0,0,0,0,0,0,0,0,0,0,0,0,0.0,0.0,0.0,0,0,0,0,0,0,0,0,0,0,0.0,0,0,0.0,-1.3243189297858935,-2.4642577606874845,-1.631956563153904,-3.2142549945655188,-1.2038479457474982,-1,Goalkeeper,0.0,0.0,0.0
Abdallah Nasib,JOR,DF,0.0,287.0,0,0,0,0,0,0,0,0.0,0.0,0,97,70,72,0,0,0,1,0,0,0,0,12,38,6,1,1,0,0,0,0,,,,29,0,2,27,1,28,0,1,13,190,5.62,269,86,26869.89,-1.3243189297858935,-1.0924122684136752,0.0785315120420271,-0.4830146258957867,,0,Balanced Contributors,0.4358409679252937,13.4,
Abdoulaye Seck,SEN,DF,0.0,66.0,1,0,2,0,1,1,1,0.05,0.0,0,30,26,87,0,0,0,1,0,0,0,0,1,3,1,1,1,1,0,0,0,,,,7,0,0,7,3,4,0,2,7,66,1.38,51,16,6142.53,-0.0513522131609698,-1.4359601378443452,-1.302747809600504,-2.5267116421007207,,2,Limited Tournament Impact,0.19911643425390332,6.1,
Abdukodir Khusanov,UZB,DF,0.0,311.0,0,0,0,0,0,0,0,0.0,0.0,0,98,81,83,0,0,0,1,0,1,100,0,11,23,8,6,0,2,0,0,0,,,,16,2,1,13,7,9,0,1,31,214,5.37,218,93,27912.88,-1.3243189297858935,-0.0283633566763491,-0.1988722780642101,-0.6211419419701145,,0,Balanced Contributors,0.4830338652451711,14.9,
Abdul Fatawu,GHA,FW,0.0,163.0,0,0,3,0,1,2,0,0.1,0.0,2,22,18,82,7,14,7,8,50,1,100,0,11,50,5,1,8,1,0,0,0,,,,45,19,23,3,4,41,3,24,38,90,6.21,211,93,16816.62,-0.2363578916243387,1.5832126764774743,1.2919921551569966,0.3373094569872452,,3,Complete Midfielders,0.8515773135474397,26.2,
Abdul Mumin,GHA,DF,0.0,0.0,0,0,0,0,0,0,0,0.0,0.0,0,0,0,0,0,0,0,0,0,0,0,0,0,0,0,0,0,0,0,0,0,,,,0,0,0,0,0,0,0,0,0,0,0.0,0,0,0.0,-1.3243189297858935,-2.4642577606874845,-1.631956563153904,-3.2142549945655188,,2,Limited Tournament Impact,0.0,0.0,
Abdulaziz Hatem,QAT,MF,0.0,51.0,0,0,0,0,0,0,0,0.0,0.0,0,32,26,81,0,0,0,2,50,0,0,0,1,20,0,1,0,0,0,0,0,,,,31,5,13,13,26,5,2,5,20,65,2.28,86,28,5826.99,-1.3243189297858935,-0.9892118630358588,-1.3480172784555815,-1.5652954073784064,,2,Limited Tournament Impact,0.23933408434400638,7.4,
Abdulelah Alamri,KSA,DF,1.0,268.0,0,2,4,25,3,1,1,0.93,1.07,0,99,81,82,1,100,0,3,67,0,0,0,7,23,5,1,0,1,0,0,0,,,,30,4,2,24,15,15,2,2,15,212,5.67,252,89,25207.74,2.1533689074482587,0.6053774608815479,-0.6329142574359868,-0.3165844203330912,,0,Balanced Contributors,0.6337680948375698,19.5,
Abdulkerim Bardakci,TUR,DF,0.0,300.0,0,0,3,0,1,2,0,0.07,0.0,0,242,222,92,6,33,1,3,33,5,60,0,3,27,12,1,3,0,0,0,0,,,,25,2,1,22,11,14,1,2,24,516,6.08,258,93,30419.01,-0.384476944146554,2.924756110988771,0.1094682148317325,0.1147209072265971,,0,Balanced Contributors,0.8204457589619273,25.2,
Abdulla Abdullaev,UZB,DF,0.0,206.0,0,0,0,0,0,0,0,0.0,0.0,0,72,65,90,0,0,1,1,100,0,0,0,7,22,7,5,1,0,0,0,0,,,,13,1,1,11,6,7,0,0,7,143,3.82,191,57,19761.96,-1.3243189297858935,-0.173029937979693,-0.3487529018822445,-1.4809116683501484,,0,Balanced Contributors,0.4066125398455155,12.5,
Abdullah Alhamddan,KSA,FW,0.0,88.0,0,2,2,0,1,1,0,0.2,0.0,0,22,16,73,1,0,1,2,50,0,0,0,5,62,5,2,0,0,0,0,0,,,,39,13,21,5,24,15,0,16,17,52,7.86,170,70,10726.97,-0.0967534950809563,-0.9836229913129492,-0.32537974291167,-0.4858597257568248,,0,Balanced Contributors,0.44884459098629004,13.8,
Abdullah Alkhaibari,KSA,MF,0.0,203.0,0,0,1,0,0,1,0,0.01,0.0,0,58,48,83,0,0,1,1,0,0,0,0,8,81,7,0,2,0,0,0,0,,,,46,1,15,30,33,13,0,7,30,133,7.08,345,76,23607.42,-1.0117652193910067,-1.1616339424968098,0.5394088009510888,0.1357496114139751,,0,Balanced Contributors,0.5236703120132999,16.1,
Abduvohid Nematov,UZB,GK,0.0,206.0,0,0,0,0,0,0,0,0.0,0.0,0,56,28,50,0,0,0,4,0,0,0,1,0,0,0,0,0,0,0,0,0,5.0,55.0,44.0,18,0,0,18,13,5,0,0,3,106,1.79,20,2,9231.32,-1.3243189297858935,-1.3603682787960163,-1.631956563153904,-2.343373660771636,0.842944793639639,-1,Goalkeeper,0.13682104296551917,4.2,30.1
Achraf Hakimi,MAR,DF,1.0,650.0,2,4,14,7,6,8,0,0.96,1.04,21,449,402,90,38,32,11,7,86,6,83,0,19,93,30,7,16,1,0,0,0,,,,253,79,114,60,102,151,12,92,167,971,5.89,624,296,63750.68,7.28979546091251,8.505980413309121,5.183286153258925,10.624444198023063,,5,Elite All-Round Performers,2.6511516744414094,81.5,
Achref Abada,ALG,DF,0.0,0.0,0,0,0,0,0,0,0,0.0,0.0,0,0,0,0,0,0,0,0,0,0,0,0,0,0,0,0,0,0,0,0,0,,,,0,0,0,0,0,0,0,0,0,0,0.0,0,0,0.0,-1.3243189297858935,-2.4642577606874845,-1.631956563153904,-3.2142549945655188,,2,Limited Tournament Impact,0.0,0.0,
Adalberto Carrasquilla,PAN,MF,0.0,0.0,0,0,0,0,0,0,0,0.0,0.0,0,0,0,0,0,0,0,0,0,0,0,0,0,0,0,0,0,0,0,0,0,,,,0,0,0,0,0,0,0,0,0,0,0.0,0,0,0.0,-1.3243189297858935,-2.4642577606874845,-1.631956563153904,-3.2142549945655188,,2,Limited Tournament Impact,0.0,0.0,
Adam Arous,TUN,DF,0.0,0.0,0,0,0,0,0,0,0,0.0,0.0,0,0,0,0,0,0,0,0,0,0,0,0,0,0,0,0,0,0,0,0,0,,,,0,0,0,0,0,0,0,0,0,0,0.0,0,0,0.0,-1.3243189297858935,-2.4642577606874845,-1.631956563153904,-3.2142549945655188,,2,Limited Tournament Impact,0.0,0.0,
Adam Hlozek,CZE,FW,0.0,172.0,0,1,3,0,2,1,0,0.31,0.0,0,26,18,69,1,100,3,1,100,0,0,0,6,92,7,4,4,0,0,0,0,,,,44,20,20,4,32,12,4,26,31,70,6.77,251,94,19420.45,0.0190177934856032,0.3069398925847811,0.8807832543324913,0.4276599973442226,,0,Balanced Contributors,0.7262418542445377,22.3,
Adil Boulbina,ALG,FW,0.0,28.0,0,0,0,0,0,0,0,0.0,0.0,0,19,16,84,0,0,1,1,100,1,100,0,1,13,0,0,0,0,0,0,1,,,,46,20,19,7,13,33,2,6,20,42,3.53,54,21,3442.77,-1.3243189297858935,0.2708318097645709,-1.4255855263979451,-1.1911786008785163,,0,Balanced Contributors,0.3515334032587849,10.8,
Adrien Rabiot,FRA,MF,0.0,555.0,1,1,8,0,3,5,2,0.83,0.0,0,311,286,92,2,0,2,11,73,1,100,0,10,111,29,11,3,1,0,0,1,,,,198,54,49,95,135,63,8,28,109,681,5.59,696,214,60628.85,2.8172545227327546,3.573001106694438,2.523578806583678,7.03432616695464,,5,Elite All-Round Performers,1.6314272594376613,50.2,
Agustin Canobbio,URU,MF,1.0,261.0,0,1,4,25,4,0,1,0.75,1.33,0,68,61,90,9,33,2,5,60,0,0,0,16,107,16,7,5,0,1,0,1,,,,141,76,50,15,42,99,9,50,60,185,6.44,348,162,28186.33,1.75973351267555,0.7042197141014128,2.396551893625876,4.186713200169544,,1,Dynamic Attackers,1.1905805982275617,36.6,
Ahmed Alaaeldin,QAT,FW,0.0,55.0,0,1,1,0,1,0,0,0.13,0.0,0,8,4,50,0,0,0,1,0,0,0,0,2,22,4,1,1,0,0,0,0,,,,20,11,8,1,15,5,0,8,11,26,4.31,70,30,6052.91,-0.7016630695562976,-1.921770498089036,-0.8451106004027332,-1.8100573458018343,,2,Limited Tournament Impact,0.22492175429458153,6.9,
Ahmed Alganehi,QAT,MF,0.0,41.0,0,0,1,0,0,1,0,0.05,0.0,2,12,11,92,2,100,1,0,0,0,0,0,3,18,4,1,0,0,0,0,0,,,,7,2,4,1,3,4,0,2,8,27,2.04,51,24,4200.63,-0.8558634512190042,-0.6163841137769117,-0.9991760596772136,-2.4868942142442982,,2,Limited Tournament Impact,0.26592759178218767,8.2,
Ahmed Alkassar,KSA,GK,0.0,0.0,0,0,0,0,0,0,0,0.0,0.0,0,0,0,0,0,0,0,0,0,0,0,0,0,0,0,0,0,0,0,0,0,0.0,0.0,0.0,0,0,0,0,0,0,0,0,0,0,0.0,0,0,0.0,-1.3243189297858935,-2.4642577606874845,-1.631956563153904,-3.2142549945655188,-1.2038479457474982,-1,Goalkeeper,0.0,0.0,0.0
Ahmed Basil,IRQ,GK,0.0,149.0,0,0,0,0,0,0,0,0.0,0.0,0,71,42,59,0,0,0,3,0,0,0,0,0,0,0,0,1,0,0,0,0,3.0,43.0,36.0,12,0,0,12,8,4,0,0,2,124,1.87,10,2,7048.26,-1.3243189297858935,-1.252112839450524,-1.459900097840634,-2.4878668747254333,0.3441925381906422,-1,Goalkeeper,0.1538026684785002,4.7,22.8
Ahmed Fathy,QAT,MF,0.0,163.0,0,0,0,0,0,0,0,0.0,0.0,0,65,59,91,0,0,0,2,0,1,100,0,10,73,10,2,1,2,0,0,0,,,,49,3,18,28,41,8,0,4,14,146,6.63,312,80,18273.99,-1.3243189297858935,-0.1070219077104933,0.5881134504923272,-0.1361388029615873,,0,Balanced Contributors,0.5831903432422494,17.9,
Ahmed Fatouh,EGY,DF,0.0,301.0,0,1,1,0,1,0,0,0.13,0.0,0,182,163,90,7,14,1,11,64,0,0,0,24,49,9,2,3,1,0,0,0,,,,77,19,25,33,21,56,2,23,57,370,3.93,408,166,32856.27,-0.7016630695562976,1.804995246769811,1.4771051362823255,2.0444444273098994,,3,Complete Midfielders,0.9701612570044122,29.8,
Ahmed Maknazi,IRQ,DF,0.0,38.0,0,0,0,0,0,0,0,0.0,0.0,0,5,3,60,0,0,1,0,0,0,0,0,2,23,5,0,0,0,0,0,0,,,,1,0,1,0,1,0,0,1,9,16,2.2,55,16,4276.36,-1.3243189297858935,-1.847752947991956,-0.9444928531795465,-2.6440132620912054,,2,Limited Tournament Impact,0.1493489012548147,4.6,
Ahmed Qasem,IRQ,FW,0.0,135.0,0,0,0,0,0,0,0,0.0,0.0,0,16,13,81,1,0,0,1,100,0,0,0,3,81,6,0,1,0,0,0,0,,,,52,37,14,1,31,21,2,11,21,47,6.29,215,78,15459.21,-1.3243189297858935,-0.7396354987510182,-0.0058192943647173,-0.0375755035615284,,0,Balanced Contributors,0.48100486751038884,14.8,
Ahmed Reda Tagnaouti,MAR,GK,0.0,0.0,0,0,0,0,0,0,0,0.0,0.0,0,0,0,0,0,0,0,0,0,0,0,0,0,0,0,0,0,0,0,0,0,0.0,0.0,0.0,0,0,0,0,0,0,0,0,0,0,0.0,0,0,0.0,-1.3243189297858935,-2.4642577606874845,-1.631956563153904,-3.2142549945655188,-1.2038479457474982,-1,Goalkeeper,0.0,0.0,0.0
Aiden Oneill,AUS,MF,0.0,406.0,0,0,2,0,1,1,0,0.07,0.0,4,172,142,83,8,50,3,12,42,3,33,0,25,105,15,2,8,0,0,0,0,,,,138,6,61,71,103,35,1,23,103,388,6.97,648,186,47323.13,-0.4397061277459466,2.913548839637173,3.389807371090156,4.50676862954523,,3,Complete Midfielders,1.3993290377747432,43.0,
Aiman Yahya,KSA,FW,0.0,0.0,0,0,0,0,0,0,0,0.0,0.0,0,0,0,0,0,0,0,0,0,0,0,0,0,0,0,0,0,0,0,0,0,,,,0,0,0,0,0,0,0,0,0,0,0.0,0,0,0.0,-1.3243189297858935,-2.4642577606874845,-1.631956563153904,-3.2142549945655188,,2,Limited Tournament Impact,0.0,0.0,
Aimar Sher,IRQ,MF,0.0,24.0,0,0,0,0,0,0,0,0.0,0.0,0,22,20,91,1,0,0,0,0,0,0,0,0,4,2,0,0,0,0,0,0,,,,27,1,8,18,23,4,0,2,2,49,2.56,41,6,3139.09,-1.3243189297858935,-1.490997205427518,-1.4644457815260292,-2.1970151773975264,,2,Limited Tournament Impact,0.15180985882535092,4.7,
Aissa Mandi,ALG,DF,0.0,403.0,0,0,0,0,0,0,0,0.0,0.0,0,382,357,93,0,0,0,5,20,10,90,0,14,19,6,0,5,0,0,0,0,,,,33,3,4,26,13,20,0,1,27,774,5.62,331,81,37858.06,-1.3243189297858935,4.693440197889768,0.6808464243204017,0.6778416653004838,,3,Complete Midfielders,1.0132660439972934,31.2,
Ajdin Hrustic,AUS,FW,0.0,90.0,0,0,3,0,2,1,0,0.11,0.0,1,31,27,87,5,40,1,0,0,0,0,0,5,40,2,1,0,0,0,0,0,,,,51,14,32,5,27,24,2,15,30,80,3.74,183,58,11460.39,-0.3199106369054474,-0.8094871665759481,-0.7539447677931708,-0.3669711994560818,,0,Balanced Contributors,0.41881559182748807,12.9,
Akam Hashim,IRQ,DF,0.0,303.0,0,0,1,0,0,1,0,0.03,0.0,0,148,126,85,0,0,4,3,33,1,100,0,3,16,7,0,3,0,0,0,0,,,,20,1,2,17,6,14,1,1,25,313,5.56,270,79,28097.87,-0.9961997880914322,1.2126435567723806,-0.320389917515435,-0.361191629000129,,0,Balanced Contributors,0.5946618607289572,18.3,
Akmal Mozgovoy,UZB,MF,0.0,243.0,1,0,1,0,1,0,0,0.08,0.0,0,79,65,82,0,0,2,8,50,3,67,0,5,83,8,0,3,0,0,0,0,,,,115,10,80,25,84,31,1,16,40,182,6.81,361,94,27540.59,-0.5779444538036328,1.1907843106988516,0.6082734996321606,2.0503195175268694,,3,Complete Midfielders,0.8412806249931581,25.9,
Akram Afif,QAT,FW,0.0,269.0,0,0,2,0,1,1,0,0.16,0.0,7,93,73,78,12,33,2,12,42,3,67,0,16,54,5,0,4,0,0,0,2,,,,83,23,54,6,42,41,2,40,69,217,5.2,194,104,23536.07,-0.1825053285385808,2.4960668192315194,0.9596696027573977,1.6853153778080403,,3,Complete Midfielders,0.97055872066051,29.8,
Ala Alhajji,KSA,MF,0.0,43.0,0,0,0,0,0,0,0,0.0,0.0,0,17,16,94,0,0,0,0,0,0,0,0,1,7,1,0,0,0,0,0,0,,,,17,3,12,2,11,6,0,7,13,37,5.08,98,33,5355.08,-1.3243189297858935,-1.562892012717252,-1.4304795618038522,-1.740641732224438,,2,Limited Tournament Impact,0.1763032567873557,5.4,
Alan Franco,ECU,MF,0.0,270.0,0,0,0,0,0,0,0,0.0,0.0,0,148,140,95,4,0,0,3,33,0,0,0,9,40,14,7,0,2,0,0,0,,,,48,11,11,26,14,34,2,7,31,300,6.1,307,134,27468.83,-1.3243189297858935,0.2796890686113906,0.2344345199093931,0.7518763917420359,,0,Balanced Contributors,0.6302565084158174,19.4,
Alan Minda,ECU,MF,0.0,59.0,0,0,2,0,1,1,0,0.44,0.0,0,16,12,75,2,0,0,1,0,0,0,0,1,28,1,0,1,0,0,0,0,,,,32,16,16,0,12,20,2,10,14,43,1.55,80,31,6170.77,-0.401287459849522,-1.534763735660672,-1.025718352663491,-1.567329851362427,,2,Limited Tournament Impact,0.2622855223385431,8.1,
Alban Lafont,CIV,GK,0.0,,0,0,0,0,0,0,0,0.0,0.0,0,0,0,0,0,0,0,0,0,0,0,0,0,0,0,0,0,0,0,0,0,0.0,0.0,0.0,0,0,0,0,0,0,0,0,0,0,0.0,0,0,0.0,-1.3243189297858935,-2.4642577606874845,-1.631956563153904,-3.2142549945655188,-1.2038479457474982,-1,Goalkeeper,0.0,0.0,0.0
Alberto Quintero,PAN,MF,0.0,8.0,0,0,0,0,0,0,0,0.0,0.0,0,3,3,100,1,0,0,0,0,0,0,0,0,1,0,1,0,0,0,0,0,,,,5,2,2,1,3,2,0,2,1,8,2.86,17,8,1246.31,-1.3243189297858935,-1.569739035077044,-1.6208753848764237,-2.7053672314129424,,2,Limited Tournament Impact,0.10044289693262241,3.1,
Alejandro Romero Gamarra,PAR,FW,0.0,18.0,0,0,0,0,0,0,0,0.0,0.0,0,10,6,60,0,0,0,0,0,1,100,0,3,13,5,1,1,0,0,0,0,,,,6,0,1,5,5,1,0,0,9,24,1.41,35,11,2181.02,-1.3243189297858935,-0.9881961839238996,-0.8209324514923696,-2.714921130232168,,2,Limited Tournament Impact,0.2242544733292062,6.9,
Aleksandar Pavlovic,GER,MF,0.0,300.0,0,1,4,0,1,3,0,0.37,0.0,0,260,240,92,1,0,1,1,0,1,100,0,27,76,20,13,4,1,0,0,0,,,,158,4,54,100,119,39,0,20,67,548,7.64,597,165,38018.1,0.3994350902738957,1.5546215810436883,2.8128239493824454,4.379002550323916,,3,Complete Midfielders,1.2596392236842657,38.7,
Alessandro Circati,AUS,DF,0.0,438.0,0,0,3,0,2,1,2,0.13,0.0,0,221,177,80,1,0,1,10,60,4,75,0,12,48,28,5,4,1,0,0,0,,,,55,4,10,41,16,39,0,9,63,448,6.09,424,142,44568.44,0.1236081273015519,2.720429236440622,2.060559444454123,1.7137794479690185,,3,Complete Midfielders,1.1097462180907374,34.1,
Alessandro Schoepf,AUT,MF,0.0,0.0,0,0,0,0,0,0,0,0.0,0.0,0,0,0,0,0,0,0,0,0,0,0,0,0,0,0,0,0,0,0,0,0,,,,0,0,0,0,0,0,0,0,0,0,0.0,0,0,0.0,-1.3243189297858935,-2.4642577606874845,-1.631956563153904,-3.2142549945655188,,2,Limited Tournament Impact,0.0,0.0,
Alex Arce,PAR,FW,0.0,64.0,0,0,0,0,0,0,0,0.0,0.0,0,10,7,70,0,0,0,0,0,0,0,0,1,32,4,1,0,1,0,0,0,,,,11,6,2,3,7,4,0,8,10,22,2.85,122,46,7712.6,-1.3243189297858935,-1.82536528362935,-0.96867100208991,-1.9865818654097531,,2,Limited Tournament Impact,0.18719195563318758,5.8,
Alex Baena,ESP,MF,1.0,444.0,1,4,11,9,4,7,0,0.4,2.49,24,198,162,82,37,19,3,16,63,2,100,0,22,131,21,9,7,1,0,0,2,,,,274,122,112,40,148,126,12,127,89,496,5.51,544,230,47445.55,5.91812421066206,5.338836570751867,3.6884725890991024,9.485321133319536,,5,Elite All-Round Performers,2.140366195687945,65.8,
Alex Freeman,USA,DF,1.0,442.0,1,1,4,25,4,0,3,0.78,1.28,0,283,256,90,4,0,13,9,67,4,75,0,17,64,20,1,1,0,0,0,0,,,,108,10,34,64,20,88,4,22,76,591,6.46,545,179,47281.6,2.6776616200310066,4.702234938689061,1.5405232226257497,3.997263740095834,,3,Complete Midfielders,1.4390394584640815,44.2,
Alex Grimaldo,ESP,DF,0.0,0.0,0,0,0,0,0,0,0,0.0,0.0,0,0,0,0,0,0,0,0,0,0,0,0,0,0,0,0,0,0,0,0,0,,,,0,0,0,0,0,0,0,0,0,0,0.0,0,0,0.0,-1.3243189297858935,-2.4642577606874845,-1.631956563153904,-3.2142549945655188,,2,Limited Tournament Impact,0.0,0.0,
Alex Paulsen,NZL,GK,0.0,0.0,0,0,0,0,0,0,0,0.0,0.0,0,0,0,0,0,0,0,0,0,0,0,0,0,0,0,0,0,0,0,0,0,0.0,0.0,0.0,0,0,0,0,0,0,0,0,0,0,0.0,0,0,0.0,-1.3243189297858935,-2.4642577606874845,-1.631956563153904,-3.2142549945655188,-1.2038479457474982,-1,Goalkeeper,0.0,0.0,0.0
Alex Rufer,NZL,MF,0.0,0.0,0,0,0,0,0,0,0,0.0,0.0,0,0,0,0,0,0,0,0,0,0,0,0,0,0,0,0,0,0,0,0,0,,,,0,0,0,0,0,0,0,0,0,0,0.0,0,0,0.0,-1.3243189297858935,-2.4642577606874845,-1.631956563153904,-3.2142549945655188,,2,Limited Tournament Impact,0.0,0.0,
Alex Sandro,BRA,DF,0.0,15.0,0,0,0,0,0,0,0,0.0,0.0,0,13,13,100,0,0,0,0,0,0,0,0,0,4,2,1,0,0,0,0,0,,,,6,2,2,2,1,5,0,2,2,25,1.45,31,8,1822.47,-1.3243189297858935,-1.5436483326446846,-1.4644457815260292,-2.759350083622577,,2,Limited Tournament Impact,0.11478956252733835,3.5,
Alex Zendejas,USA,FW,0.0,22.0,0,0,1,0,1,0,0,0.0,0.0,0,7,6,86,1,0,0,1,0,0,0,0,1,16,2,1,0,0,0,0,0,,,,11,3,6,2,7,4,0,2,4,19,1.62,53,20,3064.71,-1.0484979431852637,-1.5668201311400594,-1.269155923047551,-2.5268519090360533,,2,Limited Tournament Impact,0.15596480202867985,4.8,
Alexander Bernhardsson,SWE,DF,0.0,233.0,0,1,1,0,0,1,0,0.05,0.0,0,67,51,76,3,0,4,3,67,1,100,0,14,81,9,2,5,0,0,0,0,,,,40,15,15,10,10,30,0,28,36,150,4.85,268,90,25109.78,-0.7349747866101267,0.9290882145770818,1.5526585803011237,0.162741290742674,,0,Balanced Contributors,0.798142565222442,24.5,
Alexander Isak,SWE,FW,1.0,389.0,3,6,8,13,5,3,1,0.68,1.48,0,81,65,80,4,0,3,5,60,2,50,0,5,110,15,4,1,0,0,0,5,,,,134,64,66,4,105,29,7,57,69,194,5.5,346,155,35655.02,5.215260754356084,1.0050819411084997,0.9945036223104292,3.939473991211744,,1,Dynamic Attackers,1.1865312658989242,36.5,
Alexander Nuebel,GER,GK,0.0,0.0,0,0,0,0,0,0,0,0.0,0.0,0,0,0,0,0,0,0,0,0,0,0,0,0,0,0,0,0,0,0,0,0,0.0,0.0,0.0,0,0,0,0,0,0,0,0,0,0,0.0,0,0,0.0,-1.3243189297858935,-2.4642577606874845,-1.631956563153904,-3.2142549945655188,-1.2038479457474982,-1,Goalkeeper,0.0,0.0,0.0
Alexander Prass,AUT,MF,0.0,41.0,0,0,0,0,0,0,0,0.0,0.0,0,25,22,88,3,0,0,3,33,0,0,0,0,5,0,0,0,0,0,0,0,,,,21,11,7,3,7,14,1,8,8,54,3.55,61,28,4686.43,-1.3243189297858935,-0.8523882993713063,-1.5765506717665017,-1.816121188028268,,2,Limited Tournament Impact,0.21267169028727576,6.5,
Alexander Schlager,AUT,GK,0.0,412.0,0,0,0,0,0,0,0,0.0,0.0,0,123,106,86,0,0,0,0,0,0,0,0,0,0,0,0,1,0,0,0,0,15.0,85.0,74.0,64,0,0,64,48,16,0,0,2,247,3.4,81,20,23367.49,-1.3243189297858935,-0.8025481583227034,-1.459900097840634,-0.7387526588264548,2.711442247268038,-1,Goalkeeper,0.29117320195510277,9.0,57.6
Alexander Sorloth,NOR,FW,0.0,363.0,0,1,5,0,5,0,1,0.6,0.0,0,110,88,80,5,20,2,5,100,0,0,0,9,70,8,6,2,0,0,0,2,,,,135,56,78,1,49,86,3,83,88,276,5.38,483,187,38789.92,1.0125779052331516,0.8959861429055905,0.5414245933064913,4.733235679623617,,3,Complete Midfielders,1.0267291007212271,31.6,
Alexandr Sojka,CZE,MF,0.0,155.0,1,0,0,0,0,0,0,0.0,0.0,1,65,52,80,5,40,3,1,0,3,33,0,18,84,9,0,2,0,0,0,0,,,,66,10,36,20,26,40,0,24,44,155,8.04,321,108,19628.07,-0.8536417128161344,0.5121754759585869,1.3189955957886024,1.095706992414472,,0,Balanced Contributors,0.792915289838562,24.4,
Alexandre Pierre,HAI,GK,0.0,0.0,0,0,0,0,0,0,0,0.0,0.0,0,0,0,0,0,0,0,0,0,0,0,0,0,0,0,0,0,0,0,0,0,0.0,0.0,0.0,0,0,0,0,0,0,0,0,0,0,0.0,0,0,0.0,-1.3243189297858935,-2.4642577606874845,-1.631956563153904,-3.2142549945655188,-1.2038479457474982,-1,Goalkeeper,0.0,0.0,0.0
Alexandro Maidana,PAR,DF,0.0,69.0,0,0,0,0,0,0,0,0.0,0.0,0,19,13,68,1,0,0,0,0,0,0,0,2,30,6,0,0,0,0,0,0,,,,9,4,3,2,2,7,1,4,8,38,2.91,101,38,8335.08,-1.3243189297858935,-1.7203357324758233,-0.8053315709782064,-2.042925165021962,,2,Limited Tournament Impact,0.20822168211320677,6.4,
Alexis Mac Allister,ARG,MF,1.0,728.0,1,4,13,8,10,3,9,1.92,0.52,0,400,368,92,1,0,1,2,0,3,100,0,17,155,28,6,9,0,0,0,0,,,,190,39,60,91,143,47,2,45,165,778,6.21,729,176,64741.99,8.07449832101706,3.1805818466076143,4.41810644245445,7.232636942430997,,5,Elite All-Round Performers,1.9913422070232654,61.2,
Alexis Saelemaekers,BEL,MF,1.0,107.0,0,1,4,25,3,1,0,0.14,7.01,1,42,33,79,2,50,2,2,100,0,0,0,4,25,1,0,2,0,0,0,2,,,,74,23,37,14,40,34,2,29,18,106,5.01,141,64,12229.42,1.5913008900382193,0.1717918889397095,-0.6999582647365266,0.2987320665935152,,0,Balanced Contributors,0.6089938774634024,18.7,
Alexis Vega,MEX,FW,0.0,18.0,0,0,0,0,0,0,0,0.0,0.0,0,10,10,100,1,0,0,1,0,0,0,0,1,3,0,0,0,0,0,0,0,,,,12,5,4,3,7,5,2,3,6,25,1.22,28,10,1915.42,-1.3243189297858935,-1.4235901845298056,-1.5363973091727507,-2.4633556175224776,,2,Limited Tournament Impact,0.13433590766022435,4.1,
Alfie Jones,CAN,DF,0.0,0.0,0,0,0,0,0,0,0,0.0,0.0,0,0,0,0,0,0,0,0,0,0,0,0,0,0,0,0,0,0,0,0,0,,,,0,0,0,0,0,0,0,0,0,0,0.0,0,0,0.0,-1.3243189297858935,-2.4642577606874845,-1.631956563153904,-3.2142549945655188,,2,Limited Tournament Impact,0.0,0.0,
Alhashmi Alhussein,QAT,DF,0.0,41.0,0,0,0,0,0,0,0,0.0,0.0,0,0,0,0,0,0,0,0,0,0,0,0,2,20,8,2,2,0,0,0,0,,,,1,0,1,0,0,1,0,1,1,1,1.97,50,20,4072.3,-1.3243189297858935,-2.4642577606874845,-0.4488443546085186,-2.7481312454536155,,2,Limited Tournament Impact,0.14436417297653992,4.4,
Ali Abdi,TUN,DF,0.0,293.0,0,0,1,0,0,1,0,0.05,0.0,1,74,51,69,5,0,2,5,60,0,0,0,22,102,24,4,2,0,0,0,0,,,,102,46,48,8,21,81,5,17,35,153,6.13,343,150,29932.97,-0.9182489040054308,0.0198439690029677,2.6916151952627447,2.3572610692466656,,3,Complete Midfielders,0.9619762247446565,29.6,
Ali Ahmed,CAN,FW,0.0,258.0,0,1,3,0,1,2,0,0.29,0.0,2,65,51,78,15,20,3,5,40,1,100,0,18,113,12,1,5,0,0,0,0,,,,124,50,60,14,37,87,5,45,45,188,5.24,341,172,27940.35,0.1571732759033511,1.6573066227048112,2.341298264552277,3.230606861903972,,3,Complete Midfielders,1.1449046533232992,35.2,
Ali Alhamadi,IRQ,FW,0.0,201.0,0,0,6,0,4,2,2,0.95,0.0,0,35,26,74,0,0,1,0,0,0,0,0,13,71,11,1,5,0,0,0,0,,,,100,53,45,2,79,21,5,23,33,90,6.76,258,112,22671.28,1.6182037785304717,-1.5115117349895348,1.5027171468955591,1.8372298999671228,,1,Dynamic Attackers,0.7871383181641542,24.2,
Ali Alipour,IRN,FW,0.0,42.0,0,0,1,0,1,0,0,0.04,0.0,0,8,4,50,0,0,0,1,100,0,0,0,2,13,4,1,1,0,0,0,0,,,,17,10,7,0,13,4,0,5,7,21,2.2,51,27,4655.69,-1.017367080586114,-1.121301295737064,-0.944841204900058,-2.2203657027032384,,2,Limited Tournament Impact,0.24177450397235845,7.4,
Ali Azaizeh,JOR,FW,0.0,78.0,0,0,2,0,1,1,1,0.06,0.0,1,13,12,92,1,0,1,0,0,0,0,0,3,47,3,1,1,0,0,0,0,,,,30,11,19,0,18,12,0,12,16,35,7.27,129,40,9229.12,-0.3894758089080881,-1.457979022597672,-0.5673584585759843,-1.0156445869797397,,2,Limited Tournament Impact,0.3463440633773653,10.6,
Ali Jasim,IRQ,FW,0.0,144.0,0,1,4,0,0,4,0,0.11,0.0,3,36,29,81,5,0,1,4,75,1,100,0,27,58,8,1,0,0,0,0,0,,,,55,16,32,7,21,34,4,23,39,96,4.46,252,92,15703.59,0.4131908498831744,0.7253802646754399,1.1860204680269992,0.4573826989354698,,0,Balanced Contributors,0.805066577257624,24.8,
Ali Lajami,KSA,DF,0.0,177.0,0,0,0,0,0,0,0,0.0,0.0,0,68,56,82,0,0,0,4,75,5,80,0,3,7,3,0,2,0,0,0,0,,,,11,0,1,10,6,5,0,1,16,138,5.8,145,54,16522.11,-1.3243189297858935,1.267957206241911,-0.8385491243619355,-1.379837047611391,,0,Balanced Contributors,0.47610206179330034,14.6,
Ali Majrashi,KSA,DF,0.0,0.0,0,0,0,0,0,0,0,0.0,0.0,0,0,0,0,0,0,0,0,0,0,0,0,0,0,0,0,0,0,0,0,0,,,,0,0,0,0,0,0,0,0,0,0,0.0,0,0,0.0,-1.3243189297858935,-2.4642577606874845,-1.631956563153904,-3.2142549945655188,,2,Limited Tournament Impact,0.0,0.0,
Ali Nemati,IRN,DF,0.0,309.0,0,0,1,0,1,0,0,0.06,0.0,0,129,114,88,3,33,0,3,0,2,100,0,5,24,10,3,0,1,0,0,1,,,,28,3,1,24,12,16,1,4,22,265,6.14,369,108,31613.92,-1.0018016492865396,1.0976934596921135,-0.4384993461610484,0.1313164415954422,,0,Balanced Contributors,0.6026714544046317,18.5,
Ali Olwan,JOR,FW,1.0,297.0,0,3,6,17,4,2,1,0.25,3.93,0,48,36,75,8,38,6,4,50,1,100,0,11,154,7,1,4,0,0,0,1,,,,63,22,36,5,30,33,12,40,47,147,6.79,411,138,33572.53,2.5851210915506115,1.5147357384172406,1.879394903279844,2.489542613691389,,1,Dynamic Attackers,1.1330913499363553,34.8,
Ali Yousif,IRQ,FW,0.0,38.0,0,0,0,0,0,0,0,0.0,0.0,0,4,4,100,0,0,0,0,0,0,0,0,2,17,1,1,0,0,0,0,0,,,,5,3,2,0,4,1,0,2,3,8,2.35,69,22,4539.67,-1.3243189297858935,-1.6196613545655507,-1.257352059880335,-2.5443908667074133,,2,Limited Tournament Impact,0.14195840176935048,4.4,
Alidu Seidu,GHA,DF,0.0,92.0,0,0,0,0,0,0,0,0.0,0.0,0,27,25,93,1,0,1,0,0,0,0,0,0,16,6,1,0,1,0,0,0,,,,4,2,2,0,0,4,0,2,15,65,1.36,73,34,8378.97,-1.3243189297858935,-1.3360068905671687,-1.0850995051603576,-2.3578313419600936,,2,Limited Tournament Impact,0.19198106782269062,5.9,
Alireza Beiranvand,IRN,GK,0.0,309.0,0,0,0,0,0,0,0,0.0,0.0,0,93,62,67,0,0,2,2,0,1,100,0,0,0,0,0,1,0,0,0,0,15.0,75.0,65.0,32,0,0,32,18,14,0,0,4,185,2.59,19,0,13335.74,-1.3243189297858935,0.0184952973886831,-1.459900097840634,-1.8218639657904605,2.4021571100675305,-1,Goalkeeper,0.2915898300412151,9.0,53.1
Alireza Jahanbakhsh,IRN,MF,0.0,58.0,0,0,1,0,1,0,0,0.04,0.0,0,11,7,64,2,50,1,1,100,0,0,0,2,20,0,2,0,0,0,0,0,,,,35,16,13,6,20,15,1,6,10,30,4.37,84,30,6517.05,-1.017367080586114,-0.3733325063347218,-1.2857015593068697,-1.4105300645581405,,2,Limited Tournament Impact,0.3136193770613172,9.6,
Alisson,BRA,GK,0.0,520.0,0,0,0,0,0,0,0,0.0,0.0,0,132,107,81,0,0,1,3,0,1,100,0,0,0,0,0,0,0,0,0,0,15.0,67.0,59.0,19,0,0,19,14,5,0,0,0,266,3.07,16,2,26656.8,-1.3243189297858935,0.478152716143205,-1.631956563153904,-1.7418241756041135,2.176088406517826,-1,Goalkeeper,0.3149897339790339,9.7,49.8
Alistair Johnston,CAN,DF,0.0,511.0,0,2,5,0,4,1,2,0.18,0.0,2,240,184,77,24,25,3,17,53,2,100,0,12,52,16,5,4,1,0,0,0,,,,176,53,50,73,39,137,8,47,88,509,6.28,683,264,53458.13,1.3302537246880628,4.8611481717458815,1.3657677464563287,6.735333824561268,,5,Elite All-Round Performers,1.5453847057692163,47.5,
Almoez Ali,QAT,FW,0.0,24.0,0,1,1,0,1,0,1,0.05,0.0,0,3,2,67,0,0,0,1,100,0,0,0,1,11,2,0,0,0,0,0,0,,,,15,3,10,2,10,5,0,2,5,9,2.3,38,11,2859.04,-0.5187554019076704,-1.0125571446558148,-1.3245618144349536,-2.44440373626678,,2,Limited Tournament Impact,0.21768509376311984,6.7,
Alphonso Davies,CAN,DF,0.0,22.0,0,0,0,0,0,0,0,0.0,0.0,0,18,14,78,1,0,1,0,0,0,0,0,1,4,0,0,0,0,0,0,0,,,,13,6,7,0,3,10,0,14,8,41,1.4,37,17,2589.59,-1.3243189297858935,-1.5423987884542083,-1.52531613089527,-2.334498996308276,,2,Limited Tournament Impact,0.13373998221633215,4.1,
Altay Bayindir,TUR,GK,0.0,0.0,0,0,0,0,0,0,0,0.0,0.0,0,0,0,0,0,0,0,0,0,0,0,0,0,0,0,0,0,0,0,0,0,0.0,0.0,0.0,0,0,0,0,0,0,0,0,0,0,0.0,0,0,0.0,-1.3243189297858935,-2.4642577606874845,-1.631956563153904,-3.2142549945655188,-1.2038479457474982,-1,Goalkeeper,0.0,0.0,0.0
Alvaro Fidalgo,MEX,MF,1.0,117.0,0,2,3,33,2,1,0,0.35,2.85,0,77,72,94,3,0,0,3,0,2,100,0,6,35,4,0,2,0,0,0,0,,,,90,9,40,41,39,51,0,16,15,172,4.72,232,87,15056.33,1.4221504264696785,0.4896886759988195,-0.2797359408873684,0.6123197354293031,,0,Balanced Contributors,0.687497333676647,21.1,
Alvaro Montero,COL,GK,0.0,0.0,0,0,0,0,0,0,0,0.0,0.0,0,0,0,0,0,0,0,0,0,0,0,0,0,0,0,0,0,0,0,0,0,0.0,0.0,0.0,0,0,0,0,0,0,0,0,0,0,0.0,0,0,0.0,-1.3243189297858935,-2.4642577606874845,-1.631956563153904,-3.2142549945655188,-1.2038479457474982,-1,Goalkeeper,0.0,0.0,0.0
Amad Diallo,CIV,FW,2.0,211.0,0,4,8,25,6,2,0,1.44,1.39,4,73,69,95,7,29,7,4,100,1,100,0,8,54,12,0,2,0,0,0,1,,,,95,34,40,21,31,64,3,48,62,193,6.15,270,104,21888.37,4.699600555196027,2.2902338478101494,0.5481821587539962,2.209535346765785,,1,Dynamic Attackers,1.1222258838478787,34.5,
Amadou Onana,BEL,MF,0.0,127.0,0,0,2,0,0,2,0,0.07,0.0,0,64,57,89,0,0,1,1,100,0,0,0,25,26,9,1,3,0,0,0,0,,,,44,2,16,26,35,9,0,6,29,143,4.31,146,44,13465.81,-0.6602979307471838,-0.2487051969842563,1.2845537550489852,-0.7884942926929532,,0,Balanced Contributors,0.6270589991926376,19.3,
Amar Dedic,BIH,DF,0.0,310.0,0,1,2,0,0,2,0,0.06,0.0,0,99,80,81,0,0,8,1,0,3,100,0,14,95,11,6,3,1,0,0,0,,,,56,23,19,14,11,45,1,3,40,204,4.44,356,141,30604.3,-0.4224210762152403,1.1365157072668932,1.486868214077263,0.8071380442668301,,3,Complete Midfielders,0.856867702504255,26.3,
Amar Memic,BIH,MF,0.0,254.0,0,1,3,0,2,1,0,0.19,0.0,0,52,39,75,5,0,1,4,0,0,0,0,13,54,10,3,3,0,0,0,0,,,,67,38,19,10,22,45,0,20,40,135,6.46,306,152,27462.49,-0.0743747943118446,-0.7373858545822686,0.9086311512928732,1.2092841583632743,,0,Balanced Contributors,0.6901682108922109,21.2,
Amer Jamous,JOR,MF,0.0,19.0,0,0,0,0,0,0,0,0.0,0.0,0,4,4,100,0,0,0,0,0,0,0,0,2,26,2,1,0,0,0,0,0,,,,4,1,3,0,4,0,0,2,2,8,2.19,48,10,2136.97,-1.3243189297858935,-1.6196613545655507,-1.096028421124034,-2.716534934991682,,2,Limited Tournament Impact,0.14784202979074573,4.5,
Amine Gouiri,ALG,FW,1.0,270.0,0,2,3,33,2,1,0,0.62,1.61,0,58,51,88,1,0,1,0,0,0,0,0,7,126,12,1,1,0,0,0,0,,,,188,69,107,12,139,49,3,40,40,137,6.17,355,131,27787.87,1.5318291301309257,-1.1366172761541151,1.1116548102706123,4.099040362289095,,1,Dynamic Attackers,0.9068832694235015,27.9,
Amir Alammari,IRQ,MF,0.0,279.0,1,0,0,0,0,0,0,0.0,0.0,3,125,99,79,7,43,1,7,57,0,0,0,19,64,19,3,0,2,0,0,0,,,,80,5,35,40,49,31,1,6,40,261,6.6,383,104,30575.01,-0.7288708072432812,1.0291824659711502,1.4315051613509266,1.3998874581891936,,3,Complete Midfielders,0.866597934045595,26.6,
Amir Hadziahmetovic,BIH,MF,0.0,12.0,0,0,0,0,0,0,0,0.0,0.0,1,3,3,100,1,0,0,0,0,0,0,0,0,4,0,0,0,0,0,0,0,,,,1,0,1,0,1,0,0,0,0,9,1.61,21,5,1349.67,-1.261933476999467,-1.569739035077044,-1.587631850043982,-2.949450990295276,,2,Limited Tournament Impact,0.09171109222005298,2.8,
Amir Murillo,PAN,DF,0.0,303.0,0,1,5,0,4,1,0,0.37,0.0,0,112,88,79,8,50,5,12,58,1,100,0,11,68,15,1,7,0,0,0,1,,,,101,35,46,20,15,86,5,26,67,260,6.27,332,156,31781.32,0.6173560605855868,2.7938781334556357,1.9353272414281395,2.889846236424514,,3,Complete Midfielders,1.1898985925296681,36.6,
Amirhossein Hosseinzadeh,IRN,FW,0.0,26.0,0,0,1,0,1,0,0,0.09,0.0,0,14,10,71,0,0,0,3,67,1,100,0,3,13,3,0,0,0,0,0,0,,,,15,4,9,2,8,7,0,3,8,33,4.82,47,17,3200.06,-0.9784535023371776,-0.0678260067329403,-1.1161749853235925,-2.0793135144956394,,2,Limited Tournament Impact,0.3164043633594491,9.7,
Amirmohammad Razaghinia,IRN,MF,0.0,0.0,0,0,0,0,0,0,0,0.0,0.0,0,0,0,0,0,0,0,0,0,0,0,0,0,0,0,0,0,0,0,0,0,,,,0,0,0,0,0,0,0,0,0,0,0.0,0,0,0.0,-1.3243189297858935,-2.4642577606874845,-1.631956563153904,-3.2142549945655188,,2,Limited Tournament Impact,0.0,0.0,
Anas Badawi,JOR,DF,0.0,0.0,0,0,0,0,0,0,0,0.0,0.0,0,0,0,0,0,0,0,0,0,0,0,0,0,0,0,0,0,0,0,0,0,,,,0,0,0,0,0,0,0,0,0,0,0.0,0,0,0.0,-1.3243189297858935,-2.4642577606874845,-1.631956563153904,-3.2142549945655188,,2,Limited Tournament Impact,0.0,0.0,
Anass Salah Eddine,MAR,DF,0.0,240.0,0,0,1,0,0,1,0,0.01,0.0,0,166,152,92,3,0,0,1,100,0,0,0,3,35,10,3,2,0,0,0,0,,,,43,11,8,24,11,32,3,10,55,338,3.78,201,77,22567.1,-1.0117652193910067,0.6850108099124523,-0.0971248927796461,0.3045864129189785,,0,Balanced Contributors,0.6141476889238809,18.9,
Andreas Schjelderup,NOR,MF,1.0,297.0,3,2,3,33,3,0,0,0.2,5.12,0,104,89,86,7,14,4,9,56,2,50,0,18,68,14,2,3,0,0,0,0,,,,107,25,69,13,23,84,4,70,58,250,6.44,384,137,31621.18,2.6852317381158417,1.95093976031823,1.6217183799570656,3.356170311971076,,1,Dynamic Attackers,1.1958966303935166,36.8,
Andrej Kramaric,CRO,FW,0.0,81.0,0,0,1,0,0,1,0,0.01,0.0,0,20,17,85,2,0,0,2,50,0,0,0,0,24,1,0,0,0,0,0,1,,,,47,18,22,7,32,15,0,10,9,47,5.44,163,50,10055.36,-1.0117652193910067,-0.928258198907389,-1.3044152502353952,-0.8137852388296992,,2,Limited Tournament Impact,0.3037672387243803,9.3,
Andres Andrade,PAN,DF,0.0,303.0,0,0,0,0,0,0,0,0.0,0.0,0,178,147,83,8,0,0,7,29,5,80,0,10,38,19,4,0,1,0,0,0,,,,91,3,24,64,21,70,1,2,71,380,6.0,322,117,30384.6,-1.3243189297858935,2.481735044093685,0.5825530537980258,1.9394257604982168,,3,Complete Midfielders,0.9054486918103821,27.8,
Andres Cubas,PAR,MF,0.0,554.0,0,0,1,0,0,1,0,0.02,0.0,0,117,97,83,0,0,0,1,0,1,100,0,43,231,57,14,3,1,0,0,0,,,,57,0,20,37,48,9,0,7,56,285,6.6,756,205,60748.96,-1.0039825037412196,0.1189731537260122,7.634343891040173,2.4970322210405413,,3,Complete Midfielders,1.4638388636287167,45.0,
Andres Gomez,COL,FW,0.0,7.0,0,0,0,0,0,0,0,0.0,0.0,0,0,0,0,0,0,0,0,0,0,0,0,0,1,1,0,0,0,0,0,0,,,,1,1,0,0,0,1,0,0,0,0,1.56,16,6,1042.07,-1.3243189297858935,-2.4642577606874845,-1.5592823506174471,-2.9705722259484912,,2,Limited Tournament Impact,0.02145970586867374,0.7,
Andy Robertson,SCO,DF,0.0,255.0,0,0,0,0,0,0,0,0.0,0.0,0,153,124,81,11,36,1,7,14,3,33,0,13,47,5,3,1,1,0,0,0,,,,59,17,27,15,8,51,2,24,42,316,5.92,246,107,25387.97,-1.3243189297858935,1.9531509566301948,0.1789848014290875,1.0864518798746927,,0,Balanced Contributors,0.7744726803159818,23.8,
Ange Yoan Bonny,CIV,FW,0.0,258.0,0,1,1,0,0,1,0,0.05,0.0,0,30,26,87,3,33,1,0,0,0,0,0,7,123,7,1,3,0,0,0,1,,,,71,51,20,0,63,8,7,36,49,92,6.23,314,113,26951.82,-0.7349747866101267,-0.9900865607798418,1.114559034769829,1.7694976001306335,,0,Balanced Contributors,0.6996561982913022,21.5,
Angelo Preciado,ECU,DF,0.0,137.0,0,0,0,0,0,0,0,0.0,0.0,0,47,32,68,8,13,1,5,20,1,100,0,4,29,3,0,1,0,0,0,0,,,,29,11,10,8,4,25,3,16,22,106,6.31,144,61,14040.86,-1.3243189297858935,0.6026432196020711,-0.704503948421922,-0.5236610182172874,,0,Balanced Contributors,0.48776963764970904,15.0,
Angelo Stiller,GER,MF,0.0,52.0,0,0,0,0,0,0,0,0.0,0.0,0,34,31,91,0,0,0,1,0,0,0,0,1,7,1,0,0,0,0,0,0,,,,28,0,13,15,25,3,0,3,10,72,1.71,85,18,5947.34,-1.3243189297858935,-1.3653655839919276,-1.4304795618038522,-1.983482129898367,,2,Limited Tournament Impact,0.17744189043144507,5.5,
Angus Gunn,SCO,GK,0.0,306.0,0,0,0,0,0,0,0,0.0,0.0,0,119,90,76,0,0,0,0,0,1,100,0,0,0,0,0,0,0,0,0,0,9.0,75.0,64.0,21,0,0,21,15,6,0,0,3,224,3.43,29,6,17506.02,-1.3243189297858935,-0.0473258480497594,-1.631956563153904,-1.8102206965007623,1.852011488991872,-1,Goalkeeper,0.2701286695511107,8.3,45.0
Anibal Godoy,PAN,MF,0.0,11.0,0,0,0,0,0,0,0,0.0,0.0,0,8,8,100,1,0,0,1,100,1,0,0,0,2,1,0,1,0,0,0,0,,,,4,1,2,1,1,3,0,1,3,18,2.1,18,4,1239.04,-1.3243189297858935,-0.4354879808727045,-1.3761447070266966,-2.7965050451010423,,2,Limited Tournament Impact,0.20751156065823076,6.4,
Anis Hadj Moussa,ALG,FW,0.0,114.0,0,1,2,0,2,0,0,0.15,0.0,5,36,25,69,4,50,8,5,60,1,100,0,3,34,1,0,2,0,0,0,0,,,,50,24,22,4,15,35,2,20,27,95,4.9,151,60,12312.89,-0.0983493877239599,1.5908063488153013,-0.6625433793879137,-0.2148154371400754,,0,Balanced Contributors,0.631457277240944,19.4,
Anis Slimane,TUN,MF,0.0,257.0,0,1,1,0,1,0,1,0.11,0.0,2,75,59,79,4,50,0,2,50,2,100,0,5,92,5,0,0,0,0,0,2,,,,180,57,85,38,149,31,0,30,42,162,7.16,408,123,30657.94,-0.3472882024360932,1.0704232384715355,0.0070556054127458,3.7552376634779465,,3,Complete Midfielders,0.880654923205668,27.1,
Ante Budimir,CRO,FW,1.0,168.0,0,1,3,33,3,0,1,0.46,2.18,0,10,6,60,0,0,0,2,0,0,0,0,13,76,13,6,4,0,0,0,0,,,,76,65,10,1,68,8,1,14,16,37,4.99,180,94,18722.29,1.4240422142254698,-1.7367698200821235,1.5092526414876442,0.3008180486647119,,0,Balanced Contributors,0.6732420156834324,20.7,
Anthony Elanga,SWE,FW,2.0,247.0,0,3,3,67,2,1,0,0.53,3.77,1,76,60,79,12,0,3,9,33,0,0,0,10,31,1,0,7,0,0,0,1,,,,110,47,56,7,40,70,7,39,59,192,5.94,211,118,24265.7,2.852394830376394,0.7855721977628399,0.600705446386979,2.7091597277972905,,1,Dynamic Attackers,0.9724572358222953,29.9,
Anthony Gordon,ENG,FW,1.0,442.0,3,4,6,17,6,0,2,0.7,1.43,0,113,96,85,10,20,10,18,72,0,0,0,24,115,12,3,9,0,0,0,0,,,,173,65,77,31,72,101,9,74,91,257,4.96,384,189,36323.52,4.3906180615263,2.9551822688838665,3.4255807972525907,5.601024765134319,,5,Elite All-Round Performers,1.6459869687920325,50.6,
Anthony Ralston,SCO,DF,0.0,23.0,0,1,1,0,1,0,0,0.02,0.0,0,5,5,100,1,100,1,1,100,1,100,0,2,9,2,2,0,0,0,0,0,,,,5,1,3,1,0,5,0,3,3,16,4.9,35,13,2807.5,-0.7872729417039582,1.1454956106620175,-1.284408451841203,-2.386214744231101,,0,Balanced Contributors,0.38308195709063264,11.8,
Anthony Valencia,ECU,MF,0.0,0.0,0,0,0,0,0,0,0,0.0,0.0,0,0,0,0,0,0,0,0,0,0,0,0,0,0,0,0,0,0,0,0,0,,,,0,0,0,0,0,0,0,0,0,0,0.0,0,0,0.0,-1.3243189297858935,-2.4642577606874845,-1.631956563153904,-3.2142549945655188,,2,Limited Tournament Impact,0.0,0.0,
Antoine Mendy,SEN,DF,0.0,0.0,0,0,0,0,0,0,0,0.0,0.0,0,0,0,0,0,0,0,0,0,0,0,0,0,0,0,0,0,0,0,0,0,,,,0,0,0,0,0,0,0,0,0,0,0.0,0,0,0.0,-1.3243189297858935,-2.4642577606874845,-1.631956563153904,-3.2142549945655188,,2,Limited Tournament Impact,0.0,0.0,
Antoine Semenyo,GHA,MF,0.0,414.0,0,0,6,0,3,3,1,0.26,0.0,0,68,52,76,5,0,5,5,60,0,0,0,26,123,20,6,4,0,0,0,4,,,,92,45,33,14,54,38,3,44,50,176,5.78,285,167,39933.84,0.8649770139926896,0.3462086486260263,3.271323609275319,2.5071307768003366,,3,Complete Midfielders,1.118393598190511,34.4,
Antonee Robinson,USA,DF,0.0,399.0,0,0,0,0,0,0,0,0.0,0.0,3,221,181,82,18,22,10,13,46,2,50,0,14,66,18,4,1,1,0,0,0,,,,163,52,58,53,17,146,10,49,74,481,5.27,556,206,43815.48,-1.1371625714266136,4.349929918107686,1.2525523532166225,5.829991631735867,,3,Complete Midfielders,1.3516172843969345,41.6,
Antonio Nusa,NOR,FW,1.0,357.0,0,2,6,17,4,2,0,0.37,2.7,0,83,62,75,7,14,10,6,33,1,100,0,7,112,16,1,5,1,0,0,2,,,,149,27,110,12,39,110,1,62,67,234,6.08,411,176,35679.45,2.0880402153306106,1.9467198920673945,1.891116312674871,4.258483817557666,,1,Dynamic Attackers,1.2533236013642002,38.5,
Antonio Ruediger,GER,DF,0.0,300.0,0,0,1,0,0,1,0,0.04,0.0,0,246,230,93,1,0,0,4,25,0,0,0,5,14,4,1,0,0,0,0,0,,,,11,0,1,10,5,6,0,2,19,514,5.87,258,72,28802.14,-0.9884170724416448,0.9040278048776244,-0.918869334489712,-0.4236571582413198,,0,Balanced Contributors,0.5080719463442187,15.6,
Antonio Sanabria,PAR,FW,0.0,95.0,0,0,0,0,0,0,0,0.0,0.0,0,10,7,70,0,0,0,0,0,0,0,0,4,38,2,1,2,0,0,0,0,,,,5,3,2,0,4,1,2,12,9,26,2.48,113,45,9967.8,-1.3243189297858935,-1.82536528362935,-0.4943099128703033,-1.9434839947856697,,2,Limited Tournament Impact,0.2366543436942407,7.3,
Ao Tanaka,JPN,MF,0.0,225.0,0,0,2,0,0,2,0,0.16,0.0,0,160,145,91,0,0,3,1,0,0,0,0,12,89,34,6,2,0,0,0,0,,,,119,2,33,84,103,16,0,7,38,331,4.57,285,67,23492.09,-0.5902534898990979,-0.0640911718919367,2.540333028758142,1.4672850339000256,,3,Complete Midfielders,0.9003074307805978,27.7,
Arda Guler,TUR,FW,1.0,313.0,0,4,12,8,3,9,0,0.75,1.34,11,198,170,86,14,29,6,9,67,5,80,0,12,62,7,3,10,0,0,0,2,,,,268,40,122,106,157,111,6,46,89,455,6.43,425,120,33635.28,5.199653000429023,4.325408124329441,1.954581012779968,6.94685711369647,,5,Elite All-Round Performers,1.7152141368007037,52.7,
Ardon Jashari,SUI,MF,0.0,87.0,0,0,2,0,0,2,0,0.03,0.0,0,30,25,83,1,0,0,3,67,1,0,0,3,33,4,2,1,0,0,0,0,,,,31,9,16,6,26,5,0,11,17,72,3.45,158,53,10276.82,-0.6914287933463331,-0.4995085435046134,-0.6609019202017354,-1.2383895559831777,,0,Balanced Contributors,0.387576693869672,11.9,
Arjany Martha,CUW,MF,0.0,0.0,0,0,0,0,0,0,0,0.0,0.0,0,0,0,0,0,0,0,0,0,0,0,0,0,0,0,0,0,0,0,0,0,,,,0,0,0,0,0,0,0,0,0,0,0.0,0,0,0.0,-1.3243189297858935,-2.4642577606874845,-1.631956563153904,-3.2142549945655188,,2,Limited Tournament Impact,0.0,0.0,
Armando Gonzalez,MEX,FW,0.0,21.0,0,0,0,0,0,0,0,0.0,0.0,0,1,1,100,0,0,0,0,0,0,0,0,0,7,0,1,0,0,0,0,0,,,,7,4,3,0,5,2,0,4,4,5,1.18,25,14,2086.01,-1.3243189297858935,-1.6449990285391731,-1.5543883152115403,-2.7285990661136545,,2,Limited Tournament Impact,0.09981010390351536,3.1,
Armando Obispo,CUW,DF,0.0,300.0,0,0,0,0,0,0,0,0.0,0.0,0,97,87,90,0,0,1,1,100,1,100,0,4,24,9,1,0,0,0,0,1,,,,16,0,4,12,8,8,0,1,21,214,5.34,189,65,26713.78,-1.3243189297858935,0.9476107790790436,-0.5624080995687367,-0.8991589681847363,,0,Balanced Contributors,0.5066649666348032,15.6,
Armin Gigovic,BIH,MF,0.0,95.0,0,0,0,0,0,0,0,0.0,0.0,0,24,17,71,0,0,0,0,0,1,0,0,4,33,4,0,1,0,0,0,0,,,,24,3,11,10,14,10,0,4,18,53,3.43,142,62,10900.97,-1.3243189297858935,-1.5120037924085472,-0.5985862010530235,-1.4531761143581368,,2,Limited Tournament Impact,0.27940924538419426,8.6,
Arthur Masuaku,COD,DF,0.0,340.0,1,0,0,0,0,0,0,0.0,0.0,6,169,141,83,14,21,2,6,67,5,80,0,9,102,10,0,4,0,0,0,0,,,,60,6,31,23,11,49,0,12,38,363,5.79,343,114,32800.85,-0.5417144488840013,3.3455578440354263,1.3633212973303612,1.1056918323906184,,3,Complete Midfielders,1.0295360629147157,31.7,
Arthur Theate,BEL,DF,0.0,268.0,0,1,5,0,3,2,2,0.25,0.0,0,164,153,93,0,0,0,0,0,0,0,0,3,10,6,1,0,0,0,0,0,,,,22,0,0,22,8,14,0,3,40,353,3.15,249,82,27207.18,1.0432522666264594,-0.3732388656310475,-0.9646394173791052,-0.4659360291742779,,0,Balanced Contributors,0.4757056133350245,14.6,
Arya Yousefi,IRN,DF,0.0,51.0,0,1,1,0,1,0,0,0.06,0.0,0,18,16,89,0,0,1,0,0,0,0,0,1,12,2,0,1,0,0,0,0,,,,19,6,12,1,8,11,1,7,21,42,2.27,84,31,5813.32,-0.7561420791048089,-1.5028206369340331,-1.141424170844203,-1.8340520187400515,,2,Limited Tournament Impact,0.22478672740245478,6.9,
Assan Ouedraogo,GER,MF,0.0,0.0,0,0,0,0,0,0,0,0.0,0.0,0,0,0,0,0,0,0,0,0,0,0,0,0,0,0,0,0,0,0,0,0,,,,0,0,0,0,0,0,0,0,0,0,0.0,0,0,0.0,-1.3243189297858935,-2.4642577606874845,-1.631956563153904,-3.2142549945655188,,2,Limited Tournament Impact,0.0,0.0,
Assane Diao,SEN,FW,0.0,16.0,0,0,0,0,0,0,0,0.0,0.0,0,12,12,100,0,0,2,3,33,0,0,0,1,3,0,0,0,0,0,0,0,,,,19,5,10,4,5,14,0,12,8,29,1.72,23,12,1835.5,-1.3243189297858935,-0.8337673505243731,-1.5363973091727507,-2.273444482933128,,2,Limited Tournament Impact,0.1913148693713158,5.9,
Assim Madibo,QAT,MF,0.0,140.0,0,0,0,0,0,0,0,0.0,0.0,0,33,27,82,0,0,1,1,0,0,0,0,2,51,7,2,1,0,1,0,0,,,,18,0,7,11,12,6,0,3,21,75,6.04,208,30,14695.95,-1.3243189297858935,-1.3633754543333492,-0.3389773275788687,-1.2640731238527154,,2,Limited Tournament Impact,0.32772655401510203,10.1,
Aubrey Modiba,RSA,DF,0.0,381.0,0,1,5,0,1,4,0,0.12,0.0,2,139,115,83,8,50,1,9,33,1,100,0,12,67,14,4,6,1,0,0,2,,,,96,27,48,21,19,77,2,26,54,308,5.96,442,154,37864.78,0.634409099347165,2.2069711727521493,1.7529122827271242,2.714759972877949,,3,Complete Midfielders,1.1165847864477778,34.3,
Augustine Boakye,GHA,MF,0.0,0.0,0,0,0,0,0,0,0,0.0,0.0,0,0,0,0,0,0,0,0,0,0,0,0,0,0,0,0,0,0,0,0,0,,,,0,0,0,0,0,0,0,0,0,0,0.0,0,0,0.0,-1.3243189297858935,-2.4642577606874845,-1.631956563153904,-3.2142549945655188,,2,Limited Tournament Impact,0.0,0.0,
Aurele Amenda,SUI,DF,0.0,0.0,0,0,0,0,0,0,0,0.0,0.0,0,0,0,0,0,0,0,0,0,0,0,0,0,0,0,0,0,0,0,0,0,,,,0,0,0,0,0,0,0,0,0,0,0.0,0,0,0.0,-1.3243189297858935,-2.4642577606874845,-1.631956563153904,-3.2142549945655188,,2,Limited Tournament Impact,0.0,0.0,
Aurelien Tchouameni,FRA,MF,0.0,407.0,1,0,3,0,1,2,0,0.11,0.0,0,254,239,94,2,0,0,1,100,2,100,0,23,68,20,4,3,1,0,0,0,,,,178,2,35,141,137,41,1,8,64,537,3.79,637,155,45082.82,0.0549456826359275,2.5088724602174994,2.3028551812544835,4.369369273623693,,3,Complete Midfielders,1.2702679976284932,39.1,
Auston Trusty,USA,DF,1.0,123.0,0,2,3,33,3,0,1,0.27,3.7,0,50,38,76,2,0,0,2,0,1,100,0,5,31,6,2,0,0,0,0,0,,,,18,3,5,10,3,15,2,5,11,108,2.43,145,44,12844.54,1.6449681069823512,-0.2648666316038977,-0.6073032352545901,-1.544238407258758,,0,Balanced Contributors,0.47825289206496324,14.7,
Avazbek Ulmasaliyev,UZB,DF,0.0,0.0,0,0,0,0,0,0,0,0.0,0.0,0,0,0,0,0,0,0,0,0,0,0,0,0,0,0,0,0,0,0,0,0,,,,0,0,0,0,0,0,0,0,0,0,0.0,0,0,0.0,-1.3243189297858935,-2.4642577606874845,-1.631956563153904,-3.2142549945655188,,2,Limited Tournament Impact,0.0,0.0,
Awer Mabil,AUS,FW,0.0,31.0,0,0,1,0,0,1,0,0.03,0.0,0,8,5,63,1,0,0,0,0,0,0,0,1,20,0,0,1,0,0,0,0,,,,17,7,9,1,10,7,0,3,4,20,1.75,55,20,3742.93,-0.9961997880914322,-1.8406457543230477,-1.1759608131423116,-2.353754814287281,,2,Limited Tournament Impact,0.15593546589036197,4.8,
Axel Tuanzebe,COD,DF,0.0,409.0,0,0,0,0,0,0,0,0.0,0.0,0,155,140,90,0,0,0,0,0,2,100,0,6,20,10,3,3,0,0,0,0,,,,48,2,5,41,30,18,0,0,49,314,5.59,311,128,38203.61,-1.3243189297858935,0.6360634702014996,0.0956610558175518,0.7529299127115102,,0,Balanced Contributors,0.6442946008569839,19.8,
Axel Witsel,BEL,MF,0.0,42.0,0,0,0,0,0,0,0,0.0,0.0,0,9,8,89,0,0,0,0,0,0,0,0,1,21,3,2,1,1,0,0,0,,,,5,1,1,3,4,1,0,0,2,21,2.62,84,21,5128.36,-1.3243189297858935,-1.6709997853547662,-0.980100532087902,-2.5130098089652937,,2,Limited Tournament Impact,0.1672388064654907,5.1,
Ayase Ueda,JPN,FW,2.0,349.0,1,4,9,22,5,4,2,0.63,3.15,0,35,26,74,1,0,4,4,50,0,0,0,11,173,9,6,4,0,0,0,1,,,,165,82,80,3,141,24,2,45,59,117,6.28,385,141,36607.93,5.158227920696938,-0.4151646736351761,2.213123359069926,3.99004246134646,,1,Dynamic Attackers,1.1975761009670234,36.8,
Aymen Dahmen,TUN,GK,0.0,198.0,0,0,0,0,0,0,0,0.0,0.0,0,48,24,50,0,0,0,1,100,1,0,0,0,0,0,0,1,0,0,0,0,6.0,51.0,44.0,16,0,0,16,9,7,0,0,1,86,1.57,9,0,7797.05,-1.3243189297858935,-0.6665103572273045,-1.459900097840634,-2.48946182163919,0.8720333100415526,-1,Goalkeeper,0.19924015509355708,6.1,30.6
Aymen Hussein,IRQ,FW,1.0,128.0,0,1,3,33,3,0,3,0.18,5.42,0,16,12,75,0,0,0,3,67,0,0,1,5,60,3,2,1,0,0,0,0,,,,78,47,28,3,59,19,1,20,18,43,3.97,126,54,12557.87,1.958943159451852,-0.9411305691600392,-0.2986717026713136,-0.0203912245389642,,0,Balanced Contributors,0.5568668790598517,17.1,
Aymeric Laporte,ESP,DF,0.0,713.0,1,1,4,0,2,2,2,0.15,0.0,0,568,533,94,0,0,0,10,60,7,100,0,21,31,3,4,2,1,0,0,0,,,,93,6,3,84,42,51,0,4,64,1181,5.84,610,183,69378.47,1.0978958877112888,6.442261156380451,0.5490820989744118,4.126823587723699,,3,Complete Midfielders,1.4263101787397239,43.9,
Ayoub Aloui,QAT,DF,0.0,170.0,0,0,0,0,0,0,0,0.0,0.0,0,28,11,39,1,0,0,4,0,0,0,0,2,38,5,1,0,0,0,0,0,,,,23,4,12,7,2,21,1,2,11,57,3.76,170,55,15912.29,-1.3243189297858935,-1.5795112134263791,-0.7782751790173386,-1.3257268421115715,,2,Limited Tournament Impact,0.2638425660385992,8.1,
Ayoub El Kaabi,MAR,FW,0.0,74.0,0,2,3,0,3,0,0,0.31,0.0,0,10,7,70,0,0,1,0,0,0,0,0,2,25,7,1,1,0,0,0,3,,,,59,45,12,2,39,20,2,10,14,31,1.16,108,59,8709.76,0.2357273555228645,-1.7288206822081795,-0.6270879627933625,-0.8431613545132389,,2,Limited Tournament Impact,0.352230569922935,10.8,
Ayoube Amaimouni,MAR,FW,0.0,33.0,0,1,2,0,2,0,0,0.29,0.0,0,9,8,89,1,0,2,0,0,1,0,0,4,10,3,1,0,0,0,0,0,,,,12,8,3,1,6,6,1,11,12,30,2.77,73,35,4598.41,-0.3013186325590705,-1.2150175877451663,-1.0871028010073225,-2.0037789132381194,,2,Limited Tournament Impact,0.25915479638046657,8.0,
Ayumu Seko,JPN,DF,0.0,97.0,0,0,0,0,0,0,0,0.0,0.0,0,50,42,84,0,0,0,2,0,0,0,0,1,3,2,1,0,0,0,0,0,,,,7,1,0,6,4,3,0,2,9,107,3.05,105,26,9712.91,-1.3243189297858935,-1.2218529849880069,-1.413211240654798,-2.1110337188082515,,2,Limited Tournament Impact,0.18284021012138285,5.6,
Ayyoub Bouaddi,MAR,MF,0.0,425.0,0,0,3,0,0,3,0,0.14,0.0,0,264,237,90,0,0,6,1,100,1,100,0,23,113,36,3,6,0,0,0,0,,,,174,19,51,104,117,57,0,19,111,578,5.57,586,166,47487.66,-0.3010479264535732,2.766363563721024,4.303166147824539,5.111739866404186,,3,Complete Midfielders,1.518733631488905,46.7,
Azarias Londono,PAN,FW,0.0,76.0,0,0,1,0,0,1,0,0.01,0.0,0,21,20,95,1,0,2,2,50,0,0,0,1,24,3,1,0,0,0,0,0,,,,30,14,16,0,13,17,0,14,10,56,6.8,100,41,8536.29,-1.0117652193910067,-0.6952530816285702,-1.1189134625687305,-1.104304858070836,,2,Limited Tournament Impact,0.3232283011879843,9.9,
Aziz Behich,AUS,DF,0.0,245.0,0,1,1,0,1,0,0,0.02,0.0,0,82,60,73,6,17,1,1,0,1,100,0,9,55,7,1,4,0,0,0,0,,,,69,24,30,15,8,61,4,17,45,178,5.04,341,105,26853.33,-0.7872729417039582,0.3148669299280424,0.6577268155118474,1.3081146424880794,,0,Balanced Contributors,0.7269935667746816,22.4,
Azizbek Amonov,UZB,FW,0.0,23.0,0,0,1,0,0,1,0,0.01,0.0,0,6,5,83,1,0,2,0,0,1,100,0,1,4,0,0,0,0,0,0,0,,,,24,15,7,2,17,7,1,4,9,17,2.27,36,16,2708.07,-1.0117652193910067,-0.5708999574132949,-1.52531613089527,-2.093236340158894,,2,Limited Tournament Impact,0.23477721745000896,7.2,
Azizjon Ganiev,UZB,MF,0.0,140.0,0,0,1,0,0,1,0,0.01,0.0,1,59,48,81,6,0,1,3,0,1,100,0,6,79,11,2,1,0,0,0,0,,,,35,7,23,5,13,22,2,19,28,138,4.49,216,96,15858.11,-0.94937976660458,0.2731105632282756,0.4669306778213392,-0.2438195162100751,,0,Balanced Contributors,0.6080961086702683,18.7,
Azzedine Ounahi,MAR,MF,2.0,477.0,0,3,5,40,1,4,0,0.33,6.13,2,315,281,89,6,33,8,17,65,3,100,0,26,199,17,3,7,1,0,0,0,,,,316,51,144,121,177,139,2,81,126,683,6.59,654,266,53453.19,3.2615373700098496,5.484224118107994,4.444883451526721,9.999048320527624,,5,Elite All-Round Performers,2.1599074191177188,66.4,
Baba Rahman,GHA,DF,0.0,1.0,0,0,0,0,0,0,0,0.0,0.0,0,0,0,0,0,0,0,0,0,0,0,0,0,0,0,0,0,0,0,0,0,,,,0,0,0,0,0,0,0,0,0,0,1.83,2,1,168.97,-1.3243189297858935,-2.4642577606874845,-1.631956563153904,-3.0241923324410327,,2,Limited Tournament Impact,0.0111288235271782,0.3,
Bae Junho,KOR,MF,0.0,0.0,0,0,0,0,0,0,0,0.0,0.0,0,0,0,0,0,0,0,0,0,0,0,0,0,0,0,0,0,0,0,0,0,,,,0,0,0,0,0,0,0,0,0,0,0.0,0,0,0.0,-1.3243189297858935,-2.4642577606874845,-1.631956563153904,-3.2142549945655188,,2,Limited Tournament Impact,0.0,0.0,
Bamba Dieng,SEN,FW,0.0,16.0,0,0,0,0,0,0,0,0.0,0.0,0,3,3,100,0,0,0,0,0,0,0,0,2,15,0,0,0,0,0,0,0,,,,5,3,2,0,5,0,0,1,1,5,1.68,28,15,1882.12,-1.3243189297858935,-1.6281072458900914,-1.3411074506942724,-2.780814476484013,,2,Limited Tournament Impact,0.11917057055066596,3.7,
Bara Sapoko Ndiaye,SEN,MF,0.0,36.0,0,1,1,0,0,1,0,0.04,0.0,0,10,9,90,1,100,0,0,0,0,0,0,2,11,3,0,2,0,0,0,0,,,,21,3,10,8,15,6,0,3,6,27,1.62,56,15,3984.92,-0.7427575022599141,-0.8044049654766866,-0.8565401304007252,-2.292715172410112,,2,Limited Tournament Impact,0.2809095066585916,8.6,
Baris Alper Yilmaz,TUR,FW,1.0,200.0,1,0,1,100,0,1,0,0.06,16.87,0,38,29,76,15,0,7,12,67,2,0,0,24,37,5,4,1,0,0,0,2,,,,103,65,34,4,47,56,8,43,49,119,6.43,228,106,21165.94,2.5096781366944825,1.9745282353129856,0.7536459292901134,2.470607613044556,,1,Dynamic Attackers,1.0535910137138793,32.4,
Bart Verbruggen,NED,GK,0.0,432.0,0,0,0,0,0,0,0,0.0,0.0,0,123,89,72,0,0,0,2,0,0,0,0,0,0,0,0,0,0,0,0,0,17.0,57.0,54.0,28,0,0,28,22,6,0,0,0,237,2.99,35,6,21588.04,-1.3243189297858935,-0.8164408071492912,-1.631956563153904,-1.656403440339053,2.1154499953196817,-1,Goalkeeper,0.21933613962073834,6.7,48.9
Bazoumana Toure,CIV,FW,0.0,94.0,0,0,0,0,0,0,0,0.0,0.0,1,23,16,70,4,0,2,1,0,1,100,0,2,38,2,0,1,0,0,0,0,,,,32,16,16,0,8,24,3,13,22,69,4.99,131,53,10594.52,-1.261933476999467,-0.2968640800164203,-0.7909978164809973,-0.7675391562595457,,0,Balanced Contributors,0.39726451970632226,12.2,
Behruzjon Karimov,UZB,DF,0.0,203.0,0,0,2,0,0,2,0,0.03,0.0,0,55,43,78,2,50,5,3,33,2,0,0,5,55,7,8,4,0,0,0,0,,,,60,8,42,10,7,53,1,12,30,125,4.08,233,107,20671.11,-0.6914287933463331,0.5097415408581547,0.4084639389169997,0.281835522870742,,0,Balanced Contributors,0.6608764125472345,20.3,
Ben Gannon Doak,SCO,FW,0.0,204.0,0,0,4,0,2,2,0,0.14,0.0,0,52,47,90,7,29,3,1,100,0,0,0,13,71,6,3,1,0,0,0,0,,,,74,39,24,11,21,53,5,30,44,142,6.19,200,96,20888.71,-0.0541769479974129,0.4980609148121289,0.5065261143475966,1.3475534030867815,,0,Balanced Contributors,0.7552670768362278,23.2,
Ben Old,NZL,MF,0.0,112.0,0,0,0,0,0,0,0,0.0,0.0,0,33,25,76,1,0,1,2,0,0,0,0,2,28,4,0,1,0,0,0,0,,,,35,17,13,5,17,18,1,12,24,75,6.37,160,74,12151.2,-1.3243189297858935,-1.275385352536882,-0.77862353073785,-0.560331102988223,,2,Limited Tournament Impact,0.3322705857042553,10.2,
Ben Waine,NZL,FW,0.0,0.0,0,0,0,0,0,0,0,0.0,0.0,0,0,0,0,0,0,0,0,0,0,0,0,0,0,0,0,0,0,0,0,0,,,,0,0,0,0,0,0,0,0,0,0,0.0,0,0,0.0,-1.3243189297858935,-2.4642577606874845,-1.631956563153904,-3.2142549945655188,,2,Limited Tournament Impact,0.0,0.0,
Benjamin Asare,GHA,GK,0.0,259.0,0,0,0,0,0,0,0,0.0,0.0,0,59,41,69,0,0,0,4,25,0,0,0,0,0,0,0,1,0,0,0,0,8.0,55.0,47.0,10,1,0,9,7,3,0,0,0,87,1.85,8,2,10835.06,-1.3243189297858935,-0.9370741152648456,-1.459900097840634,-2.527969448028437,1.1625163671164296,-1,Goalkeeper,0.17594893787125387,5.4,34.8
Benjamin Nygren,SWE,MF,0.0,149.0,0,0,1,0,0,1,0,0.03,0.0,3,50,46,92,6,33,2,4,50,0,0,0,4,71,13,3,0,0,0,0,0,,,,81,16,55,10,51,30,1,17,33,119,7.73,282,104,18972.62,-0.8090434297321523,0.2393661878902738,0.2047794165087535,1.134808996824476,,0,Balanced Contributors,0.6653633906036341,20.5,
Benjamin Tahirovic,BIH,MF,0.0,266.0,0,0,1,0,0,1,0,0.01,0.0,1,107,91,85,2,0,0,2,0,1,100,0,11,84,10,3,2,0,0,0,0,,,,99,5,42,52,69,30,2,8,47,238,6.92,429,116,30616.63,-0.94937976660458,0.2720084298838454,0.9443785960065952,2.043005405017098,,0,Balanced Contributors,0.7891561996549267,24.3,
Bernardo Silva,POR,MF,0.0,133.0,0,0,1,0,1,0,1,0.22,0.0,1,59,55,93,0,0,1,0,0,0,0,0,5,37,6,3,0,2,0,0,0,,,,58,26,12,20,33,25,1,11,17,124,5.94,253,79,16062.63,-0.56972335325659,-1.132863528837522,-0.5408161655897069,0.0717949962092292,,0,Balanced Contributors,0.4313612462984965,13.3,
Besfort Zeneli,SWE,MF,0.0,69.0,0,1,1,0,0,1,0,0.01,0.0,0,38,34,89,2,0,0,2,50,0,0,0,3,35,7,1,0,0,0,0,0,,,,53,12,24,17,36,17,1,10,18,86,3.75,137,51,8630.22,-0.766105649209276,-0.7481781163540097,-0.6260169261831156,-0.7360332329457162,,0,Balanced Contributors,0.3983911359129091,12.2,
Bilal El Khannouss,MAR,MF,0.0,501.0,0,4,6,0,2,4,1,0.28,0.0,2,238,186,78,14,14,6,23,65,2,100,0,15,127,19,5,5,1,0,0,0,,,,157,49,88,20,61,96,8,80,119,543,6.11,554,226,50933.34,2.01690163973651,5.106968100431698,2.7406388428037034,6.634501193315328,,5,Elite All-Round Performers,1.7196309491684632,52.9,
Borja Iglesias,ESP,FW,0.0,1.0,0,0,0,0,0,0,0,0.0,0.0,0,0,0,0,0,0,0,0,0,0,0,0,0,4,0,0,0,0,0,0,0,,,,0,0,0,0,0,0,0,1,0,1,1.12,6,2,251.6,-1.3243189297858935,-2.4642577606874845,-1.587631850043982,-3.0697908451879217,,2,Limited Tournament Impact,0.01284488141674986,0.4,
Botirali Ergashev,UZB,GK,0.0,0.0,0,0,0,0,0,0,0,0.0,0.0,0,0,0,0,0,0,0,0,0,0,0,0,0,0,0,0,0,0,0,0,0,0.0,0.0,0.0,0,0,0,0,0,0,0,0,0,0,0.0,0,0,0.0,-1.3243189297858935,-2.4642577606874845,-1.631956563153904,-3.2142549945655188,-1.2038479457474982,-1,Goalkeeper,0.0,0.0,0.0
Boualem Khoukhi,QAT,DF,0.0,310.0,0,0,2,0,0,2,0,0.07,0.0,0,117,94,80,1,0,0,8,25,3,100,0,5,21,12,2,1,0,0,0,0,,,,27,4,5,18,17,10,0,6,13,236,4.92,226,62,25410.03,-0.6602979307471838,1.3582417019750248,-0.1765003471622671,-0.6878023353033567,,0,Balanced Contributors,0.613321900462762,18.9,
Bradley Barcola,FRA,FW,2.0,379.0,1,4,8,25,6,2,1,1.43,1.4,0,105,94,90,7,14,10,10,70,0,0,0,21,117,17,3,1,1,0,0,1,,,,112,66,32,14,51,61,13,87,78,281,6.1,290,144,37824.34,5.09654730332501,2.019591367806807,2.192309445150136,4.467523903041935,,1,Dynamic Attackers,1.4105331903703786,43.4,
Bradley Cross,RSA,DF,0.0,0.0,0,0,0,0,0,0,0,0.0,0.0,0,0,0,0,0,0,0,0,0,0,0,0,0,0,0,0,0,0,0,0,0,,,,0,0,0,0,0,0,0,0,0,0,0.0,0,0,0.0,-1.3243189297858935,-2.4642577606874845,-1.631956563153904,-3.2142549945655188,,2,Limited Tournament Impact,0.0,0.0,
Brahim Diaz,MAR,FW,0.0,500.0,4,1,6,0,4,2,0,0.31,0.0,1,165,142,86,8,38,15,13,46,0,0,0,15,156,24,3,10,0,0,0,0,,,,197,68,100,29,103,94,6,86,131,414,5.88,524,225,49004.01,2.570983270951717,3.2414334992111784,4.230240510711871,7.216967567007465,,5,Elite All-Round Performers,1.7762556619674292,54.6,
Braian Ojeda,PAR,MF,0.0,28.0,0,0,0,0,0,0,0,0.0,0.0,0,7,6,86,0,0,0,0,0,0,0,0,1,4,1,0,0,0,0,0,0,,,,4,1,2,1,0,4,0,1,2,16,1.14,31,13,2756.42,-1.3243189297858935,-1.7122159532285608,-1.4637230966362935,-2.8167815129395057,,2,Limited Tournament Impact,0.09839205141813498,3.0,
Brandley Kuwas,CUW,FW,0.0,6.0,0,0,0,0,0,0,0,0.0,0.0,0,4,3,75,1,0,0,1,0,0,0,0,0,2,0,0,0,0,0,0,0,,,,5,3,2,0,2,3,0,6,2,11,2.51,16,7,839.63,-1.3243189297858935,-1.6813472176042965,-1.6097942065989432,-2.68948396269106,,2,Limited Tournament Impact,0.09379182881665465,2.9,
Brandon Mechele,BEL,DF,0.0,651.0,0,1,5,0,5,0,4,0.39,0.0,0,399,369,92,0,0,1,4,50,2,100,0,16,48,15,9,2,1,0,0,0,,,,83,5,5,73,37,46,1,9,71,842,6.31,806,227,68409.01,1.5846490551283947,3.492289734085316,1.1649999450557376,4.218301079860144,,3,Complete Midfielders,1.2809672277399868,39.4,
Brandon Thomas Asante,GHA,FW,0.0,70.0,1,0,0,0,0,0,0,0.0,0.0,0,6,3,50,2,50,1,0,0,0,0,0,3,28,0,0,1,0,0,0,1,,,,34,26,8,0,23,11,2,8,8,18,3.14,102,49,7440.82,-0.9160271656025613,-1.4121940993788742,-0.9626799486250436,-1.354247746746981,,2,Limited Tournament Impact,0.27179491657127175,8.4,
Breel Embolo,SUI,FW,2.0,531.0,2,5,10,20,8,2,2,2.58,0.78,0,72,56,78,1,0,2,8,63,0,0,0,40,177,25,9,11,2,1,1,4,,,,153,101,51,1,131,22,10,83,88,199,5.56,468,235,49484.27,7.33148973090613,0.1581987331218826,6.254487732829007,5.80308609573108,,5,Elite All-Round Performers,1.8273152969236266,56.2,
Bremer,BRA,DF,0.0,0.0,0,0,0,0,0,0,0,0.0,0.0,0,0,0,0,0,0,0,0,0,0,0,0,0,0,0,0,0,0,0,0,0,,,,0,0,0,0,0,0,0,0,0,0,0.0,0,0,0.0,-1.3243189297858935,-2.4642577606874845,-1.631956563153904,-3.2142549945655188,,2,Limited Tournament Impact,0.0,0.0,
Brenden Aaronson,USA,FW,0.0,82.0,0,1,3,0,3,0,0,0.46,0.0,0,22,21,95,3,33,0,2,50,0,0,0,6,37,9,2,1,0,0,0,0,,,,42,17,22,3,27,15,4,18,14,67,1.5,127,70,10271.7,0.1068085200879437,-0.5019080170406314,-0.1216648783507958,-0.8144810829582281,,0,Balanced Contributors,0.49462320982866664,15.2,
Brian Brobbey,NED,FW,3.0,245.0,0,3,4,75,4,0,0,1.4,2.14,0,21,18,86,1,0,1,0,0,0,0,0,18,53,2,4,3,0,0,0,2,,,,91,75,13,3,77,14,5,25,28,61,5.72,226,77,22528.72,4.1743596855904,-1.4478176122933808,0.7163842946871416,1.3025174805504345,,1,Dynamic Attackers,0.7760083348762307,23.9,
Brian Cipenga,COD,FW,1.0,160.0,0,1,6,17,2,4,0,0.23,4.32,1,47,28,60,11,18,6,12,8,0,0,0,10,72,14,2,1,0,0,0,1,,,,45,29,11,5,15,30,3,49,48,154,3.34,210,112,17763.24,1.984947193990511,0.8081836775993686,0.8234044092507522,0.588467433595254,,1,Dynamic Attackers,0.840505537982646,25.8,
Brian Gutierrez,MEX,MF,0.0,226.0,0,0,6,0,3,3,0,0.35,0.0,3,60,53,88,6,0,1,2,50,1,100,0,16,69,9,5,3,1,0,0,0,,,,125,33,63,29,82,43,4,29,38,153,5.15,334,112,24453.57,0.8770084203531298,0.6690342429962282,1.2002029486422403,2.425019860589262,,3,Complete Midfielders,0.934182461557352,28.7,
Brian Rodriguez,URU,FW,0.0,61.0,0,1,3,0,1,2,0,0.22,0.0,10,26,19,73,14,7,2,7,71,1,100,0,2,15,1,0,1,0,0,0,0,,,,40,16,18,6,2,38,3,19,18,77,6.31,90,35,6497.61,0.6017778886462529,1.4823959698882705,-1.107457951122026,-0.6221656355042148,,0,Balanced Contributors,0.5806339157919724,17.9,
Brice Samba,FRA,GK,0.0,0.0,0,0,0,0,0,0,0,0.0,0.0,0,0,0,0,0,0,0,0,0,0,0,0,0,0,0,0,0,0,0,0,0,0.0,0.0,0.0,0,0,0,0,0,0,0,0,0,0,0.0,0,0,0.0,-1.3243189297858935,-2.4642577606874845,-1.631956563153904,-3.2142549945655188,-1.2038479457474982,-1,Goalkeeper,0.0,0.0,0.0
Bruno Fernandes,POR,MF,0.0,471.0,1,3,9,0,5,4,0,0.95,0.0,8,278,239,86,22,23,3,20,65,10,90,0,27,247,20,2,8,0,0,0,1,,,,251,53,135,63,150,101,5,86,115,640,6.4,572,219,50225.1,3.657582065947386,7.118456400268785,5.395931296084696,8.42948643160979,,5,Elite All-Round Performers,2.3035891428397726,70.8,
Bruno Guimaraes,BRA,MF,0.0,458.0,4,2,8,0,5,3,1,1.02,0.0,8,200,161,81,12,17,0,15,33,4,75,0,37,159,15,4,7,0,0,0,0,,,,339,56,156,127,258,81,5,51,92,459,7.16,739,158,54744.12,4.631675195965989,3.4721674510910976,4.563923162545377,9.378072743445212,,5,Elite All-Round Performers,2.028756674635253,62.4,
Bukayo Saka,ENG,FW,0.0,308.0,3,3,8,0,7,1,1,0.5,0.0,4,76,62,82,19,21,10,6,67,1,100,0,6,68,18,4,7,0,0,0,3,,,,87,44,28,15,37,50,18,52,48,234,6.32,399,159,31941.59,3.756899960740802,3.003000015911901,1.808527748461509,3.6941034679058817,,1,Dynamic Attackers,1.3549724396201894,41.7,
Caglar Soyuncu,TUR,DF,0.0,15.0,0,0,0,0,0,0,0,0.0,0.0,0,4,3,75,0,0,0,0,0,0,0,0,0,1,1,0,0,0,0,0,0,,,,4,0,0,4,3,1,0,0,1,8,1.8,9,3,1394.51,-1.3243189297858935,-1.8267430396927973,-1.5592823506174471,-2.8924358827236847,,2,Limited Tournament Impact,0.07560193582572647,2.3,
Caleb Yirenkyi,GHA,MF,1.0,307.0,0,1,2,50,2,0,0,0.75,1.33,0,70,62,89,1,0,2,4,25,0,0,0,12,128,14,7,3,2,0,0,0,,,,64,29,18,17,44,20,2,20,61,165,6.84,460,136,34220.54,1.2659484622081978,-0.3867645796617159,1.912694761713626,1.7550947846863776,,1,Dynamic Attackers,0.8975256763213011,27.6,
Callan Elliot,NZL,DF,0.0,18.0,0,0,0,0,0,0,0,0.0,0.0,0,6,4,67,0,0,0,0,0,0,0,0,0,4,1,0,0,0,0,0,0,,,,1,0,1,0,0,1,0,0,3,11,2.07,19,8,1875.73,-1.3243189297858935,-1.879094759230922,-1.5260388157850056,-2.854083329072262,,2,Limited Tournament Impact,0.07706674433262922,2.4,
Callum Mccowatt,NZL,MF,0.0,173.0,0,3,4,0,3,1,1,0.21,0.0,0,93,78,84,2,0,1,3,33,0,0,0,9,55,11,4,1,1,0,0,0,,,,110,32,55,23,59,51,3,22,53,205,7.24,334,110,20963.57,0.953500156798747,-0.3248655113830147,0.3879295566079422,2.330393839664488,,0,Balanced Contributors,0.7737737814290455,23.8,
Cameron Burgess,AUS,DF,0.0,152.0,0,0,0,0,0,0,0,0.0,0.0,0,56,45,80,0,0,0,2,50,1,0,1,2,14,9,0,0,0,0,0,0,,,,9,0,1,8,3,6,0,0,20,113,2.9,147,33,15035.64,-1.3243189297858935,-0.6119861903074286,-0.7978513206409658,-1.8184521489120569,,2,Limited Tournament Impact,0.3082802472578316,9.5,
Cameron Devlin,AUS,MF,0.0,0.0,0,0,0,0,0,0,0,0.0,0.0,0,0,0,0,0,0,0,0,0,0,0,0,0,0,0,0,0,0,0,0,0,,,,0,0,0,0,0,0,0,0,0,0,0.0,0,0,0.0,-1.3243189297858935,-2.4642577606874845,-1.631956563153904,-3.2142549945655188,,2,Limited Tournament Impact,0.0,0.0,
Camilo Vargas,COL,GK,0.0,541.0,0,0,0,0,0,0,0,0.0,0.0,0,202,157,78,0,0,0,10,20,0,0,0,0,0,0,0,0,0,0,0,0,7.0,57.0,54.0,53,0,0,53,30,23,0,0,3,368,2.57,27,9,23127.14,-1.3243189297858935,0.7075848844785293,-1.631956563153904,-0.9855677520011256,1.2282064688195584,-1,Goalkeeper,0.37710961452738156,11.6,35.8
Can Uzun,TUR,FW,0.0,55.0,0,1,4,0,3,1,0,0.39,0.0,0,24,22,92,0,0,4,0,0,0,0,0,4,9,3,0,1,0,0,0,0,,,,24,5,6,13,13,11,1,9,20,64,4.39,92,27,6108.16,0.3571005052845317,-1.138187099498565,-0.9261275139715326,-1.5050012268539092,,2,Limited Tournament Impact,0.3342267267343144,10.3,
Carl Sainte,HAI,MF,0.0,0.0,0,0,0,0,0,0,0,0.0,0.0,0,0,0,0,0,0,0,0,0,0,0,0,0,0,0,0,0,0,0,0,0,,,,0,0,0,0,0,0,0,0,0,0,0.0,0,0,0.0,-1.3243189297858935,-2.4642577606874845,-1.631956563153904,-3.2142549945655188,,2,Limited Tournament Impact,0.0,0.0,
Carl Starfelt,SWE,DF,0.0,10.0,0,0,0,0,0,0,0,0.0,0.0,0,12,11,92,0,0,0,0,0,0,0,0,0,0,0,0,0,0,0,0,0,,,,0,0,0,0,0,0,0,0,1,27,1.66,8,3,1116.66,-1.3243189297858935,-1.6213377261564308,-1.631956563153904,-2.965654199137287,,2,Limited Tournament Impact,0.08009387327108633,2.5,
Carlens Arcus,HAI,DF,0.0,171.0,0,0,0,0,0,0,0,0.0,0.0,0,61,54,89,2,50,0,1,0,0,0,0,12,34,11,5,3,1,0,0,2,,,,41,11,25,5,10,31,0,11,10,124,6.07,247,86,18006.56,-1.3243189297858935,-0.6584839584387981,0.6862849008535271,-0.3177581444526884,,0,Balanced Contributors,0.5393937007171782,16.6,
Carlos Acevedo,MEX,GK,0.0,,0,0,0,0,0,0,0,0.0,0.0,0,0,0,0,0,0,0,0,0,0,0,0,0,0,0,0,0,0,0,0,0,0.0,0.0,0.0,0,0,0,0,0,0,0,0,0,0,0.0,0,0,0.0,-1.3243189297858935,-2.4642577606874845,-1.631956563153904,-3.2142549945655188,-1.2038479457474982,-1,Goalkeeper,0.0,0.0,0.0
Carlos Harvey,PAN,DF,0.0,295.0,0,0,5,0,4,1,2,0.29,0.0,0,107,85,79,1,0,4,3,33,6,67,0,28,53,19,8,3,1,0,0,0,,,,94,10,45,39,63,31,3,23,57,255,6.82,446,118,33573.58,0.7997735508994087,1.6617310279317643,2.3866230685768586,2.397232765053111,,3,Complete Midfielders,1.1243253259041972,34.6,
Carney Chukwuemeka,AUT,MF,0.0,108.0,0,1,2,0,2,0,0,0.56,0.0,0,30,25,83,0,0,1,0,0,0,0,0,7,51,4,2,2,0,0,0,0,,,,39,11,17,11,24,15,1,18,27,77,4.93,160,58,11569.81,-0.0911853100148126,-1.4632541362528833,-0.040121369298968,-0.623751647637794,,0,Balanced Contributors,0.43190846979547093,13.3,
Casemiro,BRA,MF,1.0,425.0,0,2,4,25,2,2,2,0.66,1.51,0,224,200,89,4,25,1,8,50,4,100,0,20,103,26,6,6,2,0,0,0,,,,114,6,37,71,85,29,2,15,79,487,6.37,449,116,45002.51,2.2530001732409803,3.2047562201892945,3.389476865013835,3.2023707816968896,,3,Complete Midfielders,1.443566898695774,44.4,
Castrop Jens,KOR,DF,0.0,51.0,0,0,0,0,0,0,0,0.0,0.0,0,30,27,90,4,25,1,2,100,1,100,0,2,13,5,3,0,0,0,0,0,,,,19,4,15,0,3,16,3,13,12,65,2.16,40,32,5519.79,-1.3243189297858935,0.9308039866446524,-1.0553046359543516,-1.7420274970964904,,0,Balanced Contributors,0.40723240061640853,12.5,
Cecilio Waterman,PAN,FW,0.0,85.0,0,1,2,0,2,0,0,0.05,0.0,0,10,7,70,0,0,0,1,0,0,0,0,7,19,2,1,1,0,0,0,0,,,,19,14,5,0,17,2,1,12,13,26,3.89,82,34,8772.9,-0.4881038081539663,-1.738337672353896,-0.6899616080095679,-1.6570039889420822,,2,Limited Tournament Impact,0.27127069574803603,8.3,
Cedric Bakambu,COD,FW,0.0,210.0,0,0,3,0,1,2,1,0.24,0.0,0,23,16,70,1,0,2,1,0,0,0,0,7,80,4,2,1,0,0,0,4,,,,155,91,64,0,128,27,2,29,29,63,4.6,256,117,21517.52,-0.0070013852532437,-1.3945975711646943,0.1091763354346971,2.576754503564453,,0,Balanced Contributors,0.6424845090026661,19.8,
Cedric Itten,SUI,FW,0.0,62.0,0,0,0,0,0,0,0,0.0,0.0,0,5,3,60,1,0,0,0,0,0,0,0,4,27,6,4,2,0,0,0,0,,,,28,26,2,0,22,6,1,6,7,19,3.63,89,33,7441.56,-1.3243189297858935,-1.8859293386000788,-0.3698307368866838,-1.6273575239750346,,2,Limited Tournament Impact,0.2627731850093018,8.1,
Cesar Blackman,PAN,DF,0.0,187.0,0,1,2,0,2,0,0,0.08,0.0,0,79,69,87,0,0,4,2,100,0,0,0,7,41,12,2,2,1,0,0,1,,,,68,10,47,11,7,61,1,23,51,172,3.91,180,64,18333.59,-0.4647556612046044,0.2252929068424315,0.3418111219980375,0.5120662160967017,,0,Balanced Contributors,0.6538959698075674,20.1,
Cesar Huerta,MEX,FW,0.0,12.0,0,0,0,0,0,0,0,0.0,0.0,0,2,2,100,0,0,0,0,0,0,0,0,0,4,1,0,0,0,0,0,0,,,,3,3,0,0,0,3,0,1,3,5,1.49,21,7,1580.4,-1.3243189297858935,-1.6365531372146325,-1.5260388157850056,-2.865764347160102,,2,Limited Tournament Impact,0.09524050891888619,2.9,
Cesar Montes,MEX,DF,0.0,349.0,0,1,1,0,1,0,1,0.06,0.0,0,170,156,92,2,0,0,5,40,2,100,0,9,14,4,4,4,0,1,0,0,,,,26,2,1,23,13,13,1,3,23,361,5.3,267,84,31113.19,-0.5109726862578832,1.655408730751541,0.0186194033582165,-0.1448631289986865,,0,Balanced Contributors,0.692960150937362,21.3,
Cesar Samudio,PAN,GK,0.0,0.0,0,0,0,0,0,0,0,0.0,0.0,0,0,0,0,0,0,0,0,0,0,0,0,0,0,0,0,0,0,0,0,0,0.0,0.0,0.0,0,0,0,0,0,0,0,0,0,0,0.0,0,0,0.0,-1.3243189297858935,-2.4642577606874845,-1.631956563153904,-3.2142549945655188,-1.2038479457474982,-1,Goalkeeper,0.0,0.0,0.0
Cesar Yanis,PAN,MF,0.0,0.0,0,0,0,0,0,0,0,0.0,0.0,0,0,0,0,0,0,0,0,0,0,0,0,0,0,0,0,0,0,0,0,0,,,,0,0,0,0,0,0,0,0,0,0,0.0,0,0,0.0,-1.3243189297858935,-2.4642577606874845,-1.631956563153904,-3.2142549945655188,,2,Limited Tournament Impact,0.0,0.0,
Chadi Riad,MAR,DF,0.0,390.0,1,0,1,0,1,0,1,0.12,0.0,0,226,212,94,0,0,1,1,0,1,100,0,7,30,12,0,1,0,0,0,0,,,,77,0,3,74,48,29,0,2,22,464,3.94,393,99,38595.32,-0.3016441983575577,1.2515801715405563,0.0478616956324814,1.1098977469851314,,0,Balanced Contributors,0.7455453306708347,22.9,
Chancel Mbemba,COD,DF,0.0,409.0,1,0,1,0,1,0,0,0.05,0.0,0,162,130,80,4,0,2,7,43,3,100,0,9,23,12,1,2,1,0,0,0,,,,35,2,1,32,12,23,0,11,35,340,5.4,347,135,36904.51,-0.6012926007529947,2.124151217717005,0.2669813513008118,0.5891010990292503,,0,Balanced Contributors,0.7936697280217064,24.4,
Charles De Ketelaere,BEL,FW,3.0,385.0,1,5,6,50,6,0,3,1.51,1.98,0,91,72,79,5,0,3,13,46,1,0,0,19,146,18,2,3,0,0,0,2,,,,161,101,56,4,105,56,10,80,82,230,5.32,426,217,40926.71,6.130742412138573,1.1472438925374866,2.794738141785164,5.670616961925557,,1,Dynamic Attackers,1.510405815857267,46.4,
Charles Pickel,COD,MF,0.0,45.0,0,0,1,0,1,0,0,0.1,0.0,0,22,19,86,0,0,0,0,0,2,50,0,3,25,3,2,1,1,0,0,0,,,,24,6,10,8,9,15,0,4,11,46,3.67,77,35,5540.28,-0.9706707866873904,-0.8261829279171761,-0.8111443806805559,-1.7868084538225986,,2,Limited Tournament Impact,0.30503550283263403,9.4,
Che Adams,SCO,FW,0.0,160.0,0,1,1,0,1,0,0,0.15,0.0,0,19,12,63,0,0,0,2,0,0,0,0,6,73,4,4,2,0,0,0,0,,,,63,34,26,3,56,7,3,9,16,41,6.82,192,75,17234.99,-0.686097638256723,-1.649567837700456,0.1413488336568917,0.1824003859995616,,0,Balanced Contributors,0.46092932464276115,14.2,
Chemsdine Talbi,MAR,MF,0.0,217.0,1,0,2,0,1,1,0,0.05,0.0,0,54,47,87,9,11,1,3,33,0,0,0,6,59,7,0,0,0,0,0,0,,,,84,42,31,11,25,59,3,25,34,144,5.75,280,128,23817.14,-0.2965216060078955,-0.0992416279270754,-0.173121490077447,1.539751948624412,,0,Balanced Contributors,0.6440075000670294,19.8,
Cherif Ndiaye,SEN,FW,0.0,0.0,0,0,0,0,0,0,0,0.0,0.0,0,0,0,0,0,0,0,0,0,0,0,0,0,0,0,0,0,0,0,0,0,,,,0,0,0,0,0,0,0,0,0,0,0.0,0,0,0.0,-1.3243189297858935,-2.4642577606874845,-1.631956563153904,-3.2142549945655188,,2,Limited Tournament Impact,0.0,0.0,
Cho Guesung,KOR,FW,0.0,41.0,0,1,2,0,2,0,2,0.51,0.0,0,7,4,57,0,0,0,0,0,0,0,0,4,13,1,1,0,1,0,0,0,,,,16,11,5,0,10,6,2,8,7,19,4.22,37,22,4408.36,0.3602398974301021,-1.956108626910062,-1.1770453346928331,-1.9085450891170552,,2,Limited Tournament Impact,0.22228955608729006,6.8,
Cho Wije,KOR,DF,0.0,0.0,0,0,0,0,0,0,0,0.0,0.0,0,0,0,0,0,0,0,0,0,0,0,0,0,0,0,0,0,0,0,0,0,,,,0,0,0,0,0,0,0,0,0,0,0.0,0,0,0.0,-1.3243189297858935,-2.4642577606874845,-1.631956563153904,-3.2142549945655188,,2,Limited Tournament Impact,0.0,0.0,
Chris Brady,USA,GK,0.0,0.0,0,0,0,0,0,0,0,0.0,0.0,0,0,0,0,0,0,0,0,0,0,0,0,0,0,0,0,0,0,0,0,0,0.0,0.0,0.0,0,0,0,0,0,0,0,0,0,0,0.0,0,0,0.0,-1.3243189297858935,-2.4642577606874845,-1.631956563153904,-3.2142549945655188,-1.2038479457474982,-1,Goalkeeper,0.0,0.0,0.0
Chris Richards,USA,DF,0.0,419.0,0,0,1,0,1,0,1,0.06,0.0,0,291,277,95,0,0,0,2,0,2,100,0,4,22,11,8,3,1,0,0,0,,,,32,2,1,29,21,11,0,1,39,597,4.91,486,97,42886.99,-0.756632256439614,2.0036790298524334,0.0547850083340654,0.8384465481383581,,0,Balanced Contributors,0.7722519181201202,23.7,
Chris Wood,NZL,FW,0.0,306.0,2,2,5,0,3,2,2,0.47,0.0,0,47,36,77,0,0,2,8,13,0,0,0,8,88,5,2,1,0,0,0,4,,,,108,48,59,1,77,31,0,54,55,119,6.11,333,144,31195.3,2.2767151094701763,-0.497767115782386,0.3217345150622296,2.5733811720428954,,1,Dynamic Attackers,0.8161690892507583,25.1,
Christ Inao Oulai,CIV,MF,0.0,240.0,0,0,2,0,1,1,0,0.13,0.0,0,125,115,92,0,0,4,4,100,3,100,0,21,82,20,3,5,0,0,0,0,,,,76,1,36,39,37,39,0,22,58,286,6.06,261,70,24246.36,-0.6425516449929293,2.160078198980952,2.677473169468328,1.1492646371972233,,3,Complete Midfielders,1.0662832540126428,32.8,
Christian Fassnacht,SUI,FW,0.0,12.0,0,0,0,0,0,0,0,0.0,0.0,0,5,5,100,0,0,0,0,0,0,0,0,0,8,2,0,0,0,0,0,0,,,,3,0,3,0,2,1,1,5,6,12,1.42,31,14,1743.81,-1.3243189297858935,-1.61121546324101,-1.4201210684161072,-2.6797624552031927,,2,Limited Tournament Impact,0.11858232309228911,3.6,
Christian Pulisic,USA,FW,0.0,253.0,1,2,4,0,2,2,0,0.42,0.0,1,81,71,88,6,17,8,7,71,0,0,0,8,73,9,1,6,0,0,0,2,,,,177,57,90,30,80,97,4,47,66,211,5.62,380,137,29436.84,1.1257354475298524,1.3242668163443974,1.262171304502278,4.441741300668322,,3,Complete Midfielders,1.1183978562645536,34.4,
Christopher Bonsu Baah,GHA,FW,0.0,0.0,0,0,0,0,0,0,0,0.0,0.0,0,0,0,0,0,0,0,0,0,0,0,0,0,0,0,0,0,0,0,0,0,,,,0,0,0,0,0,0,0,0,0,0,0.0,0,0,0.0,-1.3243189297858935,-2.4642577606874845,-1.631956563153904,-3.2142549945655188,,2,Limited Tournament Impact,0.0,0.0,
Christopher Operi,CIV,DF,0.0,100.0,0,0,0,0,0,0,0,0.0,0.0,0,78,70,90,1,0,1,3,33,0,0,0,4,20,3,2,0,0,0,0,0,,,,15,10,2,3,10,5,0,10,29,157,1.6,142,55,10698.42,-1.3243189297858935,-0.4306239971656189,-0.976291018232517,-1.5467822309464383,,2,Limited Tournament Impact,0.3206315348361055,9.9,
Cj Dos Santos,CPV,GK,0.0,,0,0,0,0,0,0,0,0.0,0.0,0,0,0,0,0,0,0,0,0,0,0,0,0,0,0,0,0,0,0,0,0,0.0,0.0,0.0,0,0,0,0,0,0,0,0,0,0,0.0,0,0,0.0,-1.3243189297858935,-2.4642577606874845,-1.631956563153904,-3.2142549945655188,-1.2038479457474982,-1,Goalkeeper,0.0,0.0,0.0
Cody Gakpo,NED,FW,3.0,394.0,1,6,10,30,8,2,2,1.35,2.23,1,100,79,79,10,10,7,18,67,1,0,0,15,127,7,3,3,0,0,0,3,,,,103,56,39,8,54,49,5,86,72,257,5.98,418,177,39227.0,7.008110449445446,2.5749232721700714,1.6574095010694467,3.9376081695253338,,1,Dynamic Attackers,1.4393277224162624,44.3,
Connor Metcalfe,AUS,MF,1.0,354.0,0,2,5,20,1,4,0,0.11,9.21,3,80,65,81,8,13,3,7,71,1,0,0,28,180,11,1,0,0,0,0,0,,,,140,34,89,17,80,60,2,37,64,199,6.49,513,175,38524.77,2.4186749034892348,1.0440429464568373,2.785019039805265,3.925518359853965,,1,Dynamic Attackers,1.264131058166333,38.9,
Craig Gordon,SCO,GK,0.0,0.0,0,0,0,0,0,0,0,0.0,0.0,0,0,0,0,0,0,0,0,0,0,0,0,0,0,0,0,0,0,0,0,0,0.0,0.0,0.0,0,0,0,0,0,0,0,0,0,0,0.0,0,0,0.0,-1.3243189297858935,-2.4642577606874845,-1.631956563153904,-3.2142549945655188,-1.2038479457474982,-1,Goalkeeper,0.0,0.0,0.0
Cristian Martinez,PAN,MF,0.0,264.0,0,0,1,0,1,0,0,0.24,0.0,4,78,57,73,12,17,1,9,22,1,0,0,11,105,17,5,5,0,0,0,1,,,,73,28,34,11,30,43,4,37,42,188,6.73,319,147,29553.99,-0.6121709564446612,0.7898911443956117,2.1244039755863318,1.9366644730522116,,3,Complete Midfielders,0.9522341178934586,29.3,
Cristian Roldan,USA,MF,0.0,0.0,0,0,0,0,0,0,0,0.0,0.0,0,0,0,0,0,0,0,0,0,0,0,0,0,0,0,0,0,0,0,0,0,,,,0,0,0,0,0,0,0,0,0,0,0.0,0,0,0.0,-1.3243189297858935,-2.4642577606874845,-1.631956563153904,-3.2142549945655188,,2,Limited Tournament Impact,0.0,0.0,
Cristian Romero,ARG,DF,1.0,612.0,0,2,3,33,3,0,3,0.41,2.45,0,389,378,97,0,0,3,1,0,0,0,0,7,36,18,7,2,0,0,0,0,,,,24,3,2,19,15,9,1,4,60,706,4.13,263,72,41848.49,2.1430001749959966,1.9361806115625249,0.6559634361644929,0.5856614633311261,,1,Dynamic Attackers,0.9172276001274035,28.2,
Cristian Volpato,AUS,FW,0.0,180.0,0,1,4,0,2,2,0,0.28,0.0,7,66,52,79,13,23,11,9,56,0,0,0,11,64,4,1,2,0,0,0,0,,,,75,17,52,6,43,32,1,58,70,188,5.16,322,94,20702.13,0.7371388107863268,1.9067878686298236,0.3531968249031265,1.7008996498677882,,3,Complete Midfielders,0.8991151213178358,27.6,
Cristiano Ronaldo,POR,FW,3.0,490.0,0,9,18,17,15,3,0,2.94,1.02,0,99,86,87,1,0,0,4,25,0,0,0,7,72,6,2,5,0,0,0,6,,,,187,92,81,14,147,40,8,65,69,239,5.07,330,153,41504.05,10.001444897290328,-0.3730315655153717,0.8319388389858863,5.288513395058201,,1,Dynamic Attackers,1.3164891523897024,40.5,
Crysencio Summerville,NED,FW,2.0,282.0,2,2,2,100,1,1,0,0.16,12.33,3,67,56,84,8,13,5,6,83,0,0,0,17,75,13,2,5,1,0,0,1,,,,80,39,28,13,40,40,6,46,62,182,6.16,285,131,28089.07,4.07776388250858,0.9736777560426498,1.9194908051182813,2.297820971335743,,1,Dynamic Attackers,1.1380929284520258,35.0,
Cucho Hernandez,COL,FW,0.0,66.0,1,0,1,0,1,0,1,0.04,0.0,0,8,5,63,1,100,0,0,0,0,0,0,0,24,3,0,1,0,0,0,0,,,,14,12,2,0,11,3,2,14,16,29,2.7,99,31,7494.21,-0.3639059235558562,-1.0489731649907938,-1.0091727164041724,-1.759962583716064,,2,Limited Tournament Impact,0.2917744541435232,9.0,
Cyle Larin,CAN,FW,2.0,224.0,0,4,9,22,9,0,3,1.27,1.58,0,23,20,87,0,0,1,1,0,0,0,0,8,76,6,5,1,2,0,0,3,,,,76,44,21,11,48,28,1,29,34,74,4.5,216,96,20615.07,5.250210808976843,-1.3941583007736558,0.2503534099914396,0.7261941118759798,,1,Dynamic Attackers,0.739477678911137,22.7,
Daichi Kamada,JPN,MF,2.0,359.0,0,0,1,200,0,1,0,0.09,23.09,1,200,170,85,4,50,1,6,50,3,100,0,13,116,22,2,4,1,0,0,1,,,,212,19,92,101,134,78,0,34,52,436,6.49,423,128,38789.21,4.398582428558174,2.7626896060674886,2.506837080917652,4.938499424573663,,1,Dynamic Attackers,1.5016060110029925,46.2,
Dailon Livramento,CPV,FW,0.0,198.0,0,0,1,0,0,1,0,0.0,0.0,0,19,15,79,3,33,1,0,0,0,0,0,8,93,4,1,1,0,0,0,2,,,,66,43,23,0,53,13,2,18,23,55,5.22,237,100,23067.28,-1.019547935040794,-1.147856392615691,0.3155473721906559,0.4954850444065054,,0,Balanced Contributors,0.523370525667728,16.1,
Daizen Maeda,JPN,MF,1.0,271.0,0,1,2,50,2,0,1,0.79,1.27,0,30,28,93,3,0,0,1,100,0,0,0,18,125,22,2,1,0,0,0,1,,,,102,73,25,4,71,31,8,31,33,92,5.36,432,239,32326.01,1.537388010288966,-0.4029805827611966,2.401976885218726,3.05016895807894,,1,Dynamic Attackers,1.0303907951389337,31.7,
Damian Bobadilla,PAR,MF,0.0,216.0,0,0,0,0,0,0,0,0.0,0.0,0,32,24,75,1,100,0,1,0,1,100,1,5,95,22,1,1,0,0,0,0,,,,26,4,10,12,18,8,1,4,13,72,6.04,336,98,25835.61,-1.3243189297858935,0.2387898630751001,1.2594371879610555,-0.418873311058819,,0,Balanced Contributors,0.6599509541377739,20.3,
Dan Burn,ENG,DF,0.0,59.0,0,0,0,0,0,0,0,0.0,0.0,0,4,2,50,0,0,0,2,0,0,0,0,0,1,0,0,0,0,0,0,0,,,,1,0,0,1,1,0,0,0,2,8,1.97,31,8,3938.06,-1.3243189297858935,-1.8597695022691367,-1.6208753848764237,-2.8275254367076155,,2,Limited Tournament Impact,0.07074010413297796,2.2,
Dan Ndoye,SUI,FW,2.0,437.0,0,8,16,13,15,1,1,0.86,2.31,0,92,73,79,13,15,8,10,50,0,0,0,32,141,20,5,16,0,0,0,4,,,,133,85,48,0,63,70,19,85,97,281,6.21,509,248,44247.46,7.333165009386315,1.7905205161856057,5.909356716921482,6.4177095841281,,5,Elite All-Round Performers,1.9561270847115424,60.1,
Dani Olmo,ESP,FW,0.0,456.0,2,1,11,0,6,5,1,0.76,0.0,0,203,186,92,1,0,12,15,73,2,100,0,30,240,23,5,8,0,0,0,0,,,,256,76,139,41,206,50,3,73,103,474,6.59,725,235,49694.66,3.753360844322539,4.155585675469156,5.690089308365398,8.191180571364011,,5,Elite All-Round Performers,2.0918643777788124,64.3,
Danial Iri,IRN,DF,0.0,0.0,0,0,0,0,0,0,0,0.0,0.0,0,0,0,0,0,0,0,0,0,0,0,0,0,0,0,0,0,0,0,0,0,,,,0,0,0,0,0,0,0,0,0,0,0.0,0,0,0.0,-1.3243189297858935,-2.4642577606874845,-1.631956563153904,-3.2142549945655188,,2,Limited Tournament Impact,0.0,0.0,
Daniel Munoz,COL,DF,2.0,451.0,0,2,3,67,3,0,0,0.64,3.11,0,213,194,91,9,22,0,5,20,0,0,0,11,64,20,9,1,0,0,0,3,,,,338,135,109,94,53,285,8,38,52,461,6.53,598,221,47613.35,2.547541890393052,1.2840795169027264,1.1666289077334782,9.494354257236566,,1,Dynamic Attackers,1.4534163601890446,44.7,
Daniel Svensson,SWE,DF,0.0,114.0,0,0,1,0,0,1,0,0.01,0.0,1,46,38,83,2,50,0,3,33,0,0,0,8,24,3,0,0,0,0,0,1,,,,31,9,18,4,17,14,0,8,12,88,5.41,149,63,13088.54,-0.94937976660458,-0.399989514350581,-0.6827034285277471,-1.006452351293092,,0,Balanced Contributors,0.39734916754458355,12.2,
Danilo,BRA,DF,0.0,471.0,0,0,1,0,1,0,0,0.04,0.0,0,294,262,89,7,29,1,6,50,1,100,0,3,50,8,7,1,2,0,0,1,,,,198,45,41,112,35,163,4,21,44,604,5.68,495,217,44689.09,-1.017367080586114,3.180082775135605,-0.226149752448661,5.612972789152363,,3,Complete Midfielders,1.1059939222397404,34.0,
Danilo Santos,BRA,MF,0.0,73.0,0,1,2,0,2,0,1,0.19,0.0,0,30,23,77,0,0,0,2,100,0,0,0,1,22,4,0,0,0,0,0,0,,,,29,10,10,9,20,9,0,3,18,65,5.79,115,43,8458.78,-0.1339763962100181,-0.6426800330632091,-1.0794827848647153,-1.2726635606956365,,2,Limited Tournament Impact,0.35330838509062684,10.9,
Danley Jean Jacques,HAI,MF,0.0,288.0,0,0,0,0,0,0,0,0.0,0.0,0,116,102,88,2,0,1,1,0,3,100,0,11,78,25,5,3,1,0,0,0,,,,73,2,27,44,36,37,0,11,30,243,6.87,470,138,33149.8,-1.3243189297858935,0.7996693449261713,1.9738435055396275,1.479257716303772,,3,Complete Midfielders,0.8853934692031284,27.2,
Darwin Nunez,URU,FW,0.0,182.0,0,0,2,0,1,1,1,0.2,0.0,0,25,20,80,3,33,1,3,100,1,100,0,6,95,2,1,1,0,0,0,2,,,,36,30,6,0,27,9,4,26,25,65,6.09,190,93,19040.35,-0.3429032425974921,0.89072950370595,0.0898922219302404,0.049095981355486,,0,Balanced Contributors,0.658032714132958,20.2,
David Affengruber,AUT,DF,0.0,0.0,0,0,0,0,0,0,0,0.0,0.0,0,0,0,0,0,0,0,0,0,0,0,0,0,0,0,0,0,0,0,0,0,,,,0,0,0,0,0,0,0,0,0,0,0.0,0,0,0.0,-1.3243189297858935,-2.4642577606874845,-1.631956563153904,-3.2142549945655188,,2,Limited Tournament Impact,0.0,0.0,
David Alaba,AUT,DF,0.0,302.0,1,0,2,0,0,2,0,0.02,0.0,1,222,198,89,1,0,0,5,80,1,0,0,5,28,9,2,0,0,0,0,0,,,,40,3,7,30,17,23,0,4,54,441,5.93,297,70,29617.98,-0.2285342920263615,1.3656765566085145,-0.4557676673101026,0.4836623127791863,,0,Balanced Contributors,0.6705741025052001,20.6,
David Doudera,CZE,DF,0.0,100.0,0,0,4,0,1,3,0,0.05,0.0,0,47,34,72,4,25,1,3,0,0,0,0,1,23,0,0,1,0,0,0,0,,,,23,10,10,3,7,16,0,10,20,107,2.09,114,34,10486.58,-0.0952713807010294,-0.7514173711851231,-1.14271727830987,-1.590709822706635,,2,Limited Tournament Impact,0.3213828774055838,9.9,
David Jurasek,CZE,DF,0.0,0.0,0,0,0,0,0,0,0,0.0,0.0,0,0,0,0,0,0,0,0,0,0,0,0,0,0,0,0,0,0,0,0,0,,,,0,0,0,0,0,0,0,0,0,0,0.0,0,0,0.0,-1.3243189297858935,-2.4642577606874845,-1.631956563153904,-3.2142549945655188,,2,Limited Tournament Impact,0.0,0.0,
David Moller Wolfe,NOR,DF,0.0,477.0,1,0,0,0,0,0,0,0.0,0.0,0,186,162,87,7,14,3,7,43,0,0,0,13,70,22,7,2,0,0,0,0,,,,164,45,73,46,62,102,4,26,76,382,5.1,520,216,48590.19,-0.9160271656025613,1.469442277483353,1.6529899495270075,5.0263588661518765,,3,Complete Midfielders,1.128275143955485,34.7,
David Ospina,COL,GK,0.0,0.0,0,0,0,0,0,0,0,0.0,0.0,0,0,0,0,0,0,0,0,0,0,0,0,0,0,0,0,0,0,0,0,0,0.0,0.0,0.0,0,0,0,0,0,0,0,0,0,0,0.0,0,0,0.0,-1.3243189297858935,-2.4642577606874845,-1.631956563153904,-3.2142549945655188,-1.2038479457474982,-1,Goalkeeper,0.0,0.0,0.0
David Raum,GER,DF,0.0,123.0,0,1,1,0,1,0,0,0.04,0.0,2,52,44,85,14,21,1,4,50,1,0,0,18,29,8,2,0,0,0,0,0,,,,54,27,14,13,18,36,4,13,15,134,3.53,198,85,13697.63,-0.6469366048315303,0.661912330314027,0.3038248256416563,-0.075519069857261,,0,Balanced Contributors,0.6430485751779418,19.8,
David Raya,ESP,GK,0.0,0.0,0,0,0,0,0,0,0,0.0,0.0,0,0,0,0,0,0,0,0,0,0,0,0,0,0,0,0,0,0,0,0,0,0.0,0.0,0.0,0,0,0,0,0,0,0,0,0,0,0.0,0,0,0.0,-1.3243189297858935,-2.4642577606874845,-1.631956563153904,-3.2142549945655188,-1.2038479457474982,-1,Goalkeeper,0.0,0.0,0.0
David Zima,CZE,DF,0.0,19.0,0,0,0,0,0,0,0,0.0,0.0,0,7,6,86,0,0,0,0,0,0,0,0,0,4,1,0,0,0,0,0,0,,,,2,0,1,1,1,1,0,0,1,16,2.36,23,9,2311.48,-1.3243189297858935,-1.7122159532285608,-1.5260388157850056,-2.801230000101545,,2,Limited Tournament Impact,0.0931363966805537,2.9,
Davinson Sanchez,COL,DF,0.0,541.0,0,2,6,0,5,1,4,0.54,0.0,0,361,324,90,0,0,1,10,20,6,100,0,20,32,18,6,5,1,0,0,1,,,,59,0,1,58,22,37,0,8,53,755,5.36,441,145,48497.14,2.2518203548020344,4.22460432525114,1.9379124679276365,2.063387406557774,,3,Complete Midfielders,1.312491405287278,40.4,
Dayne St Clair,CAN,GK,0.0,0.0,0,0,0,0,0,0,0,0.0,0.0,0,0,0,0,0,0,0,0,0,0,0,0,0,0,0,0,0,0,0,0,0,0.0,0.0,0.0,0,0,0,0,0,0,0,0,0,0,0.0,0,0,0.0,-1.3243189297858935,-2.4642577606874845,-1.631956563153904,-3.2142549945655188,-1.2038479457474982,-1,Goalkeeper,0.0,0.0,0.0
Dayot Upamecano,FRA,DF,0.0,687.0,0,1,3,0,3,0,2,0.53,0.0,0,429,396,92,0,0,2,6,67,4,100,0,17,54,26,6,4,0,0,0,0,,,,107,2,6,99,53,54,0,6,89,943,5.98,549,208,68521.18,0.6516263153303065,4.54826020533796,2.3154390413446126,4.361123340390196,,3,Complete Midfielders,1.4513110461310443,44.6,
Dean Henderson,ENG,GK,0.0,0.0,0,0,0,0,0,0,0,0.0,0.0,0,0,0,0,0,0,0,0,0,0,0,0,0,0,0,0,0,0,0,0,0,0.0,0.0,0.0,0,0,0,0,0,0,0,0,0,0,0.0,0,0,0.0,-1.3243189297858935,-2.4642577606874845,-1.631956563153904,-3.2142549945655188,-1.2038479457474982,-1,Goalkeeper,0.0,0.0,0.0
Declan Rice,ENG,MF,0.0,519.0,1,2,5,0,3,2,1,0.24,0.0,27,248,225,91,36,33,2,10,50,4,75,0,8,66,10,3,0,2,0,0,1,,,,157,25,51,81,100,57,3,25,86,488,5.46,532,170,47405.89,3.1286587177283285,5.4502427021635045,0.2138572989392695,4.686738196711888,,3,Complete Midfielders,1.4227074904875363,43.7,
Deiver Machado,COL,DF,0.0,99.0,0,0,0,0,0,0,0,0.0,0.0,0,23,22,96,2,0,0,1,100,0,0,0,4,21,2,1,2,0,0,0,0,,,,36,16,17,3,7,29,1,9,7,52,1.22,117,56,10069.09,-1.3243189297858935,-0.4917671727000121,-0.6826899435874724,-1.4122972703097836,,0,Balanced Contributors,0.35280452078692237,10.8,
Dejan Ljubicic,AUT,MF,0.0,0.0,0,0,0,0,0,0,0,0.0,0.0,0,0,0,0,0,0,0,0,0,0,0,0,0,0,0,0,0,0,0,0,0,,,,0,0,0,0,0,0,0,0,0,0,0.0,0,0,0.0,-1.3243189297858935,-2.4642577606874845,-1.631956563153904,-3.2142549945655188,,2,Limited Tournament Impact,0.0,0.0,
Denil Castillo,ECU,MF,0.0,0.0,0,0,0,0,0,0,0,0.0,0.0,0,0,0,0,0,0,0,0,0,0,0,0,0,0,0,0,0,0,0,0,0,,,,0,0,0,0,0,0,0,0,0,0,0.0,0,0,0.0,-1.3243189297858935,-2.4642577606874845,-1.631956563153904,-3.2142549945655188,,2,Limited Tournament Impact,0.0,0.0,
Denis Visinsky,CZE,FW,0.0,59.0,0,0,3,0,2,1,0,0.26,0.0,0,14,14,100,0,0,2,0,0,0,0,0,4,20,0,0,1,0,0,0,0,,,,18,3,10,5,7,11,1,5,5,40,2.33,92,46,6956.61,-0.2655553549450641,-1.342113238477803,-0.9890136556961758,-1.9310505191927223,,2,Limited Tournament Impact,0.2645393092785407,8.1,
Denis Zakaria,SUI,MF,0.0,392.0,0,2,5,0,5,0,1,0.61,0.0,0,185,160,86,14,14,3,10,70,0,0,0,19,63,23,4,0,2,0,0,1,,,,57,26,20,11,18,39,4,56,68,411,4.05,393,168,39537.36,1.2660201910646696,2.334296776981997,1.6667961201093515,2.428244553588592,,3,Complete Midfielders,1.1241752606983888,34.6,
Deniz Gul,TUR,FW,0.0,50.0,0,1,2,0,2,0,1,0.7,0.0,0,0,0,0,0,0,0,0,0,0,0,0,0,5,0,2,0,0,0,0,0,,,,14,13,1,0,14,0,1,3,3,7,4.28,43,22,5152.77,0.2629421019291356,-2.4642577606874845,-1.5765506717665017,-2.110622772338733,,2,Limited Tournament Impact,0.12787528540349757,3.9,
Deniz Undav,GER,FW,3.0,174.0,2,4,6,50,5,1,0,1.43,2.1,0,31,23,74,2,0,0,4,50,0,0,0,6,53,7,3,0,0,0,0,0,,,,19,12,7,0,13,6,5,27,30,85,6.03,205,59,17404.37,5.534276125276183,-0.7723799588836687,-0.2396085597423302,-0.3247681697743232,,1,Dynamic Attackers,0.6881402742427312,21.2,
Dennis Dargahi,IRN,FW,0.0,0.0,0,0,0,0,0,0,0,0.0,0.0,0,0,0,0,0,0,0,0,0,0,0,0,0,0,0,0,0,0,0,0,0,,,,0,0,0,0,0,0,0,0,0,0,0.0,0,0,0.0,-1.3243189297858935,-2.4642577606874845,-1.631956563153904,-3.2142549945655188,,2,Limited Tournament Impact,0.0,0.0,
Dennis Hadzikadunic,BIH,DF,0.0,33.0,1,0,0,0,0,0,0,0.0,0.0,0,10,8,80,0,0,0,0,0,0,0,0,1,4,2,1,0,0,0,0,0,,,,5,0,0,5,1,4,0,2,3,23,1.52,32,11,3338.81,-0.9160271656025613,-1.739905524625669,-1.4021300623773174,-2.735170114002201,,2,Limited Tournament Impact,0.12197307641671701,3.7,
Denzel Dumfries,NED,DF,0.0,432.0,2,2,5,0,4,1,2,0.44,0.0,0,179,147,82,17,29,1,13,54,0,0,0,24,74,8,6,3,0,0,0,1,,,,82,40,29,13,18,64,13,44,56,379,6.05,470,183,43452.06,2.224416954376345,2.4543136703993604,1.6925415589603623,3.796061863831432,,1,Dynamic Attackers,1.2510272300716887,38.5,
Derek Cornelius,CAN,DF,0.0,351.0,0,1,5,0,5,0,4,0.74,0.0,0,170,151,89,1,0,0,2,50,1,0,0,4,29,6,4,3,1,0,0,0,,,,14,2,2,10,6,8,1,8,35,379,4.58,368,106,33569.61,1.8570441028709512,0.4471589878069656,-0.1756119150184525,0.0242285284551291,,0,Balanced Contributors,0.6758878799887968,20.8,
Deroy Duarte,CPV,MF,1.0,300.0,0,2,3,33,1,2,0,0.12,8.28,0,101,87,86,1,100,0,2,50,1,100,0,13,137,26,4,1,0,0,0,0,,,,56,11,29,16,41,15,1,14,51,228,6.26,323,73,31052.7,1.711991991229319,1.3717371398826383,2.4697445658408386,0.830578371912304,,3,Complete Midfielders,1.0514720484918576,32.3,
Derrick Etienne,HAI,FW,0.0,14.0,0,0,0,0,0,0,0,0.0,0.0,1,8,4,50,2,50,0,2,0,0,0,0,0,2,0,0,0,0,0,0,0,,,,10,7,1,2,4,6,2,5,1,19,2.56,26,8,1841.93,-1.261933476999467,-1.3221701705213598,-1.6097942065989432,-2.4083349705308223,,2,Limited Tournament Impact,0.1404508940527857,4.3,
Derrick Luckassen,GHA,DF,1.0,205.0,0,1,1,100,1,0,0,0.62,1.62,0,125,109,87,0,0,0,3,0,1,100,0,2,8,4,1,2,0,0,0,0,,,,4,0,0,4,1,3,1,1,12,256,2.64,147,39,18059.74,1.5184982222543162,0.4105419201914114,-0.8281906309741904,-1.6826554560430815,,0,Balanced Contributors,0.49620113872691957,15.3,
Desire Doue,FRA,FW,1.0,400.0,1,8,13,8,4,9,1,0.71,1.41,2,175,148,85,5,40,9,14,43,2,100,0,13,173,22,3,6,0,0,0,0,,,,174,50,81,43,57,117,12,78,85,428,6.55,504,228,43220.64,6.52464431236937,3.751898773051849,3.4825771733605837,6.649984369607156,,5,Elite All-Round Performers,1.8526639926157353,57.0,
Deveron Fonville,CUW,DF,0.0,260.0,0,0,0,0,0,0,0,0.0,0.0,0,66,55,83,0,0,4,3,33,0,0,0,9,73,19,2,3,0,0,0,0,,,,17,5,8,4,3,14,0,9,53,151,5.89,239,132,25516.75,-1.3243189297858935,-0.3706014232312195,1.424247970300943,-0.1524348408285241,,0,Balanced Contributors,0.6444796921420372,19.8,
Diego Gomez,PAR,MF,0.0,332.0,0,0,6,0,2,4,0,0.25,0.0,1,101,80,79,2,0,2,4,25,2,100,0,23,147,37,5,1,2,0,0,0,,,,84,10,43,31,58,26,0,21,63,247,6.73,492,179,37311.9,0.7033603664268726,0.9225784468161068,3.881236916951503,2.388818139433382,,3,Complete Midfielders,1.2107486672186214,37.2,
Diego Moreira,BEL,MF,0.0,76.0,0,0,0,0,0,0,0,0.0,0.0,0,15,10,67,4,25,1,3,67,2,50,0,5,36,2,2,1,0,0,0,1,,,,47,12,21,14,20,27,1,11,5,41,1.04,109,55,8031.47,-1.3243189297858935,0.2772172346205206,-0.6262130155898227,-1.2927493833249444,,0,Balanced Contributors,0.425181861760805,13.1,
Diney Borges,CPV,DF,0.0,445.0,0,2,4,0,3,1,3,0.18,0.0,0,195,158,81,0,0,0,8,13,9,44,1,5,29,16,2,0,1,0,0,0,,,,103,2,2,99,57,46,0,3,42,388,5.88,395,111,43337.98,1.1748312253615054,2.634416611566407,-0.0135352492197876,2.0547518398823152,,3,Complete Midfielders,0.9560497193303332,29.4,
Diogo Costa,POR,GK,0.0,518.0,0,0,0,0,0,0,0,0.0,0.0,0,125,98,78,0,0,0,5,20,2,0,0,0,0,0,0,1,0,0,0,0,20.0,114.0,93.0,26,0,0,26,15,11,0,0,3,217,2.76,40,8,23794.16,-1.3243189297858935,0.1099753126035208,-1.459900097840634,-1.65019519507153,3.925614421652921,-1,Goalkeeper,0.308754243302024,9.5,75.5
Diogo Dalot,POR,DF,0.0,78.0,0,0,1,0,0,1,0,0.04,0.0,0,39,34,87,1,0,2,1,0,0,0,0,2,13,3,0,1,0,0,0,0,,,,35,10,12,13,12,23,1,6,25,86,2.42,86,39,7881.23,-0.9884170724416448,-1.1128681771893945,-1.0064342391590344,-1.3368594566231926,,2,Limited Tournament Impact,0.2891214676765552,8.9,
Djed Spence,ENG,DF,0.0,373.0,0,2,2,0,1,1,0,0.71,0.0,0,160,142,89,9,0,4,12,75,0,0,0,13,75,12,1,2,0,0,0,0,,,,119,32,40,47,26,93,7,15,43,296,6.22,255,127,27817.63,0.3001650030581972,2.086071271060244,1.0924654983246471,2.756651891217237,,3,Complete Midfielders,1.0321198790198798,31.7,
Djibril Sow,SUI,MF,0.0,276.0,0,1,2,0,1,1,0,0.23,0.0,0,97,83,86,4,25,0,7,57,1,100,0,8,54,5,5,4,0,0,0,0,,,,112,26,63,23,59,53,4,19,50,215,4.57,421,147,31183.47,-0.3190649183133251,1.4104746655663345,0.4611438495677022,2.588953726594617,,3,Complete Midfielders,0.8847642090054825,27.2,
Dodi Lukebakio,BEL,FW,0.0,194.0,0,1,7,0,5,2,1,0.41,0.0,0,55,44,80,7,14,10,6,83,1,100,0,6,67,3,1,2,0,0,0,0,,,,83,39,26,18,30,53,1,34,32,154,3.16,232,101,20237.33,1.4742482973773905,2.1947949274104688,0.0132687297330321,0.9449569992342982,,0,Balanced Contributors,0.8704367501516739,26.8,
Dominic Hyam,SCO,DF,0.0,0.0,0,0,0,0,0,0,0,0.0,0.0,0,0,0,0,0,0,0,0,0,0,0,0,0,0,0,0,0,0,0,0,0,,,,0,0,0,0,0,0,0,0,0,0,0.0,0,0,0.0,-1.3243189297858935,-2.4642577606874845,-1.631956563153904,-3.2142549945655188,,2,Limited Tournament Impact,0.0,0.0,
Dominik Kotarski,CRO,GK,0.0,0.0,0,0,0,0,0,0,0,0.0,0.0,0,0,0,0,0,0,0,0,0,0,0,0,0,0,0,0,0,0,0,0,0,0.0,0.0,0.0,0,0,0,0,0,0,0,0,0,0,0.0,0,0,0.0,-1.3243189297858935,-2.4642577606874845,-1.631956563153904,-3.2142549945655188,-1.2038479457474982,-1,Goalkeeper,0.0,0.0,0.0
Dominik Livakovic,CRO,GK,0.0,413.0,0,0,0,0,0,0,0,0.0,0.0,0,129,95,74,0,0,0,0,0,0,0,0,0,0,0,0,1,0,0,0,0,12.0,80.0,68.0,5,0,0,5,2,3,0,0,8,235,2.52,30,5,17297.82,-1.3243189297858935,-0.9236044249364788,-1.459900097840634,-2.151332950353107,2.2639273629543704,-1,Goalkeeper,0.199049577051024,6.1,51.0
Dominique Simon,HAI,MF,0.0,68.0,0,1,1,0,0,1,0,0.01,0.0,1,30,22,73,1,100,0,2,0,0,0,0,2,26,6,1,1,0,0,0,0,,,,47,2,24,21,34,13,1,2,11,64,4.37,150,36,7878.3,-0.7037201964228493,-0.6299194238241341,-0.6775998187748583,-1.059998832305577,,0,Balanced Contributors,0.3857829215097198,11.9,
Donyell Malen,NED,FW,0.0,197.0,0,2,4,0,2,2,1,0.22,0.0,0,34,27,79,8,25,5,5,60,0,0,0,8,47,7,0,2,0,0,0,0,,,,82,40,30,12,46,36,4,42,38,107,4.34,178,81,18907.07,0.744573310411273,0.4958017828802977,0.1626487395167508,1.1315745623553704,,0,Balanced Contributors,0.7374898519085442,22.7,
Dostonbek Khamdamov,UZB,MF,0.0,120.0,0,0,2,0,1,1,1,0.08,0.0,2,34,29,85,5,60,1,1,0,0,0,0,9,74,6,1,0,0,0,0,1,,,,32,17,13,2,22,10,1,20,22,92,4.48,184,63,13625.49,-0.3115249248220868,-0.559382095198201,0.1184503072719203,-0.7107674586401022,,0,Balanced Contributors,0.504761158702743,15.5,
Douglas Santos,BRA,DF,0.0,505.0,0,0,2,0,2,0,0,0.2,0.0,0,275,256,93,6,17,0,5,60,0,0,0,21,111,42,3,2,1,0,0,1,,,,86,31,30,25,25,61,7,43,78,571,6.22,642,220,52462.91,-0.6170226435888873,1.9294404548757575,3.837704697272932,4.414147250149364,,3,Complete Midfielders,1.3552572944235868,41.7,
Duckens Nazon,HAI,FW,0.0,31.0,0,1,1,0,0,1,0,0.12,0.0,0,3,1,33,0,0,1,0,0,0,0,0,1,6,0,0,1,1,0,0,0,,,,0,0,0,0,0,0,0,2,4,8,1.63,27,8,2597.09,-0.6804957770616155,-2.083564197663456,-1.331097309027039,-2.867443001408186,,2,Limited Tournament Impact,0.10310983184396631,3.2,
Duje Caleta Car,CRO,DF,0.0,0.0,0,0,0,0,0,0,0,0.0,0.0,0,0,0,0,0,0,0,0,0,0,0,0,0,0,0,0,0,0,0,0,0,,,,0,0,0,0,0,0,0,0,0,0,0.0,0,0,0.0,-1.3243189297858935,-2.4642577606874845,-1.631956563153904,-3.2142549945655188,,2,Limited Tournament Impact,0.0,0.0,
Dylan Batubinsika,COD,DF,0.0,0.0,0,0,0,0,0,0,0,0.0,0.0,0,0,0,0,0,0,0,0,0,0,0,0,0,0,0,0,0,0,0,0,0,,,,0,0,0,0,0,0,0,0,0,0,0.0,0,0,0.0,-1.3243189297858935,-2.4642577606874845,-1.631956563153904,-3.2142549945655188,,2,Limited Tournament Impact,0.0,0.0,
Dylan Bronn,TUN,DF,0.0,49.0,0,0,0,0,0,0,0,0.0,0.0,0,20,16,80,0,0,0,0,0,1,0,0,1,4,1,1,0,0,0,0,0,,,,7,0,0,7,2,5,0,0,1,40,2.04,38,13,5012.71,-1.3243189297858935,-1.4596787772686588,-1.4637230966362935,-2.619118507224619,,2,Limited Tournament Impact,0.1296007888253562,4.0,
Dzenis Burnic,BIH,MF,0.0,27.0,0,0,1,0,0,1,0,0.02,0.0,0,8,7,88,0,0,0,0,0,0,0,0,0,6,0,0,0,0,0,0,0,,,,7,4,2,1,0,7,0,2,7,21,3.35,37,11,3073.49,-1.0039825037412196,-1.6875538050875447,-1.565469493489021,-2.4617200968746102,,2,Limited Tournament Impact,0.1226908684064183,3.8,
Eberechi Eze,ENG,MF,0.0,164.0,0,0,2,0,0,2,0,0.16,0.0,1,40,33,83,3,33,2,5,100,1,100,0,4,43,0,1,3,0,0,0,1,,,,44,17,21,6,33,11,1,25,31,97,4.21,206,73,16888.28,-0.5278680371126712,1.3035851329282433,-0.3900336246875832,-0.2246711817969444,,0,Balanced Contributors,0.6198807902978047,19.1,
Ederson,BRA,GK,0.0,0.0,0,0,0,0,0,0,0,0.0,0.0,0,0,0,0,0,0,0,0,0,0,0,0,0,0,0,0,0,0,0,0,0,0.0,0.0,0.0,0,0,0,0,0,0,0,0,0,0,0.0,0,0,0.0,-1.3243189297858935,-2.4642577606874845,-1.631956563153904,-3.2142549945655188,-1.2038479457474982,-1,Goalkeeper,0.0,0.0,0.0
Ederson Silva,BRA,MF,0.0,38.0,0,0,2,0,1,1,0,0.34,0.0,0,5,5,100,3,33,0,0,0,0,0,0,1,20,2,1,0,0,0,0,0,,,,14,7,2,5,7,7,0,5,3,23,2.93,63,33,4509.03,-0.4791146163473953,-1.1748588763222236,-1.224831209937629,-2.20701026359188,,2,Limited Tournament Impact,0.23027757871866442,7.1,
Edgar Yoel Barcenas,PAN,MF,0.0,272.0,0,0,2,0,0,2,0,0.05,0.0,3,109,96,88,5,40,2,3,67,4,100,0,9,74,6,3,3,1,0,0,0,,,,120,9,66,45,86,34,1,13,49,239,6.75,426,101,30790.0,-0.4887070036874785,2.248139222249844,0.6346197032117309,2.414091356577311,,3,Complete Midfielders,0.9506455403113033,29.2,
Edgardo Farina,PAN,DF,0.0,0.0,0,0,0,0,0,0,0,0.0,0.0,0,0,0,0,0,0,0,0,0,0,0,0,0,0,0,0,0,0,0,0,0,,,,0,0,0,0,0,0,0,0,0,0,0.0,0,0,0.0,-1.3243189297858935,-2.4642577606874845,-1.631956563153904,-3.2142549945655188,,2,Limited Tournament Impact,0.0,0.0,
Edin Dzeko,BIH,FW,0.0,196.0,0,0,3,0,3,0,0,0.2,0.0,0,48,33,69,2,50,2,3,67,1,100,0,4,69,1,1,2,1,0,0,0,,,,55,16,33,6,40,15,4,22,36,111,4.56,201,57,19815.85,-0.3412016569882574,0.860616736485187,-0.2123864205273833,0.2548676231646266,,0,Balanced Contributors,0.6378910024124986,19.6,
Edmilson Junior,QAT,FW,0.0,228.0,1,2,3,0,3,0,0,0.43,0.0,0,41,33,80,4,25,2,7,43,0,0,0,5,66,11,4,2,0,0,0,1,,,,68,40,25,3,21,47,8,16,38,106,6.21,290,97,23874.51,0.7374117075036447,0.0735214862743866,0.4326161063786505,1.3748594425417564,,0,Balanced Contributors,0.7453556055311474,22.9,
Edo Kayembe,COD,MF,0.0,177.0,0,1,2,0,0,2,0,0.1,0.0,0,41,35,85,2,0,2,1,0,0,0,0,20,116,20,5,3,0,0,0,0,,,,64,7,37,20,42,22,1,18,37,108,5.34,297,86,20579.44,-0.391290213616091,-1.0582029154650447,2.647804581127413,0.5198372429094849,,0,Balanced Contributors,0.7854145655712546,24.1,
Edouard Mendy,SEN,GK,0.0,172.0,0,0,0,0,0,0,0,0.0,0.0,0,60,49,82,0,0,0,0,0,1,100,0,0,0,0,0,0,0,0,0,0,8.0,34.0,25.0,18,0,0,18,15,3,0,0,2,132,1.72,18,2,9883.83,-1.3243189297858935,-0.418172117164763,-1.631956563153904,-2.323538956795155,0.4578391129510522,-1,Goalkeeper,0.2112386405128093,6.5,24.5
Edson Alvarez,MEX,DF,0.0,278.0,0,0,2,0,1,1,1,0.19,0.0,0,153,138,90,2,50,1,3,0,4,75,0,3,37,13,5,2,1,0,0,0,,,,103,3,29,71,69,34,0,3,36,324,4.8,342,104,28527.89,-0.3506859582472795,1.7188953883118632,0.1098165665522439,1.480981032442952,,0,Balanced Contributors,0.8079530964123294,24.8,
Egil Selvik,NOR,GK,0.0,100.0,0,0,0,0,0,0,0,0.0,0.0,0,30,19,63,0,0,0,0,0,0,0,0,0,0,0,0,0,0,0,0,0,5.0,25.0,22.0,6,0,0,6,6,0,0,0,1,49,0.5,5,0,4989.63,-1.3243189297858935,-1.7482321553666316,-1.631956563153904,-2.893120185932413,0.0040869079160396,-1,Goalkeeper,0.07447488633310811,2.3,17.8
Ehsan Haddad,JOR,DF,0.0,287.0,1,0,1,0,1,0,0,0.03,0.0,0,73,54,74,7,29,1,9,78,0,0,0,13,80,18,3,1,0,0,0,0,,,,57,11,30,16,3,54,0,23,48,167,6.44,384,118,30918.71,-0.6168580320525694,0.811424392041279,1.3453731299526377,1.1583045345336278,,3,Complete Midfielders,0.8310756236351329,25.6,
Ehsan Hajisafi,IRN,DF,0.0,104.0,0,0,1,0,0,1,0,0.08,0.0,0,20,11,55,2,0,1,2,0,1,100,0,1,27,2,2,1,1,0,0,0,,,,15,1,8,6,3,12,1,2,7,47,4.41,134,48,11464.24,-0.9572862098424956,-0.5788340417280282,-0.9752064966819952,-1.6497917408573777,,2,Limited Tournament Impact,0.31654272208089895,9.7,
El Hadji Malick Diouf,SEN,DF,0.0,202.0,0,0,0,0,0,0,0,0.0,0.0,5,89,74,83,9,33,0,7,71,0,0,0,14,37,5,2,0,0,0,0,0,,,,53,17,17,19,11,42,1,16,23,194,4.77,268,97,21779.39,-1.0123916658537604,0.858816365655955,-0.041567727510276,0.2744427481759692,,0,Balanced Contributors,0.6313708175297171,19.4,
Eldor Shomurodov,UZB,FW,1.0,304.0,0,2,4,25,4,0,0,0.17,5.79,0,72,52,72,1,0,5,4,25,0,0,0,28,96,11,8,4,0,0,0,1,,,,97,45,45,7,69,28,1,68,58,175,5.96,274,149,30198.42,1.6701387631438414,-0.2706188747448118,2.542425925749981,2.560575860359416,,1,Dynamic Attackers,1.030744007606867,31.7,
Elias Achouri,TUN,FW,0.0,58.0,0,1,3,0,0,3,0,0.13,0.0,0,8,7,88,0,0,0,0,0,0,0,0,1,19,6,0,1,0,0,0,1,,,,31,17,13,1,16,15,0,3,10,33,6.83,68,40,6477.05,-0.0631710719216299,-1.6875538050875447,-0.817483785865934,-1.323704254679628,,2,Limited Tournament Impact,0.2975826856024118,9.1,
Elias Saad,TUN,FW,0.0,124.0,0,0,1,0,0,1,0,0.06,0.0,1,29,22,76,2,0,1,1,100,0,0,0,6,53,3,1,3,0,0,0,1,,,,45,12,32,1,25,20,2,19,35,76,4.99,199,86,15480.51,-0.9104661883556436,-0.5329806410241754,0.0301886991615749,-0.071611711185095,,0,Balanced Contributors,0.5137054370754027,15.8,
Elijah Just,NZL,MF,3.0,291.0,0,5,7,43,5,2,0,0.86,3.48,0,99,85,86,1,0,4,5,20,2,50,0,19,152,18,3,2,1,0,0,0,,,,162,36,101,25,100,62,2,35,72,236,6.88,460,178,33430.3,4.851457270837898,0.815765993283505,2.6891687461367773,4.344038155387889,,1,Dynamic Attackers,1.3499492599714715,41.5,
Elisha Owusu,GHA,MF,0.0,166.0,0,0,0,0,0,0,0,0.0,0.0,0,58,50,86,4,25,2,1,0,0,0,0,5,55,10,2,0,0,0,0,0,,,,36,8,9,19,23,13,2,7,41,134,5.07,262,74,18829.07,-1.3243189297858935,-0.6006170154230646,-0.094982819559152,-0.2085073481377722,,0,Balanced Contributors,0.47298208683087045,14.5,
Elliot Anderson,ENG,MF,0.0,693.0,1,1,7,0,3,4,2,0.38,0.0,3,434,385,89,6,50,1,17,71,10,90,0,27,147,47,7,9,0,0,0,0,,,,328,20,75,233,238,90,2,12,166,836,6.71,851,240,65814.51,2.3494176821065054,7.29027142449217,6.122881858642275,10.082537090736526,,5,Elite All-Round Performers,2.438059615690357,75.0,
Elliot Stroud,SWE,DF,0.0,183.0,0,0,1,0,1,0,0,0.09,0.0,3,49,38,78,6,33,3,6,50,0,0,0,9,61,7,3,1,0,0,0,0,,,,37,9,19,9,10,27,0,10,21,115,6.96,251,94,20520.74,-0.7912971439778976,0.3573569983733552,0.20804448923692,-0.1690187697330012,,0,Balanced Contributors,0.5991626201226878,18.4,
Ellyes Skhiri,TUN,MF,0.0,267.0,0,0,0,0,0,0,0,0.0,0.0,0,109,99,91,0,0,0,3,0,2,100,1,10,40,10,0,1,0,0,0,0,,,,63,2,18,43,53,10,0,7,20,230,6.61,286,59,29334.81,-1.3243189297858935,0.5386358061137458,0.2224345673354697,0.3725814084568238,,0,Balanced Contributors,0.6269932984877191,19.3,
Eloy Room,CUW,GK,0.0,300.0,0,0,0,0,0,0,0,0.0,0.0,0,89,48,54,0,0,0,1,0,0,0,0,0,0,0,0,0,0,0,0,0,21.0,81.0,72.0,9,0,0,9,3,6,0,0,3,160,3.12,15,1,15611.7,-1.3243189297858935,-1.3672243592565343,-1.631956563153904,-2.215697588036976,3.1485535165688443,-1,Goalkeeper,0.1437638532248307,4.4,64.1
Elye Wahi,CIV,FW,0.0,127.0,0,2,3,0,3,0,0,0.48,0.0,0,21,15,71,1,0,0,3,33,0,0,0,5,60,3,0,0,0,0,0,0,,,,56,37,19,0,49,7,3,24,22,55,4.51,154,63,13009.5,0.3680335215692492,-1.1538818939995172,-0.4707281679845838,-0.1155986523412551,,0,Balanced Contributors,0.4598212443554181,14.1,
Emam Ashour,EGY,MF,2.0,395.0,0,2,10,20,5,5,1,1.06,1.89,4,207,176,85,3,0,3,7,57,3,100,0,19,72,12,2,13,0,0,0,0,,,,241,49,128,64,114,127,5,50,85,471,6.48,522,185,42840.52,4.776100242216967,2.699377523221228,3.3257373968304487,7.052077821082736,,5,Elite All-Round Performers,1.7152128400446198,52.7,
Emiliano Martinez,ARG,GK,0.0,794.0,0,0,0,0,0,0,0,0.0,0.0,0,211,161,76,0,0,0,8,25,0,0,0,0,0,0,0,0,0,0,0,0,8.0,76.0,64.0,38,0,0,38,21,17,0,0,2,352,2.72,56,12,31299.07,-1.3243189297858935,0.6114575125430917,-1.631956563153904,-1.0959104480122914,1.7781960954038845,-1,Goalkeeper,0.3631747199418438,11.2,43.9
Emiliano Martinez,URU,MF,0.0,0.0,0,0,0,0,0,0,0,0.0,0.0,0,0,0,0,0,0,0,0,0,0,0,0,0,0,0,0,0,0,0,0,0,,,,0,0,0,0,0,0,0,0,0,0,0.0,0,0,0.0,-1.3243189297858935,-2.4642577606874845,-1.631956563153904,-3.2142549945655188,,2,Limited Tournament Impact,0.0,0.0,
Emmanuel Agbadou,CIV,DF,0.0,308.0,0,1,3,0,1,2,1,0.05,0.0,0,154,142,92,0,0,0,1,0,0,0,0,4,28,8,0,0,0,0,0,0,,,,31,0,6,25,17,14,0,5,31,323,4.16,250,72,28516.79,0.0907865875825277,-0.3831567709305425,-0.5796764207177909,-0.3027931919528182,,0,Balanced Contributors,0.48791307418165786,15.0,
Endrick,BRA,FW,0.0,146.0,0,0,3,0,2,1,0,0.68,0.0,0,20,16,80,1,0,1,4,25,0,0,0,3,53,5,1,1,0,0,0,1,,,,51,36,12,3,44,7,2,18,20,57,4.67,103,57,13958.58,0.0613187023460036,-0.9610630032988444,-0.3776853203931485,-0.4473244084584917,,0,Balanced Contributors,0.4534326188130132,13.9,
Enner Valencia,ECU,FW,0.0,311.0,0,6,10,0,9,1,2,1.53,0.0,0,40,33,83,1,0,2,1,0,0,0,0,8,91,11,4,7,0,0,0,2,,,,98,56,35,7,64,34,9,42,43,125,5.71,233,108,29489.89,4.617892645566569,-1.1456117493404123,1.7568750473281505,2.410685001851688,,1,Dynamic Attackers,0.9834935960124819,30.2,
Enzo Fernandez,ARG,MF,2.0,658.0,0,4,12,17,4,8,2,0.9,2.22,0,483,448,93,5,40,5,20,75,8,88,0,28,121,14,6,4,0,0,0,1,,,,276,44,104,128,155,121,4,72,125,853,5.44,753,248,60303.56,5.767386244159206,7.916184150381198,3.0042344854639227,9.443963057100024,,5,Elite All-Round Performers,2.2651416142692753,69.6,
Eom Jisung,KOR,MF,0.0,53.0,0,0,0,0,0,0,0,0.0,0.0,0,9,9,100,3,67,2,2,100,0,0,0,0,2,0,0,1,0,0,0,0,,,,15,7,6,2,4,11,2,5,3,23,4.64,72,36,6234.99,-1.3243189297858935,0.2957069970941247,-1.437737741285673,-1.8073344390895263,,2,Limited Tournament Impact,0.31618693155207017,9.7,
Eray Coemert,SUI,DF,0.0,39.0,0,0,0,0,0,0,0,0.0,0.0,0,5,5,100,0,0,0,0,0,0,0,0,1,9,1,0,0,0,0,0,0,,,,2,1,0,1,1,1,0,0,2,13,1.0,32,11,3959.81,-1.3243189297858935,-1.61121546324101,-1.408317205248891,-2.878852808608157,,2,Limited Tournament Impact,0.10809291004695304,3.3,
Eren Elmali,TUR,DF,0.0,134.0,0,0,0,0,0,0,0,0.0,0.0,0,59,52,88,4,25,2,1,100,1,100,0,4,26,3,2,1,1,0,0,0,,,,26,12,11,3,11,15,3,8,30,121,4.45,135,60,14528.21,-1.3243189297858935,1.151521668700358,-0.7377474832543636,-0.7889936810464973,,0,Balanced Contributors,0.511619555325451,15.7,
Eric Davis,PAN,DF,0.0,14.0,0,0,1,0,0,1,0,0.0,0.0,2,7,3,43,3,33,0,2,0,0,0,0,1,1,1,0,1,0,0,0,0,,,,5,1,4,0,2,3,0,2,4,18,4.82,30,18,1809.13,-0.8947770294679409,-1.463589090077,-1.3249101661554652,-2.3993629743621088,,2,Limited Tournament Impact,0.17153395941273616,5.3,
Eric Garcia,ESP,DF,0.0,0.0,0,0,0,0,0,0,0,0.0,0.0,0,0,0,0,0,0,0,0,0,0,0,0,0,0,0,0,0,0,0,0,0,,,,0,0,0,0,0,0,0,0,0,0,0.0,0,0,0.0,-1.3243189297858935,-2.4642577606874845,-1.631956563153904,-3.2142549945655188,,2,Limited Tournament Impact,0.0,0.0,
Eric Smith,SWE,DF,0.0,0.0,0,0,0,0,0,0,0,0.0,0.0,0,0,0,0,0,0,0,0,0,0,0,0,0,0,0,0,0,0,0,0,0,,,,0,0,0,0,0,0,0,0,0,0,0.0,0,0,0.0,-1.3243189297858935,-2.4642577606874845,-1.631956563153904,-3.2142549945655188,,2,Limited Tournament Impact,0.0,0.0,
Erik Lira,MEX,MF,0.0,391.0,1,0,0,0,0,0,0,0.0,0.0,0,199,182,91,2,100,2,2,0,5,100,0,17,81,26,3,4,0,0,0,0,,,,139,4,59,76,105,34,1,11,46,425,5.34,497,137,43502.52,-0.9160271656025613,2.896161655261149,2.614630854836587,3.2545196352402805,,3,Complete Midfielders,1.2306120249095795,37.8,
Erling Haaland,NOR,FW,7.0,537.0,0,12,19,37,18,1,7,4.62,1.51,0,47,34,72,1,0,1,4,25,0,0,0,11,108,5,5,3,0,0,0,0,,,,73,51,22,0,59,14,8,64,68,171,4.61,375,172,49468.92,16.243998841658964,-0.8372952390938829,1.0744181686845165,3.0446247962987942,,4,Tournament Superstars,1.4002080971225839,43.0,
Ermedin Demirovic,BIH,FW,0.0,399.0,0,4,4,0,1,3,0,0.08,0.0,0,39,29,74,0,0,1,5,80,0,0,0,19,131,15,11,3,1,0,0,1,,,,106,67,31,8,82,24,3,36,53,112,6.09,375,176,40423.23,0.9107150469752554,-0.406593226353831,2.4437413648460278,2.8624451364117265,,3,Complete Midfielders,1.0004417781185948,30.8,
Ermin Mahmic,BIH,MF,2.0,88.0,0,2,4,50,2,2,0,0.34,5.88,0,16,12,75,1,0,0,0,0,1,100,0,1,41,3,1,1,1,0,0,0,,,,35,13,16,6,26,9,0,6,5,45,5.34,155,57,10657.09,2.666126185892372,-0.7575306990400423,-0.7584769665382913,-1.137551285152608,,0,Balanced Contributors,0.485968990464349,14.9,
Ernest Nuamah,GHA,FW,0.0,109.0,1,0,0,0,0,0,0,0.0,0.0,0,29,20,69,0,0,2,2,50,1,100,0,2,58,6,2,2,0,0,0,0,,,,22,7,12,3,12,10,2,15,27,74,4.98,148,60,12051.38,-0.9160271656025613,-0.0092644411207732,-0.1509456485822112,-0.931294884447215,,0,Balanced Contributors,0.48596125148578523,14.9,
Esmir Bajraktarevic,BIH,FW,0.0,262.0,0,2,3,0,1,2,0,0.11,0.0,1,71,58,82,8,0,3,0,0,0,0,0,16,85,8,1,2,0,0,0,0,,,,106,45,48,13,40,66,5,35,61,180,6.49,318,145,28616.79,0.2003585116024833,-0.5000736303786619,1.1438523015096826,2.8244339900376425,,0,Balanced Contributors,0.8364669091311265,25.7,
Evan Ndicka,CIV,DF,0.0,0.0,0,0,0,0,0,0,0,0.0,0.0,0,0,0,0,0,0,0,0,0,0,0,0,0,0,0,0,0,0,0,0,0,,,,0,0,0,0,0,0,0,0,0,0,0.0,0,0,0.0,-1.3243189297858935,-2.4642577606874845,-1.631956563153904,-3.2142549945655188,,2,Limited Tournament Impact,0.0,0.0,
Evann Guessand,CIV,FW,0.0,27.0,0,0,1,0,1,0,1,0.14,0.0,0,5,4,80,0,0,0,0,0,0,0,0,2,9,2,1,0,0,0,0,0,,,,3,2,1,0,3,0,0,8,7,14,2.82,32,14,2736.85,-0.6943705312413153,-1.7777565063270684,-1.284408451841203,-2.549544036410889,,2,Limited Tournament Impact,0.14961555381536784,4.6,
Evidence Makgopa,RSA,FW,0.0,241.0,0,3,4,0,4,0,2,0.42,0.0,0,29,20,69,0,0,0,1,100,0,0,0,15,76,9,1,1,0,0,0,2,,,,43,32,10,1,35,8,3,30,28,77,6.21,319,106,25410.78,1.3331565701467372,-0.811775512771713,0.8713425468093521,0.5706831767228243,,0,Balanced Contributors,0.6945320324167322,21.4,
Exequiel Palacios,ARG,MF,0.0,100.0,0,0,0,0,0,0,0,0.0,0.0,0,94,89,95,0,0,0,0,0,0,0,0,1,5,1,1,1,0,0,0,0,,,,18,3,4,11,7,11,1,4,21,190,1.0,113,37,10029.01,-1.3243189297858935,-0.9219641520045968,-1.2805854530455432,-1.7132223910635127,,2,Limited Tournament Impact,0.24257348902551018,7.5,
Ezri Konsa,ENG,DF,0.0,637.0,0,1,2,0,2,0,1,0.26,0.0,0,440,423,96,3,0,1,3,100,3,67,0,14,58,16,7,11,0,0,0,0,,,,125,4,8,113,66,59,0,3,54,859,5.7,549,160,57635.86,-0.0794973866615068,4.383786027626148,2.761281511611527,3.846923299013069,,3,Complete Midfielders,1.4259212053570423,43.8,
Fabian Balbuena,PAR,DF,0.0,0.0,0,0,0,0,0,0,0,0.0,0.0,0,0,0,0,0,0,0,0,0,0,0,0,0,0,0,0,0,0,0,0,0,,,,0,0,0,0,0,0,0,0,0,0,1.55,2,1,90.04,-1.3243189297858935,-2.4642577606874845,-1.631956563153904,-3.053065233858442,,2,Limited Tournament Impact,0.009438215698158614,0.3,
Fabian Rieder,SUI,MF,0.0,332.0,0,2,7,0,4,3,0,1.09,0.0,8,87,71,82,16,0,2,10,40,2,100,0,19,210,30,3,6,0,0,0,0,,,,172,48,110,14,106,66,7,56,82,232,6.04,566,179,38929.3,2.5319967693336167,2.3099437274919548,4.759219358591445,5.437722713522052,,5,Elite All-Round Performers,1.6505753629958713,50.7,
Fabian Ruiz,ESP,MF,1.0,301.0,0,2,8,13,4,4,1,1.33,0.75,0,246,220,89,7,29,0,11,64,3,100,0,7,67,6,1,3,0,0,0,0,,,,262,38,116,108,174,88,2,36,77,534,7.02,433,98,34605.27,3.4834351001819086,3.66065955227927,0.4324200169719433,6.354327828566554,,1,Dynamic Attackers,1.4157495590535123,43.5,
Fabinho,BRA,MF,0.0,95.0,0,0,1,0,1,0,1,0.02,0.0,0,43,42,98,0,0,0,0,0,0,0,0,1,24,5,4,0,1,0,0,0,,,,34,0,12,22,29,5,0,1,11,93,3.79,117,36,9907.51,-0.7877631190387633,-1.310866324646243,-0.9957273940507778,-1.4618935078598911,,2,Limited Tournament Impact,0.2747684751997309,8.4,
Facundo Medina,ARG,DF,0.0,283.0,1,0,0,0,0,0,0,0.0,0.0,0,139,131,94,4,50,0,1,100,0,0,0,12,58,14,3,2,1,0,0,1,,,,124,41,33,50,25,99,5,19,41,281,3.96,330,104,29270.89,-0.9160271656025613,0.9536633559733269,0.9649558169767188,2.555297506888271,,3,Complete Midfielders,0.8754017487391789,26.9,
Facundo Pellistri,URU,FW,0.0,0.0,0,0,0,0,0,0,0,0.0,0.0,0,0,0,0,0,0,0,0,0,0,0,0,0,0,0,0,0,0,0,0,0,,,,0,0,0,0,0,0,0,0,0,0,0.0,0,0,0.0,-1.3243189297858935,-2.4642577606874845,-1.631956563153904,-3.2142549945655188,,2,Limited Tournament Impact,0.0,0.0,
Fahad Talib,IRQ,GK,0.0,0.0,0,0,0,0,0,0,0,0.0,0.0,0,0,0,0,0,0,0,0,0,0,0,0,0,0,0,0,0,0,0,0,0,0.0,0.0,0.0,0,0,0,0,0,0,0,0,0,0,0.0,0,0,0.0,-1.3243189297858935,-2.4642577606874845,-1.631956563153904,-3.2142549945655188,-1.2038479457474982,-1,Goalkeeper,0.0,0.0,0.0
Fares Chaibi,ALG,MF,0.0,403.0,0,3,9,0,4,5,1,0.64,0.0,4,244,220,90,7,0,3,10,50,3,100,0,30,140,16,3,2,1,0,0,1,,,,202,38,84,80,121,81,4,46,102,535,6.76,549,177,45534.2,3.032603706466335,3.521588301633463,3.118481448924889,6.3236514721819885,,5,Elite All-Round Performers,1.6525221272126238,50.8,
Fares Ghedjemis,ALG,FW,0.0,2.0,0,0,0,0,0,0,0,0.0,0.0,0,0,0,0,0,0,0,0,0,0,0,0,0,2,0,0,0,0,0,0,0,,,,0,0,0,0,0,0,0,0,0,0,1.62,5,4,300.02,-1.3243189297858935,-2.4642577606874845,-1.6097942065989432,-3.025333178251417,,2,Limited Tournament Impact,0.013255027011567139,0.4,
Farrukh Sayfiev,UZB,DF,0.0,55.0,0,0,0,0,0,0,0,0.0,0.0,0,14,12,86,1,0,1,2,100,0,0,0,1,5,0,0,2,0,0,0,0,,,,5,2,2,1,1,4,3,4,13,29,2.07,71,31,5770.14,-1.3243189297858935,-0.5280359517409831,-1.1701220219912494,-2.1540439766359336,,2,Limited Tournament Impact,0.25832052458960564,7.9,
Federico Valverde,URU,MF,0.0,272.0,0,2,10,0,3,7,0,0.5,0.0,2,120,98,82,8,0,2,12,67,5,100,0,19,76,8,1,0,0,0,0,0,,,,82,24,33,25,37,45,3,32,60,281,5.78,228,99,25916.6,2.64176682165737,3.099197864218165,0.8869559238319532,1.7460956813794448,,1,Dynamic Attackers,1.116610821848678,34.3,
Federico Vinas,URU,FW,0.0,211.0,0,3,6,0,6,0,5,0.39,0.0,0,29,18,62,0,0,0,1,0,0,0,0,12,63,6,3,3,0,0,0,3,,,,106,58,42,6,80,26,4,21,29,82,5.73,195,102,20225.71,2.5969585749394115,-1.6777585638239565,0.6996738996055808,1.5488925956228077,,1,Dynamic Attackers,0.7134904660190213,21.9,
Felix Nmecha,GER,MF,1.0,299.0,1,3,8,13,3,5,0,0.49,2.04,0,131,120,92,2,0,5,4,75,1,0,0,9,74,21,3,3,0,0,0,0,,,,113,38,47,28,73,40,3,26,66,313,6.64,442,141,33325.14,3.3719241436164795,1.0923851518028231,1.558515217096376,3.10279962724324,,1,Dynamic Attackers,1.133047247516622,34.8,
Felix Torres,ECU,DF,0.0,12.0,0,0,0,0,0,0,0,0.0,0.0,0,0,0,0,0,0,0,0,0,0,0,0,0,1,1,0,0,0,0,0,0,,,,0,0,0,0,0,0,0,0,0,0,1.15,5,0,989.25,-1.3243189297858935,-2.4642577606874845,-1.5592823506174471,-3.077018753984143,,2,Limited Tournament Impact,0.01522689500330926,0.5,
Feras Albrikan,KSA,FW,0.0,262.0,0,0,0,0,0,0,0,0.0,0.0,0,51,32,63,0,0,0,5,0,0,0,0,11,150,11,2,3,1,0,0,0,,,,51,27,23,1,33,18,2,38,41,108,6.49,328,123,28286.37,-1.3243189297858935,-1.1707581805444405,1.9093858618925563,1.0841270289401863,,0,Balanced Contributors,0.7026773166909795,21.6,
Ferdi Kadioglu,TUR,DF,0.0,179.0,0,0,1,0,0,1,0,0.04,0.0,0,175,161,92,4,0,1,9,78,1,0,0,0,16,7,0,3,0,0,0,0,,,,97,30,33,34,36,61,2,32,41,353,4.36,218,101,19552.43,-0.9884170724416448,1.6405790937079423,-0.5073370749615708,1.6655362226898838,,0,Balanced Contributors,0.7283904706034372,22.4,
Fernando Muslera,URU,GK,0.0,261.0,0,0,0,0,0,0,0,0.0,0.0,0,71,57,80,0,0,0,1,0,0,0,0,0,0,0,0,0,0,0,0,0,4.0,41.0,34.0,28,0,0,28,19,9,0,0,0,144,2.5,22,7,11069.12,-1.3243189297858935,-1.19022024160888,-1.631956563153904,-2.004762374150745,0.3674999623654362,-1,Goalkeeper,0.16987699231648595,5.2,23.1
Ferran Torres,ESP,FW,0.0,274.0,1,2,11,0,10,1,4,2.28,0.0,0,76,58,76,5,0,2,11,45,0,0,0,8,80,11,5,2,1,0,0,2,,,,195,94,74,27,161,34,10,81,57,218,6.46,289,155,28737.7,5.39340957505151,0.5174803124161587,0.7746997597095137,5.479747900785822,,1,Dynamic Attackers,1.2235424261940597,37.6,
Fidel Escobar,PAN,DF,0.0,98.0,0,0,0,0,0,0,0,0.0,0.0,0,27,20,74,1,100,0,1,100,1,0,0,2,16,5,1,0,0,0,0,0,,,,8,2,3,3,1,7,0,1,20,52,1.93,106,45,9536.99,-1.3243189297858935,0.2751958805625141,-1.02206110112191,-2.0867086813814555,,0,Balanced Contributors,0.33936578857894656,10.4,
Findlay Curtis,SCO,FW,0.0,21.0,0,0,0,0,0,0,0,0.0,0.0,0,2,2,100,2,0,1,1,100,0,0,0,1,12,0,1,0,1,0,0,0,,,,8,5,3,0,2,6,0,2,3,9,5.61,35,16,2919.32,-1.3243189297858935,-0.5357753005399416,-1.4366667046754258,-2.2530901947036024,,2,Limited Tournament Impact,0.22554422679500674,6.9,
Finn Surman,NZL,DF,1.0,306.0,0,1,2,50,2,0,2,0.24,4.18,0,145,135,93,0,0,0,1,100,0,0,0,5,28,11,4,1,0,0,0,0,,,,60,0,0,60,21,39,0,4,24,310,6.05,310,103,30931.08,1.5902523496149763,0.3581644877514082,-0.1605251334788797,0.6350417940908553,,0,Balanced Contributors,0.6965162181801725,21.4,
Firas Chaouat,TUN,FW,0.0,66.0,0,0,0,0,0,0,0,0.0,0.0,0,7,7,100,0,0,0,0,0,0,0,0,0,18,0,1,2,0,0,0,3,,,,25,22,3,0,20,5,1,5,5,14,6.2,83,35,6946.94,-1.3243189297858935,-1.5943236805919287,-1.0883824235327144,-1.485495717676744,,2,Limited Tournament Impact,0.22265021744703317,6.8,
Fiston Mayele,COD,FW,1.0,55.0,0,1,5,20,4,1,1,0.72,1.39,0,11,7,64,0,0,0,0,0,0,0,0,3,23,0,1,1,0,0,0,1,,,,21,13,8,0,17,4,2,16,18,35,3.03,72,35,5777.74,1.9854118047204277,-1.8699466376755396,-1.0180858400124462,-1.58653948128944,,2,Limited Tournament Impact,0.32272369401083284,9.9,
Florian Grillitsch,AUT,MF,0.0,102.0,0,0,0,0,0,0,0,0.0,0.0,0,60,55,92,1,0,0,5,80,0,0,0,0,49,11,3,1,0,0,0,0,,,,31,2,10,19,22,9,0,3,16,133,3.44,142,41,11799.4,-1.3243189297858935,-0.0995672131918008,-0.2393989853953482,-1.3353602691764552,,0,Balanced Contributors,0.43166759925914777,13.3,
Florian Wiegele,AUT,GK,0.0,0.0,0,0,0,0,0,0,0,0.0,0.0,0,0,0,0,0,0,0,0,0,0,0,0,0,0,0,0,0,0,0,0,0,0.0,0.0,0.0,0,0,0,0,0,0,0,0,0,0,0.0,0,0,0.0,-1.3243189297858935,-2.4642577606874845,-1.631956563153904,-3.2142549945655188,-1.2038479457474982,-1,Goalkeeper,0.0,0.0,0.0
Florian Wirtz,GER,MF,0.0,405.0,3,1,10,0,5,5,0,0.97,0.0,5,271,223,82,12,42,14,15,67,2,100,0,17,123,18,1,3,0,0,0,1,,,,218,71,100,47,96,122,4,117,99,599,6.85,653,229,46415.88,4.116026521635983,5.632706136059417,2.415239603105688,8.080297589363749,,5,Elite All-Round Performers,1.8893664121240028,58.1,
Folarin Balogun,USA,FW,3.0,348.0,0,5,14,21,14,0,2,2.02,1.49,0,44,30,68,6,0,4,6,67,0,0,0,29,106,7,3,8,1,1,0,3,,,,175,104,69,2,134,41,21,55,64,153,4.78,329,183,34951.64,7.689561343162067,0.1922832442457247,3.157407151890673,5.732216964131066,,1,Dynamic Attackers,1.5323868931638145,47.1,
Francis De Vries,NZL,DF,0.0,32.0,0,0,0,0,0,0,0,0.0,0.0,2,16,7,44,2,50,1,0,0,0,0,0,1,5,1,0,0,0,0,0,0,,,,13,4,4,5,4,9,0,3,4,33,4.92,56,24,3921.77,-1.1995480242130403,-1.4026548061107171,-1.4526419183588133,-2.0911716819238846,,2,Limited Tournament Impact,0.1705853056332633,5.2,
Francisco Conceicao,POR,FW,0.0,163.0,0,0,2,0,2,0,0,0.17,0.0,0,73,65,89,5,40,4,7,86,0,0,0,9,35,4,1,1,0,0,0,1,,,,75,35,36,4,19,56,6,53,56,173,5.18,201,87,17531.95,-0.6403707905382493,1.1311732234004022,-0.2648452487545029,1.667132401518976,,0,Balanced Contributors,0.7255401594032083,22.3,
Francisco Trincao,POR,FW,0.0,32.0,0,0,1,0,1,0,0,0.11,0.0,1,16,13,81,0,0,0,1,0,0,0,0,2,12,1,0,0,0,0,0,0,,,,24,6,18,0,19,5,0,8,15,35,1.52,56,32,4066.95,-0.9005026182511762,-1.5984729119160372,-1.3127579512677374,-2.005892523081368,,2,Limited Tournament Impact,0.18507981672590285,5.7,
Franck Kessie,CIV,MF,1.0,389.0,0,2,4,25,4,0,0,0.71,1.4,1,188,165,88,4,0,2,13,46,2,50,0,13,135,13,7,2,1,0,0,1,,,,130,27,59,44,101,29,4,31,83,413,6.8,553,184,44144.95,1.7971491054571571,2.43061861610431,1.8189292292324548,4.336448447169131,,3,Complete Midfielders,1.2777814995217875,39.3,
Frans Putros,IRQ,DF,0.0,105.0,0,0,0,0,0,0,0,0.0,0.0,0,28,26,93,1,0,0,2,100,1,100,0,1,26,5,2,0,0,0,0,0,,,,8,5,2,1,1,7,0,6,9,55,1.95,106,32,10283.22,-1.3243189297858935,0.4730476829482113,-0.9735650374958168,-2.159189058847784,,0,Balanced Contributors,0.3553036564611486,10.9,
Frantzdy Pierrot,HAI,FW,0.0,168.0,0,1,3,0,3,0,1,0.25,0.0,0,17,13,76,0,0,0,0,0,0,0,0,3,41,3,5,4,1,0,0,2,,,,28,19,8,1,22,6,1,23,25,48,5.98,210,61,17982.57,0.1885408842893356,-1.7219737488294429,-0.117676132301057,-0.537334524256897,,0,Balanced Contributors,0.4193598889588174,12.9,
Fredrik Andre Bjorkan,NOR,DF,0.0,50.0,0,0,0,0,0,0,0,0.0,0.0,0,21,19,90,0,0,0,0,0,0,0,0,2,21,2,0,0,0,0,0,0,,,,18,7,5,6,3,15,1,2,7,46,1.15,70,29,5776.79,-1.3243189297858935,-1.565919435973344,-1.1514343125114366,-2.171005319443081,,2,Limited Tournament Impact,0.17848061815142394,5.5,
Fredrik Aursnes,NOR,MF,0.0,355.0,0,0,2,0,1,1,0,0.02,0.0,0,178,158,89,4,25,1,5,20,1,100,0,8,63,20,5,3,0,0,0,0,,,,177,44,68,65,78,99,3,24,55,375,6.87,571,173,40597.72,-0.7281615171405899,1.718961172551054,1.312713502636402,4.889661654407094,,3,Complete Midfielders,1.112838035211855,34.2,
Frenkie De Jong,NED,MF,0.0,360.0,0,0,1,0,1,0,0,0.04,0.0,0,243,224,92,0,0,1,5,80,2,100,0,7,85,22,6,6,0,0,0,0,,,,143,2,32,109,106,37,0,8,69,519,6.5,424,109,38652.6,-1.017367080586114,2.5500622835723554,2.133539170050025,3.303360512529796,,3,Complete Midfielders,1.1552691153977488,35.5,
Gabriel Avalos,PAR,FW,0.0,170.0,0,0,1,0,1,0,0,0.05,0.0,0,23,12,52,0,0,0,4,25,0,0,0,5,46,5,1,2,0,0,0,0,,,,25,24,1,0,17,8,1,20,26,52,5.35,185,69,18764.8,-1.0095843649363268,-1.348315061439224,-0.1585656647248181,-0.6589909467399055,,0,Balanced Contributors,0.393634549921953,12.1,
Gabriel Gudmundsson,SWE,DF,0.0,356.0,0,0,0,0,0,0,0,0.0,0.0,1,147,112,76,5,20,1,7,14,2,100,0,13,58,14,5,7,1,0,0,0,,,,51,10,10,31,10,41,1,11,44,282,6.21,340,137,36816.96,-1.261933476999467,1.6353921840740775,1.8875538626917816,1.1170089615859395,,3,Complete Midfielders,0.9228925349996467,28.4,
Gabriel Magalhaes,BRA,DF,0.0,520.0,1,0,1,0,1,0,0,0.03,0.0,0,431,413,96,0,0,0,2,50,2,100,0,8,23,8,1,3,0,0,0,0,,,,57,3,2,52,25,32,0,2,22,876,5.86,500,122,50836.58,-0.6168580320525694,3.5769326451871386,0.1303499604294646,1.904138802250636,,3,Complete Midfielders,0.9695377260386344,29.8,
Gabriel Martinelli,BRA,FW,1.0,171.0,0,1,2,50,1,1,0,0.49,2.04,0,65,59,91,3,33,1,3,67,0,0,0,6,60,9,4,4,0,0,0,0,,,,110,30,42,38,71,39,2,11,32,151,5.11,216,87,18477.89,1.1500662339476626,0.1265923987716068,0.649371617971067,1.3043747110662187,,0,Balanced Contributors,0.781822434177316,24.0,
Gael Kakuta,COD,FW,0.0,0.0,0,0,0,0,0,0,0,0.0,0.0,0,0,0,0,0,0,0,0,0,0,0,0,0,0,0,0,0,0,0,0,0,,,,0,0,0,0,0,0,0,0,0,0,0.0,0,0,0.0,-1.3243189297858935,-2.4642577606874845,-1.631956563153904,-3.2142549945655188,,2,Limited Tournament Impact,0.0,0.0,
Garry Rodrigues,CPV,MF,0.0,90.0,0,0,1,0,1,0,0,0.04,0.0,0,14,11,79,2,50,2,2,100,0,0,0,3,23,1,0,0,0,0,0,2,,,,29,18,11,0,16,13,0,13,11,40,3.53,123,50,10160.29,-1.017367080586114,-0.0384222186196061,-1.12854927106674,-1.3719829445931504,,0,Balanced Contributors,0.3574663743072649,11.0,
Garven Metusala,HAI,DF,0.0,0.0,0,0,0,0,0,0,0,0.0,0.0,0,0,0,0,0,0,0,0,0,0,0,0,0,0,0,0,0,0,0,0,0,,,,0,0,0,0,0,0,0,0,0,0,0.0,0,0,0.0,-1.3243189297858935,-2.4642577606874845,-1.631956563153904,-3.2142549945655188,,2,Limited Tournament Impact,0.0,0.0,
Gaston Olveira,PAR,GK,0.0,0.0,0,0,0,0,0,0,0,0.0,0.0,0,0,0,0,0,0,0,0,0,0,0,0,0,0,0,0,0,0,0,0,0,0.0,0.0,0.0,0,0,0,0,0,0,0,0,0,0,0.0,0,0,0.0,-1.3243189297858935,-2.4642577606874845,-1.631956563153904,-3.2142549945655188,-1.2038479457474982,-1,Goalkeeper,0.0,0.0,0.0
Gatito Fernandez,PAR,GK,0.0,0.0,0,0,0,0,0,0,0,0.0,0.0,0,0,0,0,0,0,0,0,0,0,0,0,0,0,0,0,0,0,0,0,0,0.0,0.0,0.0,0,0,0,0,0,0,0,0,0,0,0.0,0,0,0.0,-1.3243189297858935,-2.4642577606874845,-1.631956563153904,-3.2142549945655188,-1.2038479457474982,-1,Goalkeeper,0.0,0.0,0.0
Gavi,ESP,MF,0.0,85.0,0,0,1,0,1,0,0,0.01,0.0,0,31,29,94,2,0,0,1,100,1,100,0,4,33,8,2,1,0,0,0,0,,,,89,27,45,17,61,28,1,22,25,78,2.2,122,45,10707.89,-1.040715227535476,0.4778340848676652,-0.3522140640171181,0.0550047679408868,,0,Balanced Contributors,0.5571305245802988,17.1,
Gedeon Kalulu,COD,DF,0.0,10.0,0,0,0,0,0,0,0,0.0,0.0,0,6,5,83,0,0,0,1,0,0,0,0,0,3,3,0,0,0,0,0,0,,,,3,1,2,0,1,2,0,4,0,11,1.7,20,6,1186.84,-1.3243189297858935,-1.657958618502361,-1.4139339255445336,-2.8469107093245665,,2,Limited Tournament Impact,0.10577314275618846,3.3,
George Hirst,SCO,FW,0.0,0.0,0,0,0,0,0,0,0,0.0,0.0,0,0,0,0,0,0,0,0,0,0,0,0,0,0,0,0,0,0,0,0,0,,,,0,0,0,0,0,0,0,0,0,0,0.0,0,0,0.0,-1.3243189297858935,-2.4642577606874845,-1.631956563153904,-3.2142549945655188,,2,Limited Tournament Impact,0.0,0.0,
Geronimo Rulli,ARG,GK,0.0,0.0,0,0,0,0,0,0,0,0.0,0.0,0,0,0,0,0,0,0,0,0,0,0,0,0,0,0,0,0,0,0,0,0,0.0,0.0,0.0,0,0,0,0,0,0,0,0,0,0,0.0,0,0,0.0,-1.3243189297858935,-2.4642577606874845,-1.631956563153904,-3.2142549945655188,-1.2038479457474982,-1,Goalkeeper,0.0,0.0,0.0
Gervane Kastaneer,CUW,FW,0.0,45.0,0,0,1,0,0,1,0,0.03,0.0,0,9,7,78,0,0,0,0,0,0,0,0,0,17,3,2,0,2,0,0,0,,,,12,11,1,0,8,4,0,7,6,19,5.92,44,21,4460.43,-0.9961997880914322,-1.7645676727666848,-1.258797429659806,-1.9826443566257352,,2,Limited Tournament Impact,0.17538354103523057,5.4,
Gessime Yassine,MAR,MF,1.0,101.0,0,1,2,50,1,1,0,0.45,2.21,1,39,34,87,1,0,2,2,50,3,67,0,1,22,6,2,3,0,0,0,0,,,,45,21,15,9,21,24,0,17,31,91,3.33,121,43,11281.33,1.1950928283366429,0.4690981172104741,-0.440127320406952,-0.7847385308582266,,0,Balanced Contributors,0.5799586445353879,17.8,
Ghislain Konan,CIV,DF,0.0,303.0,0,0,4,0,3,1,0,0.28,0.0,0,149,124,83,9,22,9,9,44,2,100,0,14,67,12,0,1,0,0,0,0,,,,62,19,25,18,14,48,5,13,60,313,4.39,323,120,29623.54,0.0258310629551403,3.18868470445856,0.8940753259402445,1.4749782741275927,,3,Complete Midfielders,1.0131862551104205,31.1,
Gideon Mensah,GHA,DF,0.0,414.0,0,0,0,0,0,0,0,0.0,0.0,0,182,156,86,3,0,1,6,33,2,100,0,10,63,18,2,2,0,0,0,0,,,,61,15,23,23,4,57,2,7,35,378,5.74,365,158,39697.98,-1.3243189297858935,1.8414765364859893,1.142102407102603,1.5614776546650917,,3,Complete Midfielders,0.8889065067189081,27.3,
Gilberto Mora,MEX,MF,0.0,236.0,0,0,5,0,3,2,0,0.13,0.0,2,87,79,91,5,20,2,5,80,1,100,0,15,96,9,3,3,0,0,0,0,,,,148,34,83,31,96,52,2,37,52,209,5.16,370,125,25800.25,0.3386322285262828,1.6147537220687616,1.437079042985503,3.180986227581919,,3,Complete Midfielders,1.0558211474405788,32.5,
Gilson Benchimol,CPV,FW,0.0,93.0,0,0,0,0,0,0,0,0.0,0.0,0,11,9,82,0,0,3,2,0,0,0,0,5,52,4,0,1,0,0,0,0,,,,35,20,15,0,24,11,1,7,12,26,3.24,123,54,9993.83,-1.3243189297858935,-1.2515543496702344,-0.3257280946321815,-1.2718825827439726,,2,Limited Tournament Impact,0.33727446304240943,10.4,
Giorgian De Arrascaeta,URU,MF,0.0,0.0,0,0,0,0,0,0,0,0.0,0.0,0,0,0,0,0,0,0,0,0,0,0,0,0,0,0,0,0,0,0,0,0,,,,0,0,0,0,0,0,0,0,0,0,0.0,0,0,0.0,-1.3243189297858935,-2.4642577606874845,-1.631956563153904,-3.2142549945655188,,2,Limited Tournament Impact,0.0,0.0,
Giovani Lo Celso,ARG,MF,1.0,64.0,0,1,1,100,0,1,0,0.15,6.61,1,51,47,92,1,100,0,0,0,0,0,0,8,23,6,1,1,0,0,0,1,,,,46,4,22,20,31,15,0,7,27,108,1.16,123,23,7525.5,1.6482948768599033,-0.4550425891179546,-0.3369490387150284,-1.307375530898939,,0,Balanced Contributors,0.5042088611201293,15.5,
Giovanni Reyna,USA,MF,1.0,155.0,0,1,2,50,2,0,0,0.22,4.61,0,94,79,84,1,0,1,9,78,1,100,0,8,46,6,1,2,0,0,0,0,,,,82,9,49,24,53,29,1,31,59,192,8.06,315,71,19203.54,1.1191832020729169,1.430217836548718,0.0899745269802939,1.547541109345575,,0,Balanced Contributors,0.8409408071662973,25.9,
Giuliano Simeone,ARG,FW,0.0,150.0,0,0,0,0,0,0,0,0.0,0.0,0,67,60,90,4,0,1,3,100,0,0,0,4,9,3,1,0,0,0,0,0,,,,38,15,20,3,12,26,2,23,23,84,1.1,102,40,8279.41,-1.3243189297858935,0.1922686712007012,-1.0981839792848027,-1.098410708979442,,0,Balanced Contributors,0.38325391644857215,11.8,
Godfried Roemeratoe,CUW,MF,0.0,12.0,0,0,0,0,0,0,0,0.0,0.0,0,3,1,33,0,0,0,0,0,0,0,0,0,4,0,0,0,0,0,0,0,,,,0,0,0,0,0,0,0,0,1,7,2.36,19,6,1454.14,-1.3243189297858935,-2.1801087990846257,-1.587631850043982,-2.886310240396121,,2,Limited Tournament Impact,0.045681022023925794,1.4,
Goncalo Guedes,POR,FW,0.0,0.0,0,0,0,0,0,0,0,0.0,0.0,0,0,0,0,0,0,0,0,0,0,0,0,0,0,0,0,0,0,0,0,0,,,,0,0,0,0,0,0,0,0,0,0,0.0,0,0,0.0,-1.3243189297858935,-2.4642577606874845,-1.631956563153904,-3.2142549945655188,,2,Limited Tournament Impact,0.0,0.0,
Goncalo Inacio,POR,DF,0.0,0.0,0,0,0,0,0,0,0,0.0,0.0,0,0,0,0,0,0,0,0,0,0,0,0,0,0,0,0,0,0,0,0,0,,,,0,0,0,0,0,0,0,0,0,0,0.0,0,0,0.0,-1.3243189297858935,-2.4642577606874845,-1.631956563153904,-3.2142549945655188,,2,Limited Tournament Impact,0.0,0.0,
Goncalo Ramos,POR,FW,1.0,58.0,0,1,2,50,2,0,2,0.13,7.42,0,11,10,91,0,0,0,0,0,0,0,0,5,32,3,0,0,0,0,0,0,,,,12,8,4,0,11,1,1,10,11,31,2.83,101,40,6429.87,1.7671206751938917,-1.6378917458892095,-0.7810011597540386,-1.9316770168301851,,2,Limited Tournament Impact,0.3360719159742006,10.3,
Gonzalo Montiel,ARG,DF,0.0,180.0,1,0,1,0,1,0,0,0.15,0.0,0,81,69,85,5,0,0,0,0,0,0,0,2,11,4,3,0,1,0,0,0,,,,46,28,11,7,14,32,2,15,27,136,4.41,218,61,16402.97,-0.5234654442551214,-0.8516502936898922,-1.139060026768289,-0.1857162037279909,,0,Balanced Contributors,0.3806339097570446,11.7,
Gonzalo Plata,ECU,FW,1.0,407.0,0,5,8,13,4,4,1,1.16,0.86,4,147,118,80,9,11,8,8,38,1,100,0,14,135,11,5,4,1,0,0,0,,,,174,31,119,24,112,62,3,86,108,362,6.52,494,187,44302.06,4.3465607526628185,2.6067455032810485,2.1021718104897547,5.950183606801967,,1,Dynamic Attackers,1.5067831136685328,46.3,
Gonzalo Valle,ECU,GK,0.0,0.0,0,0,0,0,0,0,0,0.0,0.0,0,0,0,0,0,0,0,0,0,0,0,0,0,0,0,0,0,0,0,0,0,0.0,0.0,0.0,0,0,0,0,0,0,0,0,0,0,0.0,0,0,0.0,-1.3243189297858935,-2.4642577606874845,-1.631956563153904,-3.2142549945655188,-1.2038479457474982,-1,Goalkeeper,0.0,0.0,0.0
Granit Xhaka,SUI,MF,1.0,673.0,0,2,9,11,1,8,0,1.16,0.86,0,470,427,91,4,0,2,15,47,8,100,0,28,116,18,4,12,2,0,0,0,,,,330,5,129,196,231,99,0,35,110,997,6.51,1062,210,72775.82,3.4822497520570344,6.517375512100573,4.571652453618587,10.28245856938881,,5,Elite All-Round Performers,2.2774073367156085,70.0,
Grant Hanley,SCO,DF,0.0,203.0,0,0,0,0,0,0,0,0.0,0.0,0,101,94,93,0,0,0,5,40,3,100,0,2,11,2,1,0,0,0,0,1,,,,41,0,0,41,12,29,0,1,14,206,3.88,173,45,19774.95,-1.3243189297858935,1.1991880445437142,-1.2622460952862418,-0.8417127122801297,,0,Balanced Contributors,0.4603387033922055,14.2,
Gregor Kobel,SUI,GK,0.0,673.0,0,0,0,0,0,0,0,0.0,0.0,0,255,190,75,0,0,0,6,0,2,50,0,0,0,0,0,3,0,0,0,0,20.0,100.0,88.0,60,0,0,60,32,28,0,0,10,472,3.39,82,13,38006.08,-1.3243189297858935,1.303220560742067,-1.1157871672140938,-0.2251764054544483,3.627891468906653,-1,Goalkeeper,0.5190199732793132,16.0,71.1
Guela Doue,CIV,DF,0.0,311.0,0,0,1,0,1,0,0,0.01,0.0,0,163,143,88,11,45,0,9,56,2,100,0,12,78,19,6,5,1,0,0,0,,,,85,29,38,18,26,59,3,28,73,343,6.19,353,132,31331.08,-1.040715227535476,2.895336208314055,2.0107139497610214,2.455829678159118,,3,Complete Midfielders,1.1194849110140948,34.4,
Guillermo Martinez,MEX,FW,0.0,87.0,0,0,0,0,0,0,0,0.0,0.0,0,13,12,92,1,0,0,0,0,0,0,0,3,41,4,3,1,0,0,0,0,,,,35,20,14,1,32,3,0,14,16,35,2.54,89,46,9361.92,-1.3243189297858935,-1.5545236240188425,-0.5722524939818912,-1.3984607991412628,,2,Limited Tournament Impact,0.2819128444433224,8.7,
Guillermo Ochoa,MEX,GK,0.0,18.0,0,0,0,0,0,0,0,0.0,0.0,0,9,4,44,0,0,0,2,50,0,0,0,0,0,0,0,0,0,0,0,0,0.0,3.0,3.0,2,0,0,2,1,1,0,0,0,14,0.74,5,0,1147.02,-1.3243189297858935,-1.4790896396837858,-1.631956563153904,-3.0584615625109635,-1.1057225530346704,-1,Goalkeeper,0.08571954000507095,2.6,1.4
Guillermo Varela,URU,DF,0.0,313.0,0,0,2,0,0,2,0,0.01,0.0,0,134,119,89,10,30,1,8,75,1,100,0,8,20,5,1,1,1,0,0,0,,,,115,33,49,33,24,91,4,26,34,271,6.27,352,149,32750.8,-0.7069942246459078,2.4603681183426267,-0.4317856078064464,2.822257274100866,,3,Complete Midfielders,0.8775783216317062,27.0,
Gustaf Lagerbielke,SWE,DF,0.0,400.0,0,1,3,0,3,0,3,0.13,0.0,0,206,173,84,1,0,1,7,57,1,100,0,8,50,14,1,3,0,0,0,1,,,,46,0,8,38,11,35,0,11,35,433,6.18,436,119,41310.47,0.585487082185739,1.9551913612689835,0.7990999794752971,1.151131219268008,,3,Complete Midfielders,0.9092909321377268,28.0,
Gustaf Nilsson,SWE,FW,0.0,5.0,0,0,1,0,1,0,1,0.01,0.0,0,2,1,50,0,0,0,0,0,0,0,0,0,3,0,0,0,0,0,0,0,,,,3,1,2,0,2,1,0,2,3,6,2.14,11,2,713.65,-0.7955458346885506,-2.0463380325478218,-1.5987130283214626,-2.846169877163722,,2,Limited Tournament Impact,0.07658129537044653,2.4,
Gustavo Caballero,PAR,MF,0.0,117.0,0,1,1,0,1,0,1,0.07,0.0,0,8,5,63,0,0,1,1,0,0,0,0,2,36,8,2,2,0,0,0,1,,,,13,9,3,1,8,5,1,11,11,27,2.52,169,57,12413.4,-0.5031899706080958,-1.7154417524394712,-0.2715455021688301,-1.6532812928437,,2,Limited Tournament Impact,0.3141227577798792,9.7,
Gustavo Gomez,PAR,DF,0.0,554.0,0,0,2,0,2,0,2,0.07,0.0,0,91,80,88,0,0,0,0,0,0,0,0,9,31,10,3,2,0,0,0,1,,,,9,2,1,6,6,3,1,3,7,188,5.32,342,109,49082.71,-0.2278591613422711,-1.0303295743637064,0.2324447090027033,-0.3100115693965821,,0,Balanced Contributors,0.5059355180394409,15.6,
Gustavo Puerta,COL,DF,0.0,520.0,1,5,14,0,3,11,0,0.53,0.0,0,290,264,91,2,0,4,4,50,3,67,0,22,147,30,9,8,1,0,0,0,,,,260,48,108,104,145,115,3,44,116,643,6.63,742,195,57392.35,4.9046985167428,2.955014016162052,4.592165215182848,8.249174148522316,,5,Elite All-Round Performers,1.9351786341204773,59.5,
Gustavo Velazquez,PAR,DF,0.0,293.0,0,0,0,0,0,0,0,0.0,0.0,0,80,57,71,4,0,0,6,17,3,100,0,3,24,3,2,0,0,0,0,0,,,,20,2,3,15,6,14,0,5,11,177,5.35,197,66,25381.16,-1.3243189297858935,0.909782440992958,-0.9942820242713069,-0.9033339101659696,,0,Balanced Contributors,0.4607446577554409,14.2,
Guus Til,NED,MF,0.0,36.0,0,0,0,0,0,0,0,0.0,0.0,0,8,7,88,0,0,0,1,0,0,0,0,1,20,1,0,0,0,0,0,0,,,,20,11,8,1,9,11,0,6,5,19,1.75,56,28,4267.29,-1.3243189297858935,-1.600526193812091,-1.2864242441966054,-2.194232127433579,,2,Limited Tournament Impact,0.16107242658329024,5.0,
Habib Diarra,SEN,MF,2.0,168.0,0,1,3,67,2,1,0,0.54,3.68,0,54,52,96,1,0,0,2,50,0,0,0,12,73,14,2,2,0,0,0,0,,,,68,36,19,13,52,16,1,15,33,133,4.92,221,92,18234.36,2.2991818918283333,-0.6058982172741344,1.1311734911389266,0.422658687286419,,1,Dynamic Attackers,0.7627427566151257,23.4,
Haissem Hassan,EGY,FW,0.0,138.0,1,0,1,0,1,0,0,0.09,0.0,0,41,35,85,9,22,11,13,92,4,100,0,0,44,0,2,2,2,0,0,0,,,,76,4,37,35,11,65,2,8,9,109,2.64,184,62,15396.81,-0.5701617381538455,3.7104101547109374,-0.8002717883182205,-0.0934829938019402,,0,Balanced Contributors,0.7725609788881043,23.8,
Haji Wright,USA,FW,0.0,4.0,0,0,0,0,0,0,0,0.0,0.0,0,1,1,100,0,0,0,0,0,0,0,0,0,0,0,0,0,0,0,0,1,,,,2,2,0,0,1,1,0,1,0,2,2.72,7,4,549.32,-1.3243189297858935,-1.6449990285391731,-1.631956563153904,-2.851599329332656,,2,Limited Tournament Impact,0.0849325010482132,2.6,
Hakan Calhanoglu,TUR,MF,0.0,208.0,0,2,11,0,2,9,0,0.4,0.0,8,190,171,90,10,10,0,5,60,7,86,0,11,28,5,2,1,0,0,0,0,,,,79,8,27,44,53,26,2,9,54,420,4.59,319,72,24004.04,3.2719733847676262,3.414514061032726,-0.1561890241404663,1.2494963987188503,,1,Dynamic Attackers,1.0317657295043443,31.7,
Hamdy Fathy,EGY,MF,0.0,260.0,0,0,0,0,0,0,0,0.0,0.0,0,130,119,92,1,0,0,3,0,3,100,0,6,82,18,3,2,1,0,0,1,,,,55,5,10,40,22,33,0,9,33,274,4.96,328,96,27077.98,-1.3243189297858935,0.9826221721832928,1.1033819177798854,0.4778753219786924,,0,Balanced Contributors,0.7548500553513343,23.2,
Hamza Abdelkarim,EGY,FW,0.0,83.0,0,0,0,0,0,0,0,0.0,0.0,0,10,7,70,1,0,0,2,0,0,0,0,8,36,6,2,0,0,0,0,0,,,,21,17,4,0,17,4,1,6,6,30,5.32,120,56,9335.75,-1.3243189297858935,-1.592941850265395,-0.3649501864210517,-1.4351708317869007,,2,Limited Tournament Impact,0.2972892357529018,9.1,
Hannes Delcroix,HAI,DF,0.0,306.0,0,0,0,0,0,0,0,0.0,0.0,0,151,146,97,1,0,0,2,50,1,100,0,9,21,9,1,2,0,0,0,0,,,,11,0,2,9,3,8,0,0,16,302,5.87,298,89,30006.24,-1.3243189297858935,1.1309548035597696,0.0600398919689216,-0.5729720696881099,,0,Balanced Contributors,0.6016117368911159,18.5,
Hannibal Mejbri,TUN,MF,0.0,298.0,2,1,3,0,0,3,0,0.06,0.0,4,123,94,76,9,33,2,11,55,7,71,0,19,125,17,4,15,0,0,0,0,,,,150,25,93,32,73,77,3,30,75,289,6.27,368,102,31221.09,0.94847525804223,3.3825730792577287,4.565117947458339,3.655210331473018,,5,Elite All-Round Performers,1.5527586993691282,47.7,
Hans Vanaken,BEL,MF,1.0,362.0,2,1,5,20,4,1,0,0.64,1.56,0,164,153,93,3,0,1,2,50,2,100,0,12,145,8,0,6,0,0,0,0,,,,156,20,90,46,111,45,2,46,77,362,7.1,586,159,42602.58,2.508336219243571,1.5998538346195008,2.2476859828167477,4.742198807571914,,1,Dynamic Attackers,1.3052584209656737,40.1,
Haris Tabakovic,BIH,FW,0.0,25.0,0,0,0,0,0,0,0,0.0,0.0,0,1,1,100,0,0,0,0,0,0,0,0,0,0,0,0,0,0,0,0,0,,,,4,4,0,0,3,1,0,2,1,3,1.34,12,3,2264.93,-1.3243189297858935,-1.6449990285391731,-1.631956563153904,-2.891034354812146,,2,Limited Tournament Impact,0.08262344447473652,2.5,
Harry Kane,ENG,FW,6.0,732.0,1,11,23,26,18,5,5,3.69,1.63,0,99,73,74,3,33,1,11,55,2,100,0,25,230,19,8,8,0,0,0,2,,,,115,38,57,20,96,19,6,61,72,237,6.5,764,233,67846.27,15.792509645607518,1.9156632510246048,5.021326792811128,5.130264152923613,,4,Tournament Superstars,2.11049404359161,64.9,
Harry Souttar,AUS,DF,0.0,438.0,0,1,1,0,1,0,1,0.05,0.0,0,199,171,86,0,0,1,8,38,3,33,0,4,18,6,8,1,1,0,0,0,,,,32,3,2,27,20,12,0,6,46,409,5.87,370,82,43035.91,-0.5187554019076704,1.73866884325835,-0.6416178066972787,0.5975423389612405,,0,Balanced Contributors,0.6772891694325817,20.8,
Hassan Alhaydos,QAT,FW,1.0,69.0,0,1,1,100,1,0,0,0.66,1.51,0,14,10,71,0,0,0,1,0,0,0,0,8,46,1,1,1,0,0,0,0,,,,21,10,10,1,11,10,0,7,16,31,4.75,147,43,8290.41,1.5407177880170695,-1.7008244535687995,-0.390047109627858,-1.4907846632218964,,2,Limited Tournament Impact,0.38743986759813953,11.9,
Hassan Altambakti,KSA,DF,0.0,237.0,0,0,0,0,0,0,0,0.0,0.0,0,87,71,82,0,0,0,2,0,0,0,1,5,26,7,0,1,0,0,0,0,,,,19,0,1,18,10,9,0,1,24,184,5.62,252,67,22701.97,-1.3243189297858935,-0.960599062166908,-0.4290596270697462,-0.7949186532080148,,0,Balanced Contributors,0.3775994225012818,11.6,
Hassan Kadish,KSA,DF,0.0,0.0,0,0,0,0,0,0,0,0.0,0.0,0,0,0,0,0,0,0,0,0,0,0,0,0,0,0,0,0,0,0,0,0,,,,0,0,0,0,0,0,0,0,0,0,0.0,0,0,0.0,-1.3243189297858935,-2.4642577606874845,-1.631956563153904,-3.2142549945655188,,2,Limited Tournament Impact,0.0,0.0,
Hazem Mastouri,TUN,FW,1.0,92.0,0,2,3,33,1,2,1,0.21,4.8,0,10,7,70,1,100,1,0,0,0,0,0,1,38,4,2,2,0,0,0,0,,,,15,14,1,0,11,4,1,14,17,37,2.17,106,39,10041.14,1.745284797736527,-0.8787798820628783,-0.5580710017984865,-1.7527228623329387,,0,Balanced Contributors,0.4268361844422218,13.1,
Helio Varela,CPV,MF,1.0,130.0,0,1,3,33,0,3,0,0.26,3.91,0,29,27,93,1,0,2,3,100,0,0,0,5,39,2,1,2,0,0,0,1,,,,34,20,12,2,9,25,2,24,17,77,4.81,179,68,13847.35,1.2502189285158898,-0.1610184703185848,-0.4209130154441108,-0.5325668468567254,,0,Balanced Contributors,0.5496400014338477,16.9,
Henrik Falchener,NOR,DF,0.0,71.0,0,0,0,0,0,0,0,0.0,0.0,0,23,18,78,0,0,0,0,0,0,0,0,0,2,1,0,0,0,0,0,0,,,,0,0,0,0,0,0,0,0,8,52,0.97,64,23,6891.96,-1.3243189297858935,-1.6594606189870271,-1.548201172339967,-2.6741977221776114,,2,Limited Tournament Impact,0.1024833229273267,3.2,
Herman Johansson,SWE,DF,0.0,0.0,0,0,0,0,0,0,0,0.0,0.0,0,0,0,0,0,0,0,0,0,0,0,0,0,0,0,0,0,0,0,0,0,,,,0,0,0,0,0,0,0,0,0,0,0.0,0,0,0.0,-1.3243189297858935,-2.4642577606874845,-1.631956563153904,-3.2142549945655188,,2,Limited Tournament Impact,0.0,0.0,
Hernan Galindez,ECU,GK,0.0,407.0,0,0,0,0,0,0,0,0.0,0.0,0,105,70,67,0,0,0,5,60,0,0,0,0,0,0,0,0,0,0,0,0,12.0,68.0,63.0,29,0,0,29,21,8,0,0,2,191,2.51,25,3,17029.0,-1.3243189297858935,-0.2720216127159726,-1.631956563153904,-1.8238864022755965,1.996022328332152,-1,Goalkeeper,0.2518582910184415,7.7,47.1
Hicham Boudaoui,ALG,MF,0.0,143.0,0,0,0,0,0,0,0,0.0,0.0,0,86,83,97,0,0,1,4,75,1,100,0,6,54,8,4,1,1,0,0,0,,,,71,17,24,30,32,39,1,5,29,186,5.55,248,79,17473.1,-1.3243189297858935,1.0030777310542554,0.0051221181073968,0.4299111745739425,,0,Balanced Contributors,0.6449572912161945,19.8,
Hiroki Ito,JPN,DF,0.0,405.0,0,0,1,0,0,1,0,0.04,0.0,0,199,178,89,10,20,0,11,27,2,50,0,23,34,14,7,0,0,0,0,0,,,,81,9,19,53,16,65,1,11,46,417,5.85,358,119,39533.62,-0.9884170724416448,2.5296987078297177,1.040367518326477,1.877235047495028,,3,Complete Midfielders,0.9630637220064648,29.6,
Hjalmar Ekdal,SWE,DF,0.0,0.0,0,0,0,0,0,0,0,0.0,0.0,0,0,0,0,0,0,0,0,0,0,0,0,0,0,0,0,0,0,0,0,0,,,,0,0,0,0,0,0,0,0,0,0,0.0,0,0,0.0,-1.3243189297858935,-2.4642577606874845,-1.631956563153904,-3.2142549945655188,,2,Limited Tournament Impact,0.0,0.0,
Homam Ahmed,QAT,DF,0.0,134.0,0,0,1,0,0,1,0,0.0,0.0,0,33,25,76,3,33,1,2,50,0,0,0,3,45,6,4,0,0,1,0,0,,,,20,13,6,1,5,15,1,7,13,75,5.86,157,57,13626.23,-1.019547935040794,-0.4971623752551575,-0.5767981776672866,-1.1254537484249962,,0,Balanced Contributors,0.3907515981179248,12.0,
Hossam Abdelmaguid,EGY,DF,0.0,73.0,0,0,0,0,0,0,0,0.0,0.0,0,32,28,88,0,0,0,0,0,0,0,0,4,11,3,1,0,0,0,0,0,,,,5,0,0,5,4,1,0,0,7,71,2.15,62,26,6751.69,-1.3243189297858935,-1.4979878380624796,-1.0760216227298418,-2.44154426991902,,2,Limited Tournament Impact,0.17538356286882925,5.4,
Hossein Hosseini,IRN,GK,0.0,0.0,0,0,0,0,0,0,0,0.0,0.0,0,0,0,0,0,0,0,0,0,0,0,0,0,0,0,0,0,0,0,0,0,0.0,0.0,0.0,0,0,0,0,0,0,0,0,0,0,0.0,0,0,0.0,-1.3243189297858935,-2.4642577606874845,-1.631956563153904,-3.2142549945655188,-1.2038479457474982,-1,Goalkeeper,0.0,0.0,0.0
Hossein Kanani,IRN,DF,0.0,154.0,0,1,1,0,1,0,0,0.02,0.0,0,34,33,97,0,0,0,0,0,3,67,0,2,17,5,1,0,1,0,0,0,,,,4,0,0,4,1,3,0,2,8,75,3.94,123,27,14749.2,-0.7872729417039582,-0.3002833930269178,-1.0109799228444296,-2.0135587021204384,,2,Limited Tournament Impact,0.31954846616922516,9.8,
Houssem Aouar,ALG,MF,0.0,191.0,2,1,3,0,1,2,0,0.24,0.0,0,84,79,94,1,100,1,3,100,0,0,0,8,61,7,1,2,0,0,0,0,,,,106,43,46,17,62,44,4,29,55,185,5.03,253,83,21136.93,0.8100723204482259,0.993606244086562,0.3177852354014783,1.9516970952161776,,0,Balanced Contributors,0.8419503741591916,25.9,
Hugo Sochurek,CZE,MF,0.0,0.0,0,0,0,0,0,0,0,0.0,0.0,0,0,0,0,0,0,0,0,0,0,0,0,0,0,0,0,0,0,0,0,0,,,,0,0,0,0,0,0,0,0,0,0,0.0,0,0,0.0,-1.3243189297858935,-2.4642577606874845,-1.631956563153904,-3.2142549945655188,,2,Limited Tournament Impact,0.0,0.0,
Husam Abudahab,JOR,DF,0.0,190.0,0,0,0,0,0,0,0,0.0,0.0,0,58,43,74,0,0,0,1,100,0,0,0,4,42,14,2,1,1,0,0,0,,,,22,1,4,17,8,14,0,0,15,112,4.16,206,75,19848.59,-1.3243189297858935,-0.552574871846668,0.1170747460340647,-1.1264056022689937,,0,Balanced Contributors,0.4439547492435175,13.6,
Hussein Ali,IRQ,DF,0.0,174.0,0,0,1,0,1,0,0,0.01,0.0,0,40,32,80,2,0,0,2,100,0,0,0,9,20,3,1,0,0,0,0,1,,,,44,24,18,2,3,41,2,10,8,82,4.18,179,71,18211.32,-1.040715227535476,-0.4215387878882977,-0.6647124224889573,-0.5032023487547818,,0,Balanced Contributors,0.4235966402666643,13.0,
Hwang Heechan,KOR,MF,0.0,123.0,0,0,1,0,0,1,0,0.01,0.0,0,47,40,85,1,0,2,3,100,1,100,0,3,25,3,1,2,0,0,0,0,,,,57,15,28,14,28,29,1,18,29,105,6.27,144,62,12925.63,-1.0117652193910067,0.8268790303598574,-0.6390879153672858,-0.0318053652418225,,0,Balanced Contributors,0.5518529255831488,17.0,
Hwang Inbeom,KOR,MF,1.0,286.0,1,2,4,25,2,2,0,0.37,2.74,0,218,193,89,3,67,1,5,80,2,100,0,20,62,10,1,1,0,0,0,0,,,,177,12,64,101,135,42,3,11,68,459,6.78,372,97,32488.04,2.044898898875421,2.9938450329980544,1.0893776809271607,3.986579179781493,,3,Complete Midfielders,1.2379134866819381,38.1,
Ibrahim Adel,EGY,FW,0.0,7.0,0,0,0,0,0,0,0,0.0,0.0,0,6,4,67,0,0,0,2,100,0,0,0,2,4,2,0,0,0,0,0,0,,,,10,3,6,1,2,8,0,4,1,12,1.7,18,8,1006.49,-1.3243189297858935,-0.9045703343280432,-1.3398143432286054,-2.6799941011709465,,2,Limited Tournament Impact,0.1814572508910933,5.6,
Ibrahim Bayesh,IRQ,MF,0.0,259.0,0,0,1,0,1,0,0,0.45,0.0,0,48,40,83,1,0,6,3,33,0,0,0,14,120,14,3,5,0,0,0,0,,,,90,50,35,5,42,48,2,24,42,128,6.37,331,112,27586.07,-0.6982757389448339,-0.2580346286536518,2.292789704417746,1.7578991402743571,,3,Complete Midfielders,0.8738181753235419,26.9,
Ibrahim Maza,ALG,MF,0.0,389.0,0,3,11,0,7,4,1,1.06,0.0,0,141,111,79,1,0,12,13,46,1,100,0,25,153,14,1,5,0,0,0,0,,,,212,39,122,51,153,59,4,59,136,342,6.85,524,152,44461.44,3.6326279176684864,2.874907878923441,3.3439414982104343,6.595497443713461,,5,Elite All-Round Performers,1.6623085891040135,51.1,
Ibrahim Mbaye,SEN,FW,1.0,203.0,0,1,4,25,4,0,0,0.29,3.43,0,67,63,94,8,13,4,9,44,0,0,0,2,41,6,0,2,0,0,0,0,,,,95,36,38,21,26,69,4,41,58,176,5.55,191,104,18570.21,1.3266839577241512,0.937763608062076,-0.3393256792993802,1.9248940269374832,,0,Balanced Contributors,0.789819934317509,24.3,
Ibrahim Sadeh,JOR,MF,0.0,0.0,0,0,0,0,0,0,0,0.0,0.0,0,0,0,0,0,0,0,0,0,0,0,0,0,0,0,0,0,0,0,0,0,,,,0,0,0,0,0,0,0,0,0,0,0.0,0,0,0.0,-1.3243189297858935,-2.4642577606874845,-1.631956563153904,-3.2142549945655188,,2,Limited Tournament Impact,0.0,0.0,
Ibrahim Sangare,CIV,MF,0.0,305.0,1,0,1,0,0,1,0,0.0,0.0,0,190,172,91,1,0,0,4,50,1,100,0,23,114,29,2,4,0,0,0,0,,,,54,2,20,32,38,16,0,9,78,391,6.63,387,110,33681.96,-0.611256170857462,1.5288308433413862,3.538983155662645,1.401720957875442,,3,Complete Midfielders,1.1183726303620463,34.4,
Ibrahima Konate,FRA,DF,0.0,19.0,0,0,0,0,0,0,0,0.0,0.0,0,11,10,91,0,0,0,0,0,0,0,0,1,2,2,0,0,0,0,0,0,,,,3,0,0,3,2,1,0,0,0,24,0.85,18,3,1968.45,-1.3243189297858935,-1.6378917458892095,-1.4242924189322783,-2.970940364481081,,2,Limited Tournament Impact,0.0990459972514261,3.0,
Idrissa Gana Gueye,SEN,MF,0.0,411.0,0,1,5,0,0,5,0,0.12,0.0,0,270,243,90,1,0,0,8,63,5,100,0,24,91,23,2,2,0,0,0,0,,,,142,6,54,82,103,39,2,11,86,578,5.81,449,140,39822.15,0.5385882019187811,3.427258323829083,2.6327606382489064,3.858682525458448,,3,Complete Midfielders,1.3620182625031398,41.9,
Igor Matanovic,CRO,FW,0.0,125.0,0,2,4,0,3,1,2,0.12,0.0,0,14,11,79,0,0,2,0,0,0,0,0,6,49,10,4,3,0,0,0,1,,,,36,15,19,2,33,3,0,22,16,44,4.63,164,73,12766.79,0.8829655386158559,-1.5255193598147068,0.4170152258644873,-0.7930262912049827,,0,Balanced Contributors,0.4978461965080332,15.3,
Igor Sergeev,UZB,FW,0.0,46.0,0,0,0,0,0,0,0,0.0,0.0,0,4,4,100,0,0,0,0,0,0,0,0,0,21,2,0,0,0,0,0,1,,,,13,9,4,0,10,3,0,3,2,9,6.94,79,26,5591.98,-1.3243189297858935,-1.6196613545655507,-1.2760657508088604,-1.86751836762359,,2,Limited Tournament Impact,0.17973986559689095,5.5,
Igor Thiago,BRA,FW,0.0,65.0,0,1,2,0,2,0,1,0.4,0.0,0,5,4,80,0,0,1,0,0,0,0,0,5,25,5,2,0,0,0,0,0,,,,16,15,1,0,12,4,0,9,7,21,1.38,95,43,7498.81,0.0294606324355157,-1.681211904905898,-0.7353833391784497,-2.088777165130463,,2,Limited Tournament Impact,0.26477360261232963,8.1,
Iliman Ndiaye,SEN,FW,1.0,134.0,2,2,3,33,2,1,0,0.21,4.76,0,59,53,90,2,0,6,4,50,0,0,0,6,41,8,2,1,0,0,0,0,,,,67,17,36,14,33,34,3,38,49,137,5.17,188,74,14673.13,2.284508453534925,0.181859611104904,-0.13893319949985,0.8096250908418098,,0,Balanced Contributors,0.7204361795778189,22.1,
Ime Okon,RSA,DF,0.0,402.0,0,0,1,0,1,0,1,0.01,0.0,0,280,257,92,0,0,0,2,50,2,50,0,3,22,5,1,1,0,0,0,0,,,,52,1,2,49,14,38,0,3,46,582,5.9,460,183,39562.72,-0.7955458346885506,1.8882261295645624,-0.7212018469950449,1.7022713585566651,,0,Balanced Contributors,0.7356537292138399,22.6,
Inaki Williams,GHA,FW,0.0,140.0,0,0,3,0,1,2,0,0.06,0.0,0,23,15,65,4,25,1,3,67,0,0,0,3,43,3,2,1,1,0,0,1,,,,38,26,12,0,17,21,0,23,25,67,2.75,117,64,12856.69,-0.3922596597963413,-0.452668921649423,-0.6116831716859065,-0.8730453428588342,,0,Balanced Contributors,0.42836975562990376,13.2,
Iqraam Rayners,RSA,FW,0.0,182.0,0,0,1,0,1,0,1,0.11,0.0,0,24,21,88,2,0,0,3,33,0,0,0,7,83,2,1,1,0,0,0,2,,,,75,57,17,1,51,24,5,25,28,62,6.68,193,108,19309.81,-0.7177186781906773,-0.9192024015088948,0.019233801749186,1.109137648158918,,0,Balanced Contributors,0.5587448470660008,17.2,
Irfan Can Kahveci,TUR,FW,0.0,7.0,0,0,0,0,0,0,0,0.0,0.0,0,2,2,100,0,0,0,0,0,0,0,0,0,4,1,0,0,0,0,0,0,,,,7,4,3,0,3,4,0,1,0,4,2.74,13,6,1019.59,-1.3243189297858935,-1.6365531372146325,-1.5260388157850056,-2.712503124560282,,2,Limited Tournament Impact,0.10421448140147638,3.2,
Isak Hien,SWE,DF,0.0,237.0,0,0,0,0,0,0,0,0.0,0.0,0,128,122,95,0,0,0,1,0,1,100,0,13,13,8,3,3,1,0,0,0,,,,26,0,0,26,19,7,0,1,17,271,4.32,173,69,22458.49,-1.3243189297858935,0.3704741480930675,0.3311167733982189,-0.867395548446383,,0,Balanced Contributors,0.5520680207222827,17.0,
Isidro Pitta,PAR,FW,0.0,55.0,0,0,0,0,0,0,0,0.0,0.0,0,4,3,75,1,0,0,1,0,0,0,0,2,26,3,2,0,0,0,0,2,,,,5,5,0,0,3,2,0,5,8,15,1.31,77,23,6037.06,-1.3243189297858935,-1.6813472176042965,-1.0344353868650575,-2.513623648336751,,2,Limited Tournament Impact,0.16102181729855525,5.0,
Ismael Diaz,PAN,MF,0.0,52.0,0,2,6,0,4,2,2,0.39,0.0,0,15,13,87,0,0,1,0,0,0,0,0,3,20,1,0,0,0,0,0,2,,,,21,8,13,0,13,8,1,11,11,48,4.67,83,37,6159.12,1.6736908425058423,-1.544374567724131,-1.1617928058991815,-1.566356860397537,,2,Limited Tournament Impact,0.32365312407080155,10.0,
Ismael Gharbi,TUN,MF,0.0,142.0,0,0,3,0,2,1,0,0.26,0.0,1,36,35,97,1,0,1,0,0,0,0,0,3,62,9,0,2,0,0,0,0,,,,60,12,36,12,36,24,0,14,21,84,6.44,185,65,15753.85,-0.2031699021586375,-1.2231828800920477,0.1404738864533518,-0.0571099450163387,,0,Balanced Contributors,0.4975472790826511,15.3,
Ismael Kone,CAN,MF,0.0,160.0,0,0,2,0,1,1,0,0.04,0.0,0,108,93,86,2,0,2,0,0,0,0,0,8,25,5,1,3,0,0,0,0,,,,52,3,24,25,36,16,0,14,38,238,2.51,198,44,16975.03,-0.7125960858410152,-0.6106539538797698,-0.0322667857925033,-0.3632124939648554,,0,Balanced Contributors,0.4916138389177753,15.1,
Ismael Saibari,MAR,MF,3.0,411.0,0,3,10,30,7,3,1,1.01,2.97,0,95,80,84,7,29,4,8,75,1,100,0,32,181,17,8,3,0,0,0,3,,,,298,151,117,30,182,116,9,67,94,246,5.54,615,315,45216.86,5.3795715293073885,2.197050160575397,3.9310906961712617,9.273019944750228,,5,Elite All-Round Performers,1.8880656795605524,58.0,
Ismail Jakobs,SEN,DF,0.0,257.0,0,0,1,0,1,0,0,0.11,0.0,9,117,106,91,19,21,1,9,78,0,0,0,13,51,10,2,0,0,0,0,0,,,,90,40,28,22,25,65,6,36,40,236,5.11,384,141,29465.19,-0.4014189959597632,1.992994315241534,0.3592182205206211,2.40037175046757,,3,Complete Midfielders,0.9059301207263392,27.9,
Ismail Yuksek,TUR,MF,0.0,153.0,0,0,5,0,3,2,1,0.32,0.0,0,111,104,94,1,0,3,2,50,2,100,0,16,34,13,2,0,0,0,0,0,,,,48,7,11,30,35,13,2,4,33,249,4.43,156,43,16925.98,0.6069023131463144,1.2541964037285431,0.542564450026517,-0.3354560646436044,,0,Balanced Contributors,0.7431382369676844,22.8,
Ismaila Sarr,SEN,FW,4.0,419.0,1,6,17,24,15,2,2,3.68,1.09,0,73,57,78,2,0,4,10,50,0,0,0,18,157,11,1,9,0,0,0,2,,,,127,68,51,8,96,31,7,73,102,213,6.69,556,216,46719.89,11.020228757368054,0.4880962643469626,3.455502935755525,5.176356392560697,,4,Tournament Superstars,1.6735618611549348,51.5,
Israel Reyes,MEX,DF,0.0,237.0,0,0,2,0,2,0,1,0.06,0.0,0,102,93,91,2,50,0,2,0,6,67,0,3,11,2,1,0,0,0,0,0,,,,51,7,12,32,9,42,1,2,28,206,5.16,272,65,24823.63,-0.4808112698389841,1.4905629379277534,-1.19993037613753,0.0603979102654312,,0,Balanced Contributors,0.5726822007836236,17.6,
Issa Diop,MAR,DF,1.0,534.0,0,1,1,100,1,0,1,0.12,8.02,0,326,299,92,0,0,0,3,0,1,100,0,4,22,3,4,1,3,0,0,0,,,,34,1,1,32,9,25,0,4,27,676,4.5,413,102,48036.09,1.893007284911285,2.100543494330936,-0.7820721963642857,0.8847731818838553,,0,Balanced Contributors,0.7961258199986481,24.5,
Issa Laye,QAT,DF,0.0,310.0,0,0,1,0,1,0,1,0.07,0.0,0,90,85,94,0,0,1,1,0,0,0,0,7,30,6,0,3,0,0,0,0,,,,32,1,8,23,15,17,0,5,22,202,5.61,338,88,29038.33,-0.7488495407898266,-0.7802836330143733,0.0224164207051637,-0.149902836357627,,0,Balanced Contributors,0.49500655171122165,15.2,
Ivan Basic,BIH,MF,0.0,200.0,1,0,4,0,0,4,0,0.15,0.0,5,104,96,92,12,58,2,2,50,3,100,0,5,39,8,2,3,0,0,0,0,,,,77,2,22,53,58,19,0,7,37,234,4.87,270,63,22053.62,0.7317248120567785,2.3836810360082508,0.1207016554230173,0.5135874656078812,,0,Balanced Contributors,0.8434697216386808,25.9,
Ivan Perisic,CRO,FW,1.0,413.0,1,2,2,50,2,0,1,0.32,3.15,2,150,132,88,19,16,2,9,56,1,100,0,12,88,13,4,1,2,0,0,0,,,,135,67,47,21,34,101,10,44,57,335,6.04,452,183,41581.7,2.1026247787998296,3.0202216254237912,1.063741665728888,4.6397751772824405,,3,Complete Midfielders,1.2777754669238286,39.3,
Ivan Sunjic,BIH,MF,0.0,221.0,0,1,1,0,0,1,0,0.09,0.0,0,102,88,86,1,0,0,2,0,1,0,0,20,78,21,7,0,0,0,0,0,,,,57,0,13,44,41,16,0,5,41,221,7.03,401,113,26105.55,-0.7038439240109774,-0.5298282340559803,1.7721434449023188,0.8015014199697775,,0,Balanced Contributors,0.7449641880117099,22.9,
Ivan Toney,ENG,FW,0.0,6.0,0,0,0,0,0,0,0,0.0,0.0,0,1,1,100,0,0,0,0,0,0,0,0,0,0,0,0,0,0,0,0,0,,,,0,0,0,0,0,0,0,0,0,0,0.0,0,0,0.0,-1.3243189297858935,-1.6449990285391731,-1.631956563153904,-3.2142549945655188,,2,Limited Tournament Impact,0.06369776270247479,2.0,
Ivor Pandur,CRO,GK,0.0,0.0,0,0,0,0,0,0,0,0.0,0.0,0,0,0,0,0,0,0,0,0,0,0,0,0,0,0,0,0,0,0,0,0,0.0,0.0,0.0,0,0,0,0,0,0,0,0,0,0,0.0,0,0,0.0,-1.3243189297858935,-2.4642577606874845,-1.631956563153904,-3.2142549945655188,-1.2038479457474982,-1,Goalkeeper,0.0,0.0,0.0
Jack Hendry,SCO,DF,0.0,306.0,0,0,0,0,0,0,0,0.0,0.0,0,180,171,95,0,0,0,2,0,1,0,0,2,15,4,1,3,0,0,0,0,,,,48,0,3,45,20,28,0,2,20,352,5.98,349,123,30532.32,-1.3243189297858935,0.1654486087258049,-0.5785659177185566,0.5168411466753969,,0,Balanced Contributors,0.5271643192498361,16.2,
Jackson Irvine,AUS,MF,0.0,255.0,0,1,3,0,3,0,1,0.21,0.0,0,124,103,83,2,50,1,2,0,2,100,0,7,80,11,3,3,1,0,0,0,,,,100,19,43,38,69,31,2,25,67,279,7.47,495,125,31483.15,0.1574100216901862,1.07438563101955,0.884440505874072,2.7303743571914367,,3,Complete Midfielders,0.9261419220770497,28.5,
Jackson Porozo,ECU,DF,0.0,36.0,0,0,0,0,0,0,0,0.0,0.0,0,12,12,100,0,0,0,0,0,0,0,0,2,2,0,2,0,1,0,0,0,,,,0,0,0,0,0,0,0,1,1,24,1.33,28,13,3226.38,-1.3243189297858935,-1.5520942239692253,-1.4851627683015194,-2.8821879916251625,,2,Limited Tournament Impact,0.10489032570098379,3.2,
Jacob Italiano,AUS,DF,0.0,183.0,0,0,1,0,0,1,0,0.03,0.0,0,43,33,77,9,33,4,2,50,2,100,0,6,83,14,0,0,1,0,0,0,,,,44,19,22,3,17,27,3,25,24,116,3.45,279,121,20985.37,-0.9961997880914322,1.3536444283610185,0.5239780283949201,0.2261296554703047,,0,Balanced Contributors,0.7235661156813511,22.2,
Jacob Shaffelburg,CAN,MF,0.0,126.0,0,0,3,0,2,1,0,0.09,0.0,0,41,37,90,19,16,0,6,50,0,0,0,5,22,6,2,1,0,0,0,0,,,,62,30,23,9,12,50,6,25,25,137,7.63,202,106,15826.53,-0.3978615209914486,0.7523053292446351,-0.5349773744386447,1.0325673044930903,,0,Balanced Contributors,0.6410235534108308,19.7,
Jacob Widell Zetterstrom,SWE,GK,0.0,200.0,0,0,0,0,0,0,0,0.0,0.0,0,73,39,53,0,0,0,6,17,0,0,0,0,0,0,0,0,0,0,0,0,12.0,54.0,46.0,9,0,0,9,6,3,0,0,1,131,1.58,17,8,10559.21,-1.3243189297858935,-0.9085996036311929,-1.631956563153904,-2.479029375836855,1.48470531347887,-1,Goalkeeper,0.16400316660617592,5.0,39.6
Jakhongir Urozov,UZB,DF,0.0,112.0,0,0,0,0,0,0,0,0.0,0.0,0,45,31,69,0,0,0,1,100,2,100,0,2,9,5,0,0,0,0,0,0,,,,10,0,2,8,4,6,0,2,7,87,4.19,125,39,11462.91,-1.3243189297858935,0.4286200164777605,-1.099629349064274,-1.8637721091044328,,0,Balanced Contributors,0.35667277978038603,11.0,
Jalal Hassan,IRQ,GK,0.0,154.0,0,0,0,0,0,0,0,0.0,0.0,0,51,33,65,0,0,0,0,0,0,0,0,0,0,0,0,1,0,0,0,0,7.0,51.0,45.0,5,0,0,5,4,1,0,0,0,79,1.8,9,2,7078.62,-1.3243189297858935,-1.585301505183929,-1.459900097840634,-2.7044469935554187,0.9785571678671496,-1,Goalkeeper,0.11521557659823262,3.5,32.1
Jamal Musiala,GER,MF,1.0,305.0,0,1,6,17,4,2,0,0.34,2.92,0,104,86,83,8,0,10,9,67,0,0,0,13,107,19,5,11,1,0,0,0,,,,180,32,113,35,121,59,6,65,131,288,6.61,412,140,33546.51,1.8368550918723103,1.7602316141359944,3.42672263083629,5.642800005755233,,5,Elite All-Round Performers,1.462689110854278,45.0,
James Rodriguez,COL,MF,0.0,338.0,0,3,6,0,2,4,0,0.24,0.0,11,237,199,84,17,29,2,14,50,9,67,0,7,146,8,0,5,0,0,0,0,,,,157,24,84,49,75,82,3,52,76,509,5.95,357,56,33663.08,2.056410889186544,5.407527004787612,1.775132100037398,4.101766576803912,,5,Elite All-Round Performers,1.5005986455145939,46.1,
James Trafford,ENG,GK,0.0,0.0,0,0,0,0,0,0,0,0.0,0.0,0,0,0,0,0,0,0,0,0,0,0,0,0,0,0,0,0,0,0,0,0,0.0,0.0,0.0,0,0,0,0,0,0,0,0,0,0,0.0,0,0,0.0,-1.3243189297858935,-2.4642577606874845,-1.631956563153904,-3.2142549945655188,-1.2038479457474982,-1,Goalkeeper,0.0,0.0,0.0
Jamie Leweling,GER,MF,0.0,37.0,0,0,1,0,0,1,0,0.08,0.0,0,14,11,79,3,0,0,1,0,0,0,0,2,15,4,0,0,0,0,0,0,,,,11,7,4,0,2,9,2,7,8,36,1.71,55,20,4276.01,-0.9572862098424956,-1.456476318942451,-1.094735313658367,-2.2206619081137173,,2,Limited Tournament Impact,0.203051610428836,6.2,
Jaminton Campaz,COL,FW,1.0,98.0,0,3,6,17,3,3,1,0.64,1.56,0,18,12,67,3,0,5,2,50,2,100,0,5,41,5,2,3,0,0,0,2,,,,37,16,21,0,16,21,2,13,14,59,4.05,143,67,10645.86,2.725599069107162,0.5640131429135806,-0.0419150907989506,-0.8413998986014175,,0,Balanced Contributors,0.6791300236469818,20.9,
Jamiro Monteiro,CPV,MF,0.0,314.0,0,1,5,0,2,3,0,0.19,0.0,4,106,87,82,6,33,0,3,33,0,0,0,12,110,23,4,2,0,0,0,0,,,,105,12,73,20,69,36,0,17,65,259,6.17,339,109,32481.15,0.7847090063240602,0.149381115644987,2.095514395736493,2.1783435371406776,,3,Complete Midfielders,0.964568656189342,29.7,
Jamshid Iskanderov,UZB,MF,0.0,16.0,0,0,0,0,0,0,0,0.0,0.0,1,17,11,65,1,0,0,2,50,0,0,0,0,4,0,0,0,0,0,0,0,,,,12,1,6,5,4,8,0,5,6,35,2.55,34,8,2148.93,-1.261933476999467,-1.1872620766227249,-1.587631850043982,-2.437493365142988,,2,Limited Tournament Impact,0.15142574310608717,4.7,
Jan Kuchta,CZE,FW,0.0,0.0,0,0,0,0,0,0,0,0.0,0.0,0,0,0,0,0,0,0,0,0,0,0,0,0,0,0,0,0,0,0,0,0,,,,0,0,0,0,0,0,0,0,0,0,0.0,0,0,0.0,-1.3243189297858935,-2.4642577606874845,-1.631956563153904,-3.2142549945655188,,2,Limited Tournament Impact,0.0,0.0,
Jan Paul Van Hecke,NED,DF,1.0,432.0,0,2,3,33,3,0,3,0.15,6.86,0,360,335,93,1,0,1,5,60,4,75,0,11,56,17,4,2,0,0,0,0,,,,43,2,3,38,13,30,0,5,48,739,5.92,374,114,42651.39,2.297911559451588,3.647866766986376,1.065256844049975,1.3863301134743669,,3,Complete Midfielders,1.1433325194151824,35.2,
Jaouen Hadjam,ALG,DF,0.0,125.0,0,0,1,0,0,1,0,0.02,0.0,0,67,56,84,0,0,5,1,0,0,0,0,8,19,5,0,0,0,0,0,0,,,,34,19,11,4,16,18,0,10,26,147,5.14,158,77,13663.53,-1.0039825037412196,-0.6957128614043284,-0.6149232513971971,-0.6511336600687478,,0,Balanced Contributors,0.3998812667329225,12.3,
Jarell Quansah,ENG,DF,0.0,121.0,0,0,0,0,0,0,0,0.0,0.0,0,69,60,87,1,0,0,1,0,1,0,0,13,19,11,1,0,1,1,0,0,,,,18,6,6,6,4,14,0,3,13,141,2.42,147,56,12442.79,-1.3243189297858935,-0.8655697560265194,0.0662135499002205,-1.597624028058919,,0,Balanced Contributors,0.38699497938966837,11.9,
Jaroslav Zeleny,CZE,DF,0.0,142.0,0,0,1,0,1,0,1,0.02,0.0,0,47,35,74,2,50,1,1,0,0,0,0,6,36,3,0,2,0,0,0,0,,,,21,8,11,2,6,15,2,15,11,105,4.33,162,69,15481.55,-0.7877631190387633,-0.8236961362912828,-0.3302477968688642,-0.990828291217666,,0,Balanced Contributors,0.4060790538386331,12.5,
Jason Geria,AUS,DF,0.0,75.0,0,0,0,0,0,0,0,0.0,0.0,0,23,18,78,1,0,0,0,0,0,0,0,1,21,3,2,0,0,0,0,0,,,,3,1,0,2,1,2,0,2,5,46,3.24,78,29,7925.03,-1.3243189297858935,-1.6010924081739792,-1.152156997401172,-2.335919289148299,,2,Limited Tournament Impact,0.16601811065313976,5.1,
Jassem Gaber,QAT,DF,0.0,166.0,0,0,0,0,0,0,0,0.0,0.0,0,32,25,78,0,0,0,1,100,1,100,0,13,85,14,7,0,1,0,0,0,,,,61,5,41,15,47,14,0,5,18,69,6.14,232,55,17053.08,-1.3243189297858935,0.2179211254277875,0.9823504189908646,-0.198003492371472,,0,Balanced Contributors,0.6438428680208625,19.8,
Jayden Adams,RSA,MF,0.0,130.0,0,0,0,0,0,0,0,0.0,0.0,0,44,40,91,0,0,0,2,50,2,100,0,2,43,2,0,0,0,0,0,0,,,,40,10,19,11,31,9,0,11,20,92,5.27,181,57,14495.71,-1.3243189297858935,0.3291307094469566,-0.907648390406865,-0.7026723585902629,,0,Balanced Contributors,0.435920679342631,13.4,
Jayden Nelson,CAN,FW,0.0,12.0,0,0,1,0,0,1,0,0.07,0.0,0,8,6,75,0,0,2,0,0,0,0,0,1,2,0,0,0,0,0,0,0,,,,4,0,2,2,1,3,0,2,7,20,1.39,19,5,1462.29,-0.9650689254922828,-1.604248746473598,-1.5474784874502312,-2.809802596131539,,2,Limited Tournament Impact,0.11198302104979752,3.4,
Jean Kevin Duverne,HAI,DF,0.0,186.0,1,0,1,0,1,0,0,0.03,0.0,0,69,59,86,2,50,2,1,100,0,0,0,3,56,9,2,1,0,0,0,1,,,,53,5,20,28,10,43,0,6,21,154,4.12,209,82,19174.4,-0.6168580320525694,0.3651817673632146,-0.0980696485248014,-0.2621951422225766,,0,Balanced Contributors,0.5703737077532236,17.5,
Jean Michael Seri,CIV,MF,0.0,19.0,0,0,0,0,0,0,0,0.0,0.0,2,17,16,94,3,0,0,2,50,0,0,0,0,5,1,0,0,0,0,0,0,,,,11,0,6,5,8,3,0,2,8,42,1.77,28,7,2281.37,-1.1995480242130403,-0.8134975565512162,-1.514957637507525,-2.5642914531206142,,2,Limited Tournament Impact,0.1825235251460311,5.6,
Jean Philippe Mateta,FRA,FW,0.0,38.0,0,1,3,0,3,0,1,0.92,0.0,0,2,2,100,0,0,1,0,0,0,0,0,1,23,2,1,0,0,0,0,0,,,,18,13,5,0,13,5,1,3,5,11,3.2,44,23,4718.46,0.7099828328250866,-1.540008535793462,-1.1915876751051877,-2.10460309589955,,2,Limited Tournament Impact,0.2544522202712459,7.8,
Jean Ricner Bellegarde,HAI,MF,0.0,292.0,0,0,6,0,1,5,1,0.29,0.0,5,130,112,86,12,25,1,5,60,4,100,0,13,89,17,4,5,1,0,0,0,,,,109,8,53,48,82,27,0,17,58,299,6.64,431,112,32370.02,1.2581524411631233,2.698698672898798,2.071736561444067,2.369546536523083,,3,Complete Midfielders,1.188853916729649,36.6,
Jearl Margaritha,CUW,FW,0.0,50.0,0,0,1,0,1,0,0,0.05,0.0,0,8,8,100,0,0,0,0,0,0,0,0,3,23,1,0,0,0,0,0,0,,,,17,11,6,0,9,8,2,7,9,19,4.54,62,36,5685.6,-1.0095843649363268,-1.585877789267388,-1.12854927106674,-1.7277508410934248,,2,Limited Tournament Impact,0.2166027857813938,6.7,
Jefferson Lerma,COL,MF,0.0,459.0,0,1,5,0,2,3,0,0.24,0.0,0,274,242,88,2,50,1,2,0,1,100,0,13,77,8,6,5,1,0,0,0,,,,171,3,44,124,145,26,1,14,90,592,6.51,713,170,49541.65,0.5740807734272902,2.129121963653288,1.384425113783513,5.114143414737289,,3,Complete Midfielders,1.2123659268534928,37.3,
Jehad Thikri,KSA,DF,0.0,0.0,0,0,0,0,0,0,0,0.0,0.0,0,0,0,0,0,0,0,0,0,0,0,0,0,0,0,0,0,0,0,0,0,,,,0,0,0,0,0,0,0,0,0,0,0.0,0,0,0.0,-1.3243189297858935,-2.4642577606874845,-1.631956563153904,-3.2142549945655188,,2,Limited Tournament Impact,0.0,0.0,
Jens Petter Hauge,NOR,MF,0.0,12.0,0,0,0,0,0,0,0,0.0,0.0,0,3,2,67,0,0,0,0,0,0,0,0,0,11,2,0,0,0,0,0,0,,,,3,0,2,1,2,1,0,0,0,7,1.39,26,14,1718.66,-1.3243189297858935,-1.90005395828324,-1.3868775335836656,-2.880451198919638,,2,Limited Tournament Impact,0.08766347908963451,2.7,
Jeremy Antonisse,CUW,FW,0.0,85.0,0,0,1,0,1,0,0,0.05,0.0,2,35,25,71,6,50,1,2,0,1,100,0,1,39,3,0,0,0,0,0,0,,,,33,10,18,5,21,12,0,11,14,82,4.85,145,55,10361.23,-0.8848134593634736,0.3025150456688991,-0.9526957884065226,-1.0672935630690858,,0,Balanced Contributors,0.42404056867233164,13.0,
Jeremy Arevalo,ECU,FW,0.0,0.0,0,0,0,0,0,0,0,0.0,0.0,0,0,0,0,0,0,0,0,0,0,0,0,0,0,0,0,0,0,0,0,0,,,,0,0,0,0,0,0,0,0,0,0,0.0,0,0,0.0,-1.3243189297858935,-2.4642577606874845,-1.631956563153904,-3.2142549945655188,,2,Limited Tournament Impact,0.0,0.0,
Jeremy Doku,BEL,FW,0.0,341.0,0,1,3,0,3,0,0,0.14,0.0,0,90,74,82,11,36,21,16,81,0,0,0,15,134,18,4,18,0,0,0,0,,,,147,51,73,23,58,89,5,88,87,263,5.22,443,172,35176.6,-0.1422383807052507,3.885994304515874,4.993348105559603,4.915491181066824,,5,Elite All-Round Performers,1.66836930609445,51.3,
Jerome Opoku,GHA,DF,0.0,313.0,0,0,0,0,0,0,0,0.0,0.0,0,115,95,83,0,0,1,7,43,7,57,0,8,10,7,2,4,0,0,0,0,,,,16,0,2,14,9,7,0,0,14,246,4.21,230,74,29365.82,-1.3243189297858935,1.98335734874282,0.0967580738765115,-0.9067634547064354,,0,Balanced Contributors,0.651975140079369,20.0,
Jesper Karlstrom,SWE,MF,0.0,147.0,0,0,1,0,1,0,0,0.05,0.0,0,37,31,84,0,0,1,2,50,0,0,0,7,38,7,3,0,0,0,0,0,,,,63,2,22,39,41,22,0,4,20,79,3.44,199,48,16846.98,-1.0095843649363268,-0.8261134197672717,-0.3435105147558262,-0.5132610399889033,,0,Balanced Contributors,0.42446835182949505,13.0,
Jesse Randall,NZL,FW,0.0,79.0,0,0,1,0,0,1,0,0.01,0.0,3,16,12,75,5,40,2,1,0,0,0,0,3,15,2,0,1,0,0,0,0,,,,46,23,21,2,20,26,2,6,16,50,7.8,113,69,9324.27,-0.8246088610317269,-0.849900864646287,-0.9835491977143376,-0.4075983317674012,,0,Balanced Contributors,0.37220536144635846,11.4,
Jesus Gallardo,MEX,DF,0.0,431.0,0,0,4,0,2,2,0,0.12,0.0,0,167,140,84,19,21,3,11,18,2,100,0,7,69,19,7,3,0,0,0,0,,,,136,36,56,44,20,116,6,46,58,366,6.16,395,136,43286.39,-0.0697423792969875,3.302492930515448,1.2552918188935969,4.159553458089885,,3,Complete Midfielders,1.211490454657369,37.2,
Jhon Arias,COL,MF,1.0,405.0,0,4,9,11,7,2,0,0.94,1.07,4,240,227,95,6,17,6,7,71,3,100,0,33,107,27,5,2,1,0,0,0,,,,167,35,80,52,92,75,2,54,115,530,5.93,410,159,40007.46,3.89520338618264,3.849374234815332,3.617273100062908,5.247673385581608,,5,Elite All-Round Performers,1.6957576394094247,52.1,
Jhon Cordoba,COL,FW,0.0,108.0,0,1,2,0,2,0,1,0.32,0.0,0,12,9,75,0,0,0,0,0,0,0,0,2,23,2,1,2,0,0,0,2,,,,31,22,9,0,25,6,3,13,9,32,3.15,104,33,9864.95,-0.0328010927627828,-1.76793285893908,-0.7851590253299352,-1.2982483538229288,,2,Limited Tournament Impact,0.2971276692316651,9.1,
Jhon Lucumi,COL,DF,0.0,538.0,0,0,2,0,2,0,2,0.11,0.0,0,285,262,92,0,0,1,6,17,12,100,0,11,29,12,5,0,1,0,0,0,,,,24,0,1,23,5,19,0,4,40,605,4.87,350,115,43823.06,-0.1967282987431218,4.51525567285367,0.1139869286365784,0.641971581806623,,3,Complete Midfielders,0.98226080691925,30.2,
Jindrich Stanek,CZE,GK,0.0,0.0,0,0,0,0,0,0,0,0.0,0.0,0,0,0,0,0,0,0,0,0,0,0,0,0,0,0,0,0,0,0,0,0,0.0,0.0,0.0,0,0,0,0,0,0,0,0,0,0,0.0,0,0,0.0,-1.3243189297858935,-2.4642577606874845,-1.631956563153904,-3.2142549945655188,-1.2038479457474982,-1,Goalkeeper,0.0,0.0,0.0
Jiovany Ramos,PAN,DF,0.0,186.0,0,0,2,0,1,1,0,0.15,0.0,0,121,108,89,0,0,3,2,0,2,50,0,3,29,18,2,1,0,0,0,0,,,,24,2,3,19,8,16,0,1,16,258,3.98,205,63,18498.83,-0.6269862136933546,0.4541889760384444,0.1570758463140114,-0.979891111736338,,0,Balanced Contributors,0.560148949142493,17.2,
Jo Hyeonwoo,KOR,GK,0.0,0.0,0,0,0,0,0,0,0,0.0,0.0,0,0,0,0,0,0,0,0,0,0,0,0,0,0,0,0,0,0,0,0,0,0.0,0.0,0.0,0,0,0,0,0,0,0,0,0,0,0.0,0,0,0.0,-1.3243189297858935,-2.4642577606874845,-1.631956563153904,-3.2142549945655188,-1.2038479457474982,-1,Goalkeeper,0.0,0.0,0.0
Joan Garcia,ESP,GK,0.0,0.0,0,0,0,0,0,0,0,0.0,0.0,0,0,0,0,0,0,0,0,0,0,0,0,0,0,0,0,0,0,0,0,0,0.0,0.0,0.0,0,0,0,0,0,0,0,0,0,0,0.0,0,0,0.0,-1.3243189297858935,-2.4642577606874845,-1.631956563153904,-3.2142549945655188,-1.2038479457474982,-1,Goalkeeper,0.0,0.0,0.0
Joao Cancelo,POR,DF,0.0,342.0,1,0,3,0,1,2,0,0.06,0.0,1,184,160,87,12,33,6,9,56,4,75,0,13,66,13,6,2,0,0,0,1,,,,117,41,40,36,42,75,8,44,66,406,6.46,388,151,36826.9,0.0784175571734175,3.819236555875847,1.0543279280862985,3.924705025029051,,3,Complete Midfielders,1.223423163915441,37.6,
Joao Felix,POR,FW,0.0,218.0,0,1,6,0,4,2,1,0.62,0.0,0,60,47,78,4,0,5,9,33,0,0,0,23,99,14,3,6,0,0,0,0,,,,137,56,58,23,95,42,7,49,72,162,3.94,276,94,23784.61,1.361864339422295,0.3816087492638224,2.7929828982423324,3.163998864124431,,3,Complete Midfielders,1.1303603476584771,34.8,
Joao Neves,POR,MF,1.0,450.0,0,1,3,33,3,0,2,0.25,4.07,1,261,247,95,2,50,3,9,56,3,67,0,19,192,28,1,4,0,0,0,0,,,,214,52,74,88,158,56,2,40,107,558,6.8,638,197,51136.79,1.7212723132204573,3.5775152822023126,4.092459150452302,6.694384116454235,,5,Elite All-Round Performers,1.727226610170609,53.1,
Joao Paulo,CPV,MF,0.0,121.0,0,0,2,0,1,1,1,0.08,0.0,1,62,52,84,5,0,1,6,67,0,0,0,5,25,4,0,4,0,0,0,0,,,,32,4,20,8,6,26,1,12,25,144,3.17,122,58,12421.69,-0.3739103776085135,0.1435512272279174,-0.1087505121843452,-0.9650525433135227,,0,Balanced Contributors,0.5197727443678997,16.0,
Joaquin Piquerez,URU,MF,0.0,0.0,0,0,0,0,0,0,0,0.0,0.0,0,0,0,0,0,0,0,0,0,0,0,0,0,0,0,0,0,0,0,0,0,,,,0,0,0,0,0,0,0,0,0,0,0.0,0,0,0.0,-1.3243189297858935,-2.4642577606874845,-1.631956563153904,-3.2142549945655188,,2,Limited Tournament Impact,0.0,0.0,
Joaquin Seys,BEL,DF,0.0,36.0,0,0,0,0,0,0,0,0.0,0.0,0,7,7,100,0,0,0,0,0,0,0,0,3,30,2,0,0,0,0,0,0,,,,2,1,1,0,1,1,0,0,0,12,1.0,34,13,3681.35,-1.3243189297858935,-1.5943236805919287,-0.9893879888654,-2.889506725348351,,2,Limited Tournament Impact,0.15023620933430032,4.6,
Joe Bell,NZL,MF,0.0,275.0,0,0,1,0,0,1,0,0.01,0.0,0,143,120,84,0,0,2,0,0,1,100,0,27,98,22,3,0,0,0,0,0,,,,94,0,49,45,69,25,0,8,47,309,7.04,472,112,32154.28,-1.0117652193910067,0.4396006233752831,2.4915700787518893,1.9658309840516937,,3,Complete Midfielders,0.9484944141684317,29.2,
Joe Scally,USA,DF,0.0,100.0,0,0,0,0,0,0,0,0.0,0.0,0,53,46,87,4,25,0,2,50,0,0,0,4,19,4,0,2,0,0,0,1,,,,43,11,17,15,10,33,2,10,25,122,2.63,164,53,11427.62,-1.3243189297858935,-0.3361868591071278,-0.5816662316244808,-0.7403273872779048,,0,Balanced Contributors,0.4142435895938589,12.7,
Joel Ordonez,ECU,DF,0.0,253.0,0,0,2,0,2,0,1,0.26,0.0,0,113,101,89,0,0,1,2,50,1,100,0,7,18,5,1,1,0,0,0,0,,,,11,0,1,10,6,5,0,1,19,239,4.18,227,82,23576.79,-0.3251569568432375,0.7526729721203169,-0.5162636835101193,-1.0289291944805683,,0,Balanced Contributors,0.5248423869288967,16.1,
Joel Waterman,CAN,DF,0.0,0.0,0,0,0,0,0,0,0,0.0,0.0,0,0,0,0,0,0,0,0,0,0,0,0,0,0,0,0,0,0,0,0,0,,,,0,0,0,0,0,0,0,0,0,0,0.0,0,0,0.0,-1.3243189297858935,-2.4642577606874845,-1.631956563153904,-3.2142549945655188,,2,Limited Tournament Impact,0.0,0.0,
Johan Manzambi,SUI,MF,3.0,220.0,2,3,6,50,4,2,0,0.63,4.73,0,54,43,80,7,43,5,7,57,0,0,0,14,102,13,3,3,0,0,0,1,,,,115,37,66,12,82,33,5,36,57,153,4.4,345,113,24380.51,4.908010317435224,0.8894878398412392,1.6876225305375796,2.501571270366084,,1,Dynamic Attackers,1.1507519903504484,35.4,
Johan Mojica,COL,DF,0.0,442.0,0,2,3,0,1,2,1,0.13,0.0,0,202,161,80,12,17,0,8,38,1,100,0,11,45,3,1,7,1,0,0,1,,,,171,32,75,64,17,154,4,26,84,435,4.7,474,198,43296.39,0.3987078829625572,2.4689760035048547,0.941343729938371,5.09190508712163,,3,Complete Midfielders,1.1872609129800618,36.5,
Johan Vasquez,MEX,DF,0.0,412.0,0,0,1,0,1,0,1,0.22,0.0,0,237,221,93,0,0,0,4,50,1,100,0,7,14,6,0,2,1,0,0,0,,,,50,3,8,39,21,29,0,5,29,485,4.88,449,132,41955.37,-0.6321088060430167,1.8923927314408344,-0.3269388970477949,1.1203719449181135,,0,Balanced Contributors,0.7468670714988546,23.0,
John Mcginn,SCO,MF,1.0,277.0,0,1,3,33,3,0,0,0.56,1.78,4,55,47,85,9,56,1,7,57,1,0,0,5,89,3,2,11,0,0,0,0,,,,52,11,39,2,25,27,2,35,41,161,6.15,331,98,28477.11,1.473837073253411,0.9896100344796982,1.7432471205083235,1.0018041357298169,,3,Complete Midfielders,0.9512310571188496,29.2,
John Souttar,SCO,DF,0.0,0.0,0,0,0,0,0,0,0,0.0,0.0,0,0,0,0,0,0,0,0,0,0,0,0,0,0,0,0,0,0,0,0,0,,,,0,0,0,0,0,0,0,0,0,0,0.0,0,0,0.0,-1.3243189297858935,-2.4642577606874845,-1.631956563153904,-3.2142549945655188,,2,Limited Tournament Impact,0.0,0.0,
John Stones,ENG,DF,0.0,380.0,0,0,1,0,1,0,1,0.07,0.0,0,184,178,97,0,0,0,1,100,3,100,0,3,13,2,1,1,0,0,0,0,,,,37,2,1,34,26,11,0,2,10,305,3.55,247,65,25655.73,-0.7488495407898266,2.0691790893442152,-1.0057115542692987,-0.587300499056167,,0,Balanced Contributors,0.589207455927633,18.1,
John Yeboah,ECU,FW,0.0,330.0,0,3,8,0,4,4,0,0.72,0.0,3,104,85,82,9,44,9,9,67,1,0,0,44,73,20,0,4,0,0,0,0,,,,114,39,55,20,43,71,3,52,86,262,5.74,395,169,31500.85,2.482539591286182,2.2624293434587326,3.838947640078106,3.5450798003082946,,5,Elite All-Round Performers,1.443197753498338,44.4,
Johny Placide,HAI,GK,0.0,306.0,0,0,0,0,0,0,0,0.0,0.0,0,105,67,64,0,0,0,2,0,0,0,0,0,0,0,0,0,1,0,0,0,13.0,56.0,48.0,12,0,0,12,9,3,0,0,2,187,2.51,16,4,12868.53,-1.3243189297858935,-1.050845777942141,-1.631956563153904,-2.2342934574336293,1.6388465946041004,-1,Goalkeeper,0.167273588749743,5.1,41.8
Jonas Adjetey,GHA,DF,0.0,257.0,0,1,2,0,2,0,2,0.1,0.0,0,120,105,88,0,0,0,0,0,4,75,0,3,19,6,1,0,0,0,0,0,,,,33,0,0,33,18,15,0,2,11,251,4.59,260,87,26258.63,0.0411485557888216,0.5537645662457917,-0.8649088128817803,-0.4912405626732928,,0,Balanced Contributors,0.5196940065188499,16.0,
Jonathan David,CAN,FW,3.0,475.0,0,9,18,17,13,5,0,2.71,1.11,0,103,76,74,6,0,1,10,60,1,100,0,45,227,21,5,5,1,0,0,0,,,,209,64,117,28,133,76,11,93,97,307,6.61,667,256,52214.28,9.88763351468212,1.607392084248897,5.841414313531066,7.893824063209546,,4,Tournament Superstars,2.114571944531778,65.0,
Jonathan Osorio,CAN,MF,0.0,17.0,0,0,1,0,1,0,0,0.04,0.0,0,9,6,67,0,0,0,0,0,0,0,0,1,3,1,0,1,0,0,0,0,,,,4,1,1,2,2,2,0,1,7,22,2.82,29,11,2036.53,-1.017367080586114,-1.858135560178604,-1.302747809600504,-2.628953517939276,,2,Limited Tournament Impact,0.12514557516185323,3.8,
Jonathan Tah,GER,DF,0.0,419.0,0,1,1,0,1,0,1,0.03,0.0,0,375,364,97,1,0,1,3,100,1,100,0,5,27,9,5,1,0,0,0,0,,,,52,2,1,49,37,15,0,4,59,794,6.1,392,119,42610.17,-0.5343208332072451,3.580370424601671,-0.294792380274313,1.7388548296033843,,3,Complete Midfielders,0.9210625854385913,28.3,
Jordan Ayew,GHA,FW,0.0,323.0,0,0,0,0,0,0,0,0.0,0.0,6,47,33,70,9,11,1,3,0,1,0,0,23,212,19,7,7,0,0,0,1,,,,86,51,28,7,58,28,4,37,45,124,6.47,416,167,34883.48,-0.9500062130673338,-0.3864804274099686,4.525177680205784,2.4422453337221195,,3,Complete Midfielders,1.1156387758739075,34.3,
Jordan Bos,AUS,DF,0.0,343.0,0,2,5,0,3,2,0,0.42,0.0,0,107,94,88,8,38,8,8,38,1,100,0,23,84,21,4,4,1,0,0,0,,,,76,27,37,12,26,50,7,41,93,286,6.41,396,223,36920.34,0.9308792171607234,2.5592138646128464,2.7138035332664185,3.377199005860652,,3,Complete Midfielders,1.2886323622791191,39.6,
Jordan Henderson,ENG,MF,0.0,12.0,0,0,0,0,0,0,0,0.0,0.0,1,13,12,92,1,0,0,0,0,0,0,0,0,4,0,0,1,1,0,0,0,,,,22,1,4,17,20,2,1,0,5,27,1.46,35,6,1790.68,-1.261933476999467,-1.5545236240188425,-1.415575384730712,-2.391792343724914,,2,Limited Tournament Impact,0.1425722204849026,4.4,
Jordan Pickford,ENG,GK,0.0,756.0,0,0,0,0,0,0,0,0.0,0.0,0,265,190,72,0,0,0,12,42,3,33,0,0,0,0,0,3,0,0,0,0,14.0,116.0,94.0,66,0,0,66,46,20,0,0,6,427,3.35,105,26,36148.96,-1.3243189297858935,2.260380163436146,-1.1157871672140938,-0.1660631724494707,3.440885729052481,-1,Goalkeeper,0.5969008787743282,18.4,68.4
Jordy Alcivar,ECU,MF,0.0,49.0,0,0,1,0,1,0,0,0.04,0.0,0,33,31,94,1,0,0,1,100,0,0,0,1,12,7,1,0,1,0,0,0,,,,17,4,3,10,10,7,0,1,19,77,1.54,63,23,5065.44,-1.017367080586114,-0.4862712020054323,-1.0055154648625917,-2.164592456770716,,2,Limited Tournament Impact,0.288410292459382,8.9,
Jordy Caicedo,ECU,FW,0.0,40.0,0,0,1,0,1,0,0,0.05,0.0,0,6,6,100,0,0,0,0,0,0,0,0,1,12,1,2,0,0,0,0,0,,,,5,4,1,0,3,2,0,9,9,20,4.6,44,22,4108.67,-1.0095843649363268,-1.6027695719164694,-1.3750736704164497,-2.216074860984824,,2,Limited Tournament Impact,0.16230236773153034,5.0,
Jorge Carrascal,COL,MF,0.0,0.0,0,0,0,0,0,0,0,0.0,0.0,0,0,0,0,0,0,0,0,0,0,0,0,0,0,0,0,0,0,0,0,0,,,,0,0,0,0,0,0,0,0,0,0,0.0,0,0,0.0,-1.3243189297858935,-2.4642577606874845,-1.631956563153904,-3.2142549945655188,,2,Limited Tournament Impact,0.0,0.0,
Jorge Gutierrez,PAN,DF,0.0,90.0,0,0,0,0,0,0,0,0.0,0.0,0,23,19,83,0,0,0,1,0,0,0,0,6,28,10,1,2,0,0,0,0,,,,16,10,2,4,4,12,0,6,15,50,2.1,117,43,9490.21,-1.3243189297858935,-1.5275138907490808,0.0122540167241259,-1.874719713932533,,2,Limited Tournament Impact,0.31396420571654393,9.7,
Jorge Sanchez,MEX,DF,0.0,388.0,1,1,1,0,1,0,0,0.04,0.0,0,131,121,92,5,20,0,1,0,0,0,0,16,87,21,5,1,1,0,0,1,,,,136,54,43,39,31,105,3,25,38,270,5.26,485,223,42619.96,-0.3634157462210512,-0.1184797496206815,1.794667638118066,3.820255635153747,,3,Complete Midfielders,0.9683245117582647,29.8,
Jorgen Strand Larsen,NOR,FW,0.0,117.0,0,1,2,0,2,0,0,0.85,0.0,0,24,18,75,0,0,0,1,0,0,0,0,8,56,4,0,2,0,0,0,1,,,,52,34,16,2,47,5,1,21,26,54,2.08,120,47,11703.54,0.1345134438290197,-1.5926899765330498,0.0776002412371465,-0.7293238048763064,,0,Balanced Contributors,0.43552664090651627,13.4,
Joris Kayembe,COD,DF,0.0,69.0,0,0,1,0,0,1,0,0.0,0.0,0,24,19,79,3,67,0,4,25,0,0,0,4,20,5,0,1,0,0,0,0,,,,15,4,7,4,2,13,1,7,7,55,6.28,88,34,7372.37,-1.019547935040794,-0.3891535862726886,-0.6810484844012941,-1.5879620999343302,,0,Balanced Contributors,0.36175212648888583,11.1,
Jorrel Hato,NED,DF,0.0,43.0,0,0,0,0,0,0,0,0.0,0.0,0,4,2,50,1,100,0,0,0,0,0,0,1,23,4,0,0,0,0,0,0,,,,3,2,1,0,2,1,0,0,5,11,1.55,45,17,4437.91,-1.3243189297858935,-1.1837839246747428,-1.0684016065872348,-2.724419825922108,,2,Limited Tournament Impact,0.18400374488607132,5.7,
Jose Canale,PAR,DF,0.0,198.0,0,0,0,0,0,0,0,0.0,0.0,0,27,18,67,1,0,0,1,0,0,0,0,2,17,4,1,2,0,0,0,0,,,,14,2,2,10,4,10,0,1,12,62,4.87,123,37,17328.15,-1.3243189297858935,-1.5869845437761936,-0.7284600264768657,-1.6182816386443566,,2,Limited Tournament Impact,0.2510607164190938,7.7,
Jose Cordoba,PAN,DF,0.0,303.0,0,0,0,0,0,0,0,0.0,0.0,0,183,169,92,1,0,1,1,100,2,100,0,7,21,12,5,1,0,0,0,0,,,,35,0,2,33,23,12,0,4,29,387,6.07,315,114,30753.8,-1.3243189297858935,1.9355527848880612,-0.0518689088648433,0.3110586188144361,,0,Balanced Contributors,0.7048590893939211,21.7,
Jose Fajardo,PAN,FW,0.0,176.0,0,0,1,0,1,0,1,0.25,0.0,0,18,11,61,0,0,0,1,100,0,0,0,18,99,19,4,3,1,0,0,1,,,,56,47,9,0,44,12,1,19,16,50,6.5,236,110,19207.38,-0.6087606590936547,-0.9607883947649544,2.273200077853844,0.2682356459100228,,0,Balanced Contributors,0.7332734408905424,22.5,
Jose Luis Rodriguez,PAN,MF,0.0,251.0,0,1,3,0,1,2,0,0.24,0.0,3,48,35,73,16,13,2,3,33,2,50,0,20,88,12,4,2,0,0,0,0,,,,76,31,39,6,34,42,9,43,45,154,6.2,305,109,25899.78,0.1806451504408411,0.9993555110675598,1.6727308499728777,2.1201571779267074,,3,Complete Midfielders,0.9634263698593449,29.6,
Jose Manuel Lopez,ARG,FW,0.0,28.0,1,0,1,0,1,0,0,0.04,0.0,0,2,2,100,0,0,0,1,0,0,0,0,2,9,3,1,0,1,0,0,0,,,,12,12,0,0,9,3,0,5,5,8,2.18,43,17,3081.24,-0.6090753164027821,-1.5495255259391787,-1.2228154175822266,-2.4385925403292386,,2,Limited Tournament Impact,0.1830564311008095,5.6,
Jose Maria Gimenez,URU,DF,0.0,0.0,0,0,0,0,0,0,0,0.0,0.0,0,0,0,0,0,0,0,0,0,0,0,0,0,0,0,0,0,0,0,0,0,,,,0,0,0,0,0,0,0,0,0,0,0.0,0,0,0.0,-1.3243189297858935,-2.4642577606874845,-1.631956563153904,-3.2142549945655188,,2,Limited Tournament Impact,0.0,0.0,
Jose Sa,POR,GK,0.0,0.0,0,0,0,0,0,0,0,0.0,0.0,0,0,0,0,0,0,0,0,0,0,0,0,0,0,0,0,0,0,0,0,0,0.0,0.0,0.0,0,0,0,0,0,0,0,0,0,0,0.0,0,0,0.0,-1.3243189297858935,-2.4642577606874845,-1.631956563153904,-3.2142549945655188,-1.2038479457474982,-1,Goalkeeper,0.0,0.0,0.0
Joseph Anang,GHA,GK,0.0,0.0,0,0,0,0,0,0,0,0.0,0.0,0,0,0,0,0,0,0,0,0,0,0,0,0,0,0,0,0,0,0,0,0,0.0,0.0,0.0,0,0,0,0,0,0,0,0,0,0,0.0,0,0,0.0,-1.3243189297858935,-2.4642577606874845,-1.631956563153904,-3.2142549945655188,-1.2038479457474982,-1,Goalkeeper,0.0,0.0,0.0
Joshua Brenet,CUW,DF,0.0,193.0,0,0,0,0,0,0,0,0.0,0.0,0,63,49,78,1,0,2,3,33,0,0,0,17,65,6,0,1,0,0,0,1,,,,44,18,20,6,8,36,1,10,32,121,3.96,191,97,19154.29,-1.3243189297858935,-0.584336156039235,0.6893019212775611,-0.2117035524563029,,0,Balanced Contributors,0.5516671293263127,17.0,
Joshua Kimmich,GER,DF,0.0,392.0,2,1,5,0,1,4,0,0.15,0.0,15,368,336,91,25,20,1,9,56,2,100,0,26,55,9,0,7,0,0,0,0,,,,100,6,21,73,45,55,1,10,73,778,6.79,518,157,44638.55,2.2853516608867377,5.314308021484736,2.356449505497713,3.452351850037812,,5,Elite All-Round Performers,1.5211804529357158,46.8,
Josip Stanisic,CRO,DF,0.0,413.0,1,0,0,0,0,0,0,0.0,0.0,0,162,140,86,5,20,2,9,67,3,100,0,19,75,17,0,3,0,0,0,0,,,,163,41,56,66,30,133,3,22,51,322,6.19,418,196,42580.9,-0.9160271656025613,2.79945529717435,1.9463814498250704,4.386829654709224,,3,Complete Midfielders,1.2232692634213918,37.6,
Josip Sutalo,CRO,DF,0.0,413.0,0,0,1,0,1,0,0,0.06,0.0,0,267,241,90,0,0,3,4,0,7,71,0,4,17,9,2,1,0,0,0,0,,,,41,0,2,39,22,19,0,2,43,570,5.96,410,118,40954.87,-1.0018016492865396,2.9859580618731667,-0.4679198821978302,1.0809902272961536,,0,Balanced Contributors,0.8021803983442821,24.7,
Josko Gvardiol,CRO,DF,0.0,177.0,0,0,1,0,1,0,0,0.18,0.0,0,89,77,87,0,0,0,7,57,2,50,0,2,24,6,2,3,0,0,0,0,,,,10,2,3,5,2,8,0,8,28,187,6.86,238,88,18796.01,-0.9084090614890916,0.7738543692123511,-0.3556492447032789,-0.711053236507662,,0,Balanced Contributors,0.5397665211045033,16.6,
Josue Casimir,HAI,FW,0.0,208.0,0,0,1,0,0,1,0,0.01,0.0,0,52,43,83,2,0,2,3,33,0,0,0,9,81,13,4,4,1,0,0,0,,,,71,39,29,3,35,36,2,20,46,121,6.05,246,113,20980.8,-1.0117652193910067,-0.5564397331484268,1.3153956562801992,1.058273777756333,,0,Balanced Contributors,0.7015266783384663,21.6,
Josue Duverger,HAI,GK,0.0,0.0,0,0,0,0,0,0,0,0.0,0.0,0,0,0,0,0,0,0,0,0,0,0,0,0,0,0,0,0,0,0,0,0,0.0,0.0,0.0,0,0,0,0,0,0,0,0,0,0,0.0,0,0,0.0,-1.3243189297858935,-2.4642577606874845,-1.631956563153904,-3.2142549945655188,-1.2038479457474982,-1,Goalkeeper,0.0,0.0,0.0
Jovane Cabral,CPV,MF,0.0,148.0,0,0,2,0,0,2,0,0.05,0.0,0,34,27,79,1,0,3,2,50,0,0,0,14,86,7,1,2,0,0,0,0,,,,57,21,32,4,29,28,0,21,24,84,2.92,190,61,14327.66,-0.6758633620467585,-0.6449127970479979,0.968709007230763,-0.3606740586954292,,0,Balanced Contributors,0.5894840921069664,18.1,
Jovo Lukic,BIH,FW,1.0,77.0,0,2,3,33,3,0,3,0.46,2.18,0,13,7,54,0,0,0,1,0,0,0,0,5,34,2,1,0,1,0,0,0,,,,9,2,7,0,7,2,0,14,14,35,3.16,100,42,8269.19,2.160040570101052,-1.855865477675989,-0.8204318374580539,-1.9197844425256256,,2,Limited Tournament Impact,0.3302200175019281,10.2,
Juan Jose Caceres,PAR,DF,0.0,488.0,0,1,2,0,1,1,0,0.07,0.0,0,129,80,62,9,11,6,13,31,2,50,0,17,154,41,9,6,1,0,0,0,,,,55,19,17,19,8,47,0,15,66,270,5.99,521,193,48658.8,-0.4435883687099223,2.2526924056119983,4.691565313603851,2.081968902841518,,3,Complete Midfielders,1.3346366777148784,41.0,
Juan Manuel Sanabria,URU,MF,0.0,237.0,0,0,3,0,2,1,0,0.09,0.0,0,103,89,86,12,0,0,4,75,0,0,0,9,51,12,1,0,1,0,0,1,,,,102,64,29,9,28,74,7,30,53,230,6.35,320,129,25094.45,-0.3978615209914486,0.6905503165727593,0.2331414124437262,2.7213525131412166,,0,Balanced Contributors,0.8111129593555622,24.9,
Juan Musso,ARG,GK,0.0,,0,0,0,0,0,0,0,0.0,0.0,0,0,0,0,0,0,0,0,0,0,0,0,0,0,0,0,0,0,0,0,0,0.0,0.0,0.0,0,0,0,0,0,0,0,0,0,0,0.0,0,0,0.0,-1.3243189297858935,-2.4642577606874845,-1.631956563153904,-3.2142549945655188,-1.2038479457474982,-1,Goalkeeper,0.0,0.0,0.0
Juan Portilla,COL,MF,0.0,0.0,0,0,0,0,0,0,0,0.0,0.0,0,0,0,0,0,0,0,0,0,0,0,0,0,0,0,0,0,0,0,0,0,,,,0,0,0,0,0,0,0,0,0,0,0.0,0,0,0.0,-1.3243189297858935,-2.4642577606874845,-1.631956563153904,-3.2142549945655188,,2,Limited Tournament Impact,0.0,0.0,
Juan Quintero,COL,MF,0.0,146.0,1,0,4,0,0,4,0,0.13,0.0,6,89,74,83,12,33,1,11,64,8,88,0,3,45,0,0,1,0,0,0,0,,,,50,10,28,12,27,23,1,22,35,202,5.25,185,45,15790.25,0.7785448335436305,3.6906730578714617,-0.7742999179078744,-0.0342734670890308,,0,Balanced Contributors,0.8261519695625574,25.4,
Jude Bellingham,ENG,MF,6.0,679.0,1,11,17,35,14,3,4,3.36,1.79,0,221,185,84,9,11,12,20,45,5,100,0,17,165,22,6,12,1,0,0,1,,,,431,110,230,91,323,108,12,79,158,493,6.34,778,328,60482.91,13.699736060341476,5.53816637145249,4.675529415615208,13.664092909709575,,4,Tournament Superstars,2.7814428522324897,85.5,
Juergen Locadia,CUW,FW,0.0,250.0,0,0,1,0,1,0,0,0.08,0.0,0,48,37,77,0,0,0,1,100,1,100,0,7,76,4,3,4,0,0,0,2,,,,67,47,20,0,44,23,2,42,42,108,5.71,227,92,23793.05,-0.9862362179869648,0.3274333585269852,0.5810210182645856,1.059907750893961,,0,Balanced Contributors,0.6986054342089894,21.5,
Jules Kounde,FRA,DF,0.0,659.0,0,0,2,0,2,0,1,0.06,0.0,0,349,310,89,15,13,0,7,43,0,0,0,33,130,24,6,5,0,0,0,1,,,,242,107,53,82,101,141,9,62,70,742,6.28,819,313,68972.38,-0.4808112698389841,2.96605685272795,4.2035304936078415,9.157810294558567,,5,Elite All-Round Performers,1.754769298998025,53.9,
Julian Alvarez,ARG,FW,1.0,576.0,0,5,11,9,7,4,0,1.39,0.72,0,198,170,86,1,0,3,2,50,4,100,0,27,177,25,8,2,0,0,0,2,,,,221,88,76,57,142,79,2,84,87,354,6.24,548,236,48685.72,4.798489107405201,2.2412255162587207,3.8958751960763207,6.983756729312272,,5,Elite All-Round Performers,1.7328218811219367,53.3,
Julian Quinones,MEX,FW,4.0,440.0,1,6,14,29,8,6,2,2.27,1.76,0,135,111,82,4,50,5,7,100,2,100,0,13,162,12,5,7,0,0,0,1,,,,248,99,115,34,120,128,6,84,141,355,6.43,581,251,47274.89,9.326086085552792,2.884568968457364,2.916810335031804,8.55650201260164,,4,Tournament Superstars,1.9428419040295357,59.7,
Julian Ryerson,NOR,FW,0.0,248.0,0,0,0,0,0,0,0,0.0,0.0,7,149,131,88,14,50,3,13,46,0,0,0,31,53,13,6,1,0,0,0,0,,,,21,3,15,3,7,14,1,26,59,316,4.34,285,91,26275.25,-0.8876207602809072,2.4310826279856346,1.859899089842596,0.2003892301881121,,3,Complete Midfielders,0.9419739264303146,29.0,
Julio Enciso,PAR,FW,1.0,431.0,2,1,8,13,6,2,1,0.74,1.36,2,68,55,81,7,43,11,3,33,2,50,0,20,209,17,3,10,0,0,0,0,,,,90,38,41,11,43,47,5,50,81,201,6.43,538,237,46088.56,3.711466915860592,1.814227657097056,4.697970315349065,3.843499221181348,,5,Elite All-Round Performers,1.5555542244886975,47.8,
Juninho Bacuna,CUW,MF,0.0,280.0,0,1,5,0,2,3,1,0.33,0.0,2,75,60,80,5,20,7,4,25,1,100,0,16,148,21,6,3,2,0,0,0,,,,45,13,27,5,25,20,4,36,71,201,6.17,305,142,28744.95,1.0140655126951552,1.349001623771345,2.814732443670919,1.4712148621032706,,3,Complete Midfielders,1.0959506501078908,33.7,
Junior Alonso,PAR,DF,0.0,456.0,0,1,3,0,1,2,0,0.2,0.0,0,116,69,59,1,0,0,7,29,2,100,0,31,140,16,3,3,1,0,0,1,,,,21,2,6,13,2,19,1,8,48,233,5.96,457,123,43140.24,-0.037642070517588,0.8149080888306118,3.352853633386871,0.6242316001591988,,3,Complete Midfielders,1.0198000177395643,31.4,
Junnosuke Suzuki,JPN,DF,0.0,58.0,0,0,0,0,0,0,0,0.0,0.0,0,7,6,86,1,0,0,1,0,0,0,0,0,22,4,2,0,1,0,0,0,,,,10,4,5,1,3,7,0,2,4,19,3.0,68,34,5757.46,-1.3243189297858935,-1.5668201311400594,-1.1417985040134273,-2.27484848184305,,2,Limited Tournament Impact,0.17328369392719142,5.3,
Junya Ito,JPN,MF,1.0,242.0,0,1,3,33,2,1,0,0.67,1.49,11,85,65,76,17,35,3,10,60,1,100,0,6,77,5,2,5,0,0,0,0,,,,143,36,86,21,80,63,4,45,54,215,5.88,233,108,24421.93,2.0016017041182104,2.6144565497249213,0.7634359769656006,3.1523861976374787,,3,Complete Midfielders,1.1257425929217422,34.6,
Jurien Gaari,CUW,DF,0.0,180.0,0,0,2,0,1,1,1,0.11,0.0,0,54,41,76,0,0,0,1,0,0,0,0,8,30,14,4,1,1,0,0,0,,,,21,0,2,19,11,10,0,3,24,114,3.83,151,71,17250.25,-0.4129476834455781,-1.361854432837719,0.2333634832991461,-1.216612573194612,,0,Balanced Contributors,0.42042896288946124,12.9,
Justin Kluivert,NED,MF,0.0,32.0,0,0,0,0,0,0,0,0.0,0.0,0,7,7,100,1,0,0,0,0,0,0,0,2,12,0,0,2,0,0,0,0,,,,29,13,14,2,15,14,2,3,5,18,3.51,60,20,3868.51,-1.3243189297858935,-1.535955469778881,-1.0302380549001735,-1.7603485568617276,,2,Limited Tournament Impact,0.21684828057428263,6.7,
Kaan Ayhan,TUR,MF,1.0,11.0,0,1,1,100,1,0,0,0.68,1.48,0,3,1,33,0,0,0,0,0,0,0,0,0,1,1,0,0,0,0,0,0,,,,3,1,0,2,2,1,0,2,1,9,2.18,13,7,1239.03,1.5538528656339905,-2.1801087990846257,-1.5592823506174471,-2.826511294991008,,2,Limited Tournament Impact,0.15674408655478933,4.8,
Kai Havertz,GER,FW,3.0,392.0,0,7,12,25,11,1,7,2.0,1.5,0,117,101,86,3,67,1,2,0,0,0,0,19,99,14,3,4,1,0,0,1,,,,204,95,88,21,127,77,8,80,78,290,6.93,577,202,44897.03,8.917764379790944,0.1272800599151866,2.1996070910209444,6.827507425463997,,1,Dynamic Attackers,1.541392628636342,47.4,
Kai Trewin,AUS,DF,0.0,81.0,0,0,1,0,0,1,0,0.0,0.0,0,31,27,87,2,0,0,1,0,0,0,0,7,22,4,0,1,0,0,0,0,,,,18,3,10,5,2,16,2,7,14,73,1.6,98,41,8815.94,-1.019547935040794,-1.3107778248937092,-0.5335320046591736,-1.7588996207873469,,2,Limited Tournament Impact,0.2946834291441595,9.1,
Kaishu Sano,JPN,MF,1.0,303.0,1,1,1,100,0,1,0,0.09,11.52,0,131,124,95,1,100,2,1,100,1,100,0,10,108,14,4,1,1,0,0,0,,,,124,6,39,79,93,31,2,6,42,287,5.11,411,114,34501.68,2.345272780419038,2.235032552484999,1.2223268272400514,2.352026106346784,,1,Dynamic Attackers,1.1072949514455448,34.0,
Kalidou Koulibaly,SEN,DF,0.0,181.0,0,0,0,0,0,0,0,0.0,0.0,0,83,73,88,0,0,0,1,0,3,100,0,3,21,5,0,0,0,0,0,0,,,,23,1,1,21,13,10,0,0,18,189,2.65,167,44,16073.86,-1.3243189297858935,0.3251878078542786,-0.9043394905857955,-1.4033773720502982,,0,Balanced Contributors,0.3949128461843703,12.1,
Kamaldeen Sulemana,GHA,FW,0.0,136.0,0,0,1,0,0,1,0,0.01,0.0,0,31,27,87,4,75,4,4,75,3,100,0,3,62,8,2,1,0,0,0,1,,,,64,19,34,11,21,43,1,12,19,85,3.32,172,75,14795.98,-1.0117652193910067,1.97900460662415,-0.0931756131188946,-0.1964612232309594,,0,Balanced Contributors,0.6858090557294145,21.1,
Kamogelo Sebelebele,RSA,FW,0.0,13.0,0,0,0,0,0,0,0,0.0,0.0,0,5,4,80,1,0,0,0,0,0,0,0,1,4,0,1,0,0,0,0,0,,,,5,2,3,0,2,3,1,2,2,13,1.94,27,11,1742.93,-1.3243189297858935,-1.7193882955140207,-1.52531613089527,-2.669687423757481,,2,Limited Tournament Impact,0.10035252546786658,3.1,
Karim Boudiaf,QAT,MF,0.0,114.0,0,0,1,0,0,1,0,0.02,0.0,0,69,65,94,0,0,0,4,50,0,0,0,2,29,3,0,2,0,0,0,0,,,,58,7,34,17,31,27,0,5,19,143,4.59,205,30,13129.49,-1.0039825037412196,-0.3884960423272479,-0.6570789214060756,-0.5008338327364297,,0,Balanced Contributors,0.42839671834270077,13.2,
Karim Hafez,EGY,DF,0.0,198.0,1,0,1,0,0,1,0,0.01,0.0,0,113,99,88,2,0,1,2,50,1,100,0,4,36,13,1,2,0,0,0,0,,,,49,7,21,21,10,39,3,5,44,232,4.13,252,76,20427.22,-0.6034734552076747,0.8525443154955665,0.1610511074234754,0.2258091947282387,,0,Balanced Contributors,0.6629683248480378,20.4,
Keeto Thermoncy,HAI,DF,0.0,0.0,0,0,0,0,0,0,0,0.0,0.0,0,0,0,0,0,0,0,0,0,0,0,0,0,0,0,0,0,0,0,0,0,,,,0,0,0,0,0,0,0,0,0,0,0.0,0,0,0.0,-1.3243189297858935,-2.4642577606874845,-1.631956563153904,-3.2142549945655188,,2,Limited Tournament Impact,0.0,0.0,
Keisuke Goto,JPN,FW,0.0,11.0,0,0,0,0,0,0,0,0.0,0.0,0,1,1,100,0,0,0,1,100,0,0,0,1,6,3,0,1,0,0,0,0,,,,15,9,6,0,14,1,0,1,1,2,1.75,15,10,1396.31,-1.3243189297858935,-0.757502214911748,-1.1463182062501098,-2.61589326815526,,2,Limited Tournament Impact,0.21579197399609554,6.6,
Keisuke Osako,JPN,GK,0.0,0.0,0,0,0,0,0,0,0,0.0,0.0,0,0,0,0,0,0,0,0,0,0,0,0,0,0,0,0,0,0,0,0,0,0.0,0.0,0.0,0,0,0,0,0,0,0,0,0,0,0.0,0,0,0.0,-1.3243189297858935,-2.4642577606874845,-1.631956563153904,-3.2142549945655188,-1.2038479457474982,-1,Goalkeeper,0.0,0.0,0.0
Keito Nakamura,JPN,MF,1.0,330.0,1,2,5,20,2,3,0,0.17,5.98,0,117,100,85,9,33,5,10,80,0,0,0,9,80,11,3,1,0,0,0,1,,,,155,52,85,18,32,123,4,56,72,272,6.72,497,180,36946.02,2.395888515235183,1.9186086988608524,0.6649590135449556,4.886780443813911,,1,Dynamic Attackers,1.1778011747111121,36.2,
Kelvin Pires,CPV,DF,0.0,0.0,0,0,0,0,0,0,0,0.0,0.0,0,0,0,0,0,0,0,0,0,0,0,0,0,0,0,0,0,0,0,0,0,,,,0,0,0,0,0,0,0,0,0,0,0.0,0,0,0.0,-1.3243189297858935,-2.4642577606874845,-1.631956563153904,-3.2142549945655188,,2,Limited Tournament Impact,0.0,0.0,
Ken Sema,SWE,MF,0.0,22.0,0,0,1,0,1,0,0,0.06,0.0,0,3,3,100,0,0,1,0,0,0,0,0,2,5,2,0,1,0,0,0,0,,,,5,2,2,1,2,3,0,1,4,10,1.52,22,7,2294.51,-1.0018016492865396,-1.531562644468921,-1.1566766996378548,-2.796398061997767,,2,Limited Tournament Impact,0.1557528470043835,4.8,
Kenan Yildiz,TUR,FW,0.0,249.0,0,1,14,0,11,3,0,0.38,0.0,0,121,108,89,8,13,8,10,70,1,0,0,7,32,5,2,4,0,0,0,0,,,,84,38,28,18,30,54,2,92,128,307,6.05,236,78,25197.64,3.1654276719299803,2.199747616780208,0.1550422083144186,3.0205743278221404,,1,Dynamic Attackers,1.0679387099767317,32.8,
Kendry Paez,ECU,MF,0.0,20.0,0,0,0,0,0,0,0,0.0,0.0,0,10,9,90,0,0,0,0,0,0,0,0,2,7,3,1,0,1,0,0,0,,,,8,1,1,6,1,7,0,1,4,22,1.69,33,15,2319.6,-1.3243189297858935,-1.6544457656219878,-1.2449777741371877,-2.654643989594692,,2,Limited Tournament Impact,0.13402265409191652,4.1,
Kenji Gorre,CUW,FW,0.0,20.0,0,0,0,0,0,0,0,0.0,0.0,0,2,0,0,0,0,0,0,0,0,0,0,0,8,1,0,0,0,0,0,0,,,,2,0,2,0,1,1,0,3,1,5,2.2,32,8,2257.01,-1.3243189297858935,-2.456122927881011,-1.4817141026750835,-2.786356728725273,,2,Limited Tournament Impact,0.04055415871278403,1.2,
Kenny Mclean,SCO,MF,0.0,144.0,0,0,1,0,0,1,0,0.01,0.0,0,63,56,89,2,50,1,2,100,0,0,0,4,31,6,1,1,1,0,0,0,,,,56,2,24,30,42,14,1,4,21,137,7.3,188,56,16438.49,-1.0117652193910067,0.3424492392588786,-0.4975624890900318,-0.1146065274473747,,0,Balanced Contributors,0.5233441701679307,16.1,
Kento Shiogai,JPN,FW,0.0,12.0,0,0,0,0,0,0,0,0.0,0.0,0,1,1,100,0,0,0,0,0,0,0,0,0,6,2,0,0,0,0,0,0,,,,11,6,5,0,9,2,0,1,0,2,2.04,20,11,1755.39,-1.3243189297858935,-1.6449990285391731,-1.4422834249710683,-2.6605716122791176,,2,Limited Tournament Impact,0.1148863205679268,3.5,
Kerem Akturkoglu,TUR,FW,0.0,143.0,0,1,3,0,2,1,0,0.59,0.0,0,15,9,60,2,50,0,0,0,0,0,0,10,38,2,0,2,0,0,0,0,,,,71,57,12,2,66,5,2,18,20,45,4.21,147,73,15234.03,0.2369338316796483,-1.364779819560713,-0.1204155979780318,0.0718005089621422,,0,Balanced Contributors,0.4842891201674925,14.9,
Kerim Alajbegovic,BIH,FW,1.0,312.0,0,1,4,25,1,3,0,0.14,7.25,7,90,69,77,16,6,12,13,77,1,0,0,9,98,8,4,6,0,0,0,1,,,,115,33,63,19,27,88,2,50,77,241,6.35,365,130,32990.98,2.042956452506946,2.9204223343769664,1.5399234463290268,3.2686559014549865,,3,Complete Midfielders,1.234679547972626,38.0,
Kevin Castano,COL,MF,0.0,28.0,0,0,0,0,0,0,0,0.0,0.0,0,14,14,100,0,0,0,0,0,0,0,0,1,9,0,0,0,0,0,0,0,,,,11,1,2,8,7,4,0,2,3,32,2.76,48,15,3167.34,-1.3243189297858935,-1.5352024413201435,-1.4699102395078676,-2.446950374907732,,2,Limited Tournament Impact,0.1331975959780769,4.1,
Kevin Danso,AUT,DF,0.0,284.0,0,0,1,0,1,0,1,0.06,0.0,0,164,147,90,1,0,2,1,0,1,100,0,2,23,8,1,2,0,0,0,0,,,,25,1,2,22,10,15,1,6,28,349,5.48,266,95,25685.71,-0.756632256439614,0.8372797832563889,-0.415600819776077,-0.1246231668696719,,0,Balanced Contributors,0.5786272632054192,17.8,
Kevin De Bruyne,BEL,MF,1.0,412.0,0,5,20,5,9,11,0,1.39,0.72,14,185,153,83,21,24,5,21,48,2,100,0,14,145,13,2,4,1,0,0,0,,,,223,76,96,51,126,97,6,61,86,446,5.67,573,204,46612.9,8.308440172339195,4.868511146950954,2.3361696617825127,6.992729869880901,,5,Elite All-Round Performers,1.911035603368858,58.8,
Kevin Felida,CUW,MF,0.0,0.0,0,0,0,0,0,0,0,0.0,0.0,0,0,0,0,0,0,0,0,0,0,0,0,0,0,0,0,0,0,0,0,0,,,,0,0,0,0,0,0,0,0,0,0,0.0,0,0,0.0,-1.3243189297858935,-2.4642577606874845,-1.631956563153904,-3.2142549945655188,,2,Limited Tournament Impact,0.0,0.0,
Kevin Pina,CPV,MF,1.0,389.0,0,1,5,20,0,5,0,0.09,11.33,0,156,134,86,1,0,3,1,0,3,67,0,22,93,23,5,3,1,0,0,0,,,,71,1,26,44,53,18,0,5,66,359,6.07,388,116,39576.48,2.170988545367298,0.9840075890810616,2.702348021819714,1.6090493064691294,,1,Dynamic Attackers,1.1066305921369277,34.0,
Kevin Rodriguez,ECU,FW,0.0,146.0,1,1,6,0,6,0,2,0.68,0.0,0,27,23,85,1,0,1,3,67,0,0,0,2,26,6,3,1,0,0,0,0,,,,49,33,15,1,38,11,3,35,35,79,6.3,187,89,15137.76,2.004121774062338,-0.6122316682734967,-0.6775998187748583,0.3884446704580721,,0,Balanced Contributors,0.5705264372675056,17.5,
Kevin Yakob,IRQ,MF,0.0,29.0,0,0,1,0,1,0,0,0.07,0.0,0,12,9,75,0,0,1,1,0,0,0,0,1,18,2,1,0,0,0,0,0,,,,6,2,3,1,6,0,0,4,5,28,2.45,47,15,3609.05,-0.9940189336367522,-1.5843606462424558,-1.24699356649259,-2.5322151470428715,,2,Limited Tournament Impact,0.15846285091281706,4.9,
Khalid Alghannam,KSA,FW,0.0,8.0,0,0,0,0,0,0,0,0.0,0.0,0,0,0,0,0,0,0,0,0,0,0,0,0,6,0,0,0,0,0,0,0,,,,0,0,0,0,0,0,0,0,0,0,1.85,10,4,790.29,-1.3243189297858935,-2.4642577606874845,-1.565469493489021,-2.98702744046611,,2,Limited Tournament Impact,0.019883967773111688,0.6,
Khalil Ayari,TUN,MF,0.0,0.0,0,0,0,0,0,0,0,0.0,0.0,0,0,0,0,0,0,0,0,0,0,0,0,0,0,0,0,0,0,0,0,0,,,,0,0,0,0,0,0,0,0,0,0,0.0,0,0,0.0,-1.3243189297858935,-2.4642577606874845,-1.631956563153904,-3.2142549945655188,,2,Limited Tournament Impact,0.0,0.0,
Khojiakbar Alijonov,UZB,DF,0.0,155.0,0,0,0,0,0,0,0,0.0,0.0,0,41,27,66,4,0,3,2,0,1,0,0,4,76,11,2,1,0,0,0,0,,,,16,6,9,1,1,15,5,19,41,103,4.17,228,87,16085.82,-1.3243189297858935,-0.7424517363150626,0.3090557046914737,-0.3973599643024306,,0,Balanced Contributors,0.49087671601931937,15.1,
Khuliso Mudau,RSA,DF,0.0,402.0,0,0,0,0,0,0,0,0.0,0.0,0,187,168,90,5,20,3,5,20,0,0,0,32,82,16,4,10,0,0,0,1,,,,62,30,25,7,17,45,6,17,64,394,5.83,399,189,39120.48,-1.3243189297858935,1.0967057232811062,3.976856269634604,2.460230347577841,,3,Complete Midfielders,1.1641291334138328,35.8,
Khulumani Ndamane,RSA,DF,0.0,0.0,0,0,0,0,0,0,0,0.0,0.0,0,0,0,0,0,0,0,0,0,0,0,0,0,0,0,0,0,0,0,0,0,,,,0,0,0,0,0,0,0,0,0,0,0.0,0,0,0.0,-1.3243189297858935,-2.4642577606874845,-1.631956563153904,-3.2142549945655188,,2,Limited Tournament Impact,0.0,0.0,
Kieran Tierney,SCO,DF,0.0,115.0,0,0,2,0,2,0,0,0.06,0.0,0,48,36,75,7,43,0,1,100,2,50,0,12,31,6,3,2,0,0,0,0,,,,47,14,22,11,8,39,1,17,20,113,4.26,119,65,12307.0,-0.7259806626859099,0.9013080624701592,0.1730197294129336,-0.5244873141123757,,0,Balanced Contributors,0.6195527239846558,19.0,
Kim Jingyu,KOR,MF,0.0,64.0,0,0,1,0,0,1,0,0.01,0.0,0,56,54,96,1,0,0,2,100,0,0,0,3,16,3,0,1,0,0,0,0,,,,14,1,6,7,11,3,0,5,19,122,5.21,99,26,7803.84,-1.0117652193910067,-0.1887718334490673,-0.9108749851778808,-1.6578185838931645,,0,Balanced Contributors,0.3507830991599659,10.8,
Kim Minjae,KOR,DF,0.0,268.0,0,1,1,0,1,0,1,0.1,0.0,0,226,221,98,0,0,1,0,0,0,0,0,3,13,4,2,0,0,0,0,0,,,,33,0,0,33,20,13,0,2,43,459,5.97,264,91,26815.14,-0.4798418236587338,0.3137624894806581,-1.0545819510646162,0.2121109689150567,,0,Balanced Contributors,0.504486484466475,15.5,
Kim Moonhwan,KOR,DF,0.0,74.0,0,0,0,0,0,0,0,0.0,0.0,0,25,22,88,0,0,0,0,0,0,0,0,11,19,2,0,0,0,0,0,0,,,,27,14,9,4,10,17,0,7,1,49,2.29,109,52,8571.36,-1.3243189297858935,-1.5527306024129606,-0.6127551967279904,-1.7231118889952866,,2,Limited Tournament Impact,0.25903499992438916,8.0,
Kim Seunggyu,KOR,GK,0.0,300.0,0,0,0,0,0,0,0,0.0,0.0,0,116,85,73,0,0,0,9,11,2,50,0,0,0,0,0,0,0,0,0,0,11.0,42.0,34.0,38,0,0,38,27,11,0,0,7,230,3.14,37,14,15687.05,-1.3243189297858935,0.6110280032238474,-1.631956563153904,-1.4543507155731092,1.0034793899775474,-1,Goalkeeper,0.3421534130921697,10.5,32.5
Kim Taehyeon,KOR,DF,0.0,0.0,0,0,0,0,0,0,0,0.0,0.0,0,0,0,0,0,0,0,0,0,0,0,0,0,0,0,0,0,0,0,0,0,,,,0,0,0,0,0,0,0,0,0,0,0.0,0,0,0.0,-1.3243189297858935,-2.4642577606874845,-1.631956563153904,-3.2142549945655188,,2,Limited Tournament Impact,0.0,0.0,
Kobbie Mainoo,ENG,MF,0.0,0.0,0,0,0,0,0,0,0,0.0,0.0,0,0,0,0,0,0,0,0,0,0,0,0,0,0,0,0,0,0,0,0,0,,,,0,0,0,0,0,0,0,0,0,0,0.0,0,0,0.0,-1.3243189297858935,-2.4642577606874845,-1.631956563153904,-3.2142549945655188,,2,Limited Tournament Impact,0.0,0.0,
Kojo Peprah Oppong,GHA,DF,0.0,61.0,0,0,0,0,0,0,0,0.0,0.0,0,22,21,95,0,0,0,0,0,0,0,0,1,5,0,1,0,1,0,0,0,,,,3,0,0,3,2,1,0,0,0,44,2.83,63,16,5660.9,-1.3243189297858935,-1.5125544276863108,-1.5142349526177896,-2.567200387478234,,2,Limited Tournament Impact,0.12353142969051259,3.8,
Koki Ogawa,JPN,FW,0.0,56.0,1,0,3,0,3,0,2,0.22,0.0,0,3,3,100,0,0,0,0,0,0,0,0,3,18,0,1,0,0,0,0,0,,,,24,12,10,2,22,2,1,5,4,12,4.72,78,29,5939.74,0.5729943241885008,-1.6281072458900914,-1.245548196713119,-1.7323817638162584,,2,Limited Tournament Impact,0.2590719053552065,8.0,
Koni De Winter,BEL,DF,0.0,0.0,0,0,0,0,0,0,0,0.0,0.0,0,0,0,0,0,0,0,0,0,0,0,0,0,0,0,0,0,0,0,0,0,,,,0,0,0,0,0,0,0,0,0,0,0.0,0,0,0.0,-1.3243189297858935,-2.4642577606874845,-1.631956563153904,-3.2142549945655188,,2,Limited Tournament Impact,0.0,0.0,
Konrad Laimer,AUT,MF,0.0,412.0,1,0,1,0,0,1,0,0.01,0.0,0,150,130,87,7,14,3,8,63,0,0,0,19,149,32,6,3,1,0,0,3,,,,167,57,78,32,76,91,10,42,113,336,6.21,442,194,42644.73,-0.6034734552076747,1.4300255412309522,3.690284156243275,5.785661319183618,,3,Complete Midfielders,1.3826400436614374,42.5,
Kosta Barbarouses,NZL,FW,0.0,0.0,0,0,0,0,0,0,0,0.0,0.0,0,0,0,0,0,0,0,0,0,0,0,0,0,0,0,0,0,0,0,0,0,,,,0,0,0,0,0,0,0,0,0,0,0.0,0,0,0.0,-1.3243189297858935,-2.4642577606874845,-1.631956563153904,-3.2142549945655188,,2,Limited Tournament Impact,0.0,0.0,
Kou Itakura,JPN,DF,0.0,138.0,1,0,0,0,0,0,0,0.0,0.0,0,110,107,97,0,0,0,1,100,0,0,0,4,4,2,1,0,0,0,0,0,,,,29,0,0,29,24,5,0,0,3,222,2.86,116,34,13382.22,-0.9160271656025613,0.1256401294745626,-1.2151829049311818,-1.543553000045973,,0,Balanced Contributors,0.3552921880127072,10.9,
Krepin Diatta,SEN,DF,0.0,459.0,0,0,1,0,0,1,0,0.04,0.0,2,283,255,90,10,40,6,4,75,1,100,0,7,44,13,4,6,0,0,0,0,,,,69,19,23,27,13,56,3,36,126,588,5.93,467,164,45457.47,-0.8636461668687916,3.8837737010677382,1.1248735523425362,3.483579891840697,,3,Complete Midfielders,1.175304019535496,36.1,
Kristian Thorstvedt,NOR,MF,0.0,75.0,0,1,3,0,2,1,0,0.17,0.0,0,24,19,79,0,0,2,1,0,0,0,0,0,38,5,2,1,0,0,0,0,,,,46,16,22,8,31,15,1,12,25,62,2.52,137,44,9451.89,-0.0899402256114193,-1.362789785136454,-0.7308501520014922,-0.9434960608158776,,2,Limited Tournament Impact,0.35269398119427864,10.8,
Kristijan Jakic,CRO,DF,0.0,0.0,0,0,0,0,0,0,0,0.0,0.0,0,0,0,0,0,0,0,0,0,0,0,0,0,0,0,0,0,0,0,0,0,,,,0,0,0,0,0,0,0,0,0,0,0.0,0,0,0.0,-1.3243189297858935,-2.4642577606874845,-1.631956563153904,-3.2142549945655188,,2,Limited Tournament Impact,0.0,0.0,
Kristoffer Ajer,NOR,DF,0.0,554.0,0,1,2,0,2,0,2,0.2,0.0,0,273,256,94,2,100,3,1,100,0,0,0,12,29,8,2,1,1,0,0,0,,,,72,4,2,66,44,28,0,4,39,590,4.95,480,150,54843.56,0.1189757122866948,2.6147401964735866,0.101986976062655,2.0739040654348395,,3,Complete Midfielders,0.9286426048807146,28.6,
Kristoffer Nordfeldt,SWE,GK,0.0,200.0,0,0,0,0,0,0,0,0.0,0.0,0,66,45,68,0,0,0,3,67,1,100,0,0,0,0,0,0,0,0,0,0,4.0,22.0,20.0,8,0,0,8,5,3,0,0,1,115,1.47,8,1,9861.15,-1.3243189297858935,0.2726018832562953,-1.631956563153904,-2.58299982866736,-0.1649633322712156,-1,Goalkeeper,0.24975432542902828,7.7,15.3
Kwasi Sibo,GHA,MF,0.0,282.0,0,0,0,0,0,0,0,0.0,0.0,0,93,88,95,0,0,1,1,100,2,100,0,5,114,15,7,1,0,0,0,0,,,,46,2,12,32,42,4,0,7,28,204,6.63,447,96,31122.82,-1.3243189297858935,1.1807850143828,1.0388283354203511,0.5030456531977239,,0,Balanced Contributors,0.7653434319163714,23.5,
Kylian Mbappe,FRA,FW,8.0,666.0,3,19,33,24,21,12,0,5.37,1.49,4,199,173,87,9,11,24,26,77,9,89,0,17,140,13,6,9,1,0,0,5,,,,358,164,130,64,236,122,23,144,157,534,5.26,459,223,58439.2,22.821764706324277,8.096424613803546,3.3279932544075965,12.82128158677249,,4,Tournament Superstars,3.129671244540971,96.2,
Lachlan Bayliss,NZL,MF,0.0,0.0,0,0,0,0,0,0,0,0.0,0.0,0,0,0,0,0,0,0,0,0,0,0,0,0,0,0,0,0,0,0,0,0,,,,0,0,0,0,0,0,0,0,0,0,0.0,0,0,0.0,-1.3243189297858935,-2.4642577606874845,-1.631956563153904,-3.2142549945655188,,2,Limited Tournament Impact,0.0,0.0,
Ladislav Krejci,CZE,DF,1.0,301.0,0,1,5,20,5,0,5,0.54,1.85,0,160,135,84,2,50,0,2,50,1,100,0,2,30,10,6,2,1,0,0,0,,,,44,4,3,37,18,26,1,9,43,333,6.46,373,81,32407.75,2.8343159094015093,1.468197163226641,-0.2148465033157606,0.7175950178863579,,1,Dynamic Attackers,0.8275603760698382,25.4,
Lamine Camara,SEN,MF,0.0,287.0,1,0,3,0,0,3,0,0.14,0.0,5,131,117,89,8,50,2,4,50,1,100,0,11,124,20,5,3,1,0,0,0,,,,141,32,63,46,101,40,2,25,98,307,6.56,453,176,31487.71,0.419171101661892,2.029323871262027,2.17561253500885,3.9571972507002697,,3,Complete Midfielders,1.2095145481696683,37.2,
Lamine Yamal,ESP,FW,1.0,557.0,0,10,23,4,12,11,0,2.11,0.47,12,212,181,85,35,20,30,32,72,3,100,0,17,116,24,12,8,0,0,0,7,,,,266,102,138,26,96,170,27,193,166,599,5.62,451,212,51455.21,10.767411604282897,9.670189144338645,3.5675118872835334,11.918605307753989,,4,Tournament Superstars,2.7841376539383313,85.6,
Laros Duarte,CPV,MF,0.0,187.0,0,3,3,0,2,1,0,0.7,0.0,1,41,33,80,2,100,6,2,50,0,0,0,13,97,4,0,2,0,0,0,0,,,,82,7,65,10,62,20,3,16,34,106,6.95,252,66,21530.22,0.8762482969771972,0.5576127001195329,0.8435071463574078,1.0097249220107805,,0,Balanced Contributors,0.8073256496637277,24.8,
Lautaro Martinez,ARG,FW,3.0,368.0,1,4,10,30,9,1,2,2.17,1.38,0,71,60,85,2,50,1,2,50,0,0,0,26,175,19,8,5,1,0,0,2,,,,176,93,70,13,129,47,4,56,58,182,6.15,350,141,35736.83,6.994778510425133,-0.0401646446389482,3.9580083107586,4.513032299018234,,1,Dynamic Attackers,1.4968594713697398,46.0,
Lawrence Ati Zigi,GHA,GK,0.0,155.0,0,0,0,0,0,0,0,0.0,0.0,0,52,39,75,0,0,0,2,0,0,0,0,0,0,0,0,1,0,0,0,0,8.0,31.0,30.0,2,0,0,2,1,1,0,0,0,87,1.36,7,1,7025.37,-1.3243189297858935,-1.2998267326195845,-1.459900097840634,-2.8018868962626837,0.5021097616429009,-1,Goalkeeper,0.1317059363205371,4.0,25.1
Lawrence Shankland,SCO,FW,0.0,183.0,0,0,4,0,4,0,2,0.35,0.0,0,34,20,59,0,0,0,2,0,0,0,0,4,61,9,5,3,0,0,0,1,,,,97,46,45,6,80,17,1,29,30,83,4.59,258,70,21051.5,0.5416988500530336,-1.5859613059144242,0.3637648926378535,1.0812381763323846,,0,Balanced Contributors,0.585201199004899,18.0,
Leandro Bacuna,CUW,MF,0.0,300.0,0,1,6,0,3,3,2,0.33,0.0,1,125,108,86,4,0,4,4,25,1,100,0,18,110,17,3,3,1,0,0,0,,,,62,5,33,24,41,21,0,24,60,291,5.88,315,88,29455.81,1.4726704393562835,1.3048514776621885,2.271906970388177,1.1327292717074724,,3,Complete Midfielders,1.0356767042886048,31.8,
Leandro Paredes,ARG,MF,0.0,466.0,0,1,4,0,0,4,0,0.07,0.0,1,521,496,95,2,50,1,5,60,6,100,0,13,35,10,3,2,1,0,0,0,,,,164,1,23,140,115,49,0,6,42,926,5.15,405,95,39050.89,0.2572890817111719,6.066651619130229,0.526032298707473,3.71632621668081,,3,Complete Midfielders,1.3401940595458055,41.2,
Leandro Trossard,BEL,FW,2.0,561.0,2,4,17,12,10,7,0,1.67,1.2,0,199,171,86,11,45,10,11,55,4,75,0,26,168,12,4,8,0,0,0,1,,,,213,84,95,34,105,108,10,92,95,500,6.77,802,276,63148.76,7.899817728397937,4.509164333769395,3.965458218943213,8.669653400746006,,5,Elite All-Round Performers,2.127634244162699,65.4,
Lee Donggyeong,KOR,MF,0.0,0.0,0,0,0,0,0,0,0,0.0,0.0,0,0,0,0,0,0,0,0,0,0,0,0,0,0,0,0,0,0,0,0,0,,,,0,0,0,0,0,0,0,0,0,0,0.0,0,0,0.0,-1.3243189297858935,-2.4642577606874845,-1.631956563153904,-3.2142549945655188,,2,Limited Tournament Impact,0.0,0.0,
Lee Gihyuk,KOR,MF,0.0,300.0,0,0,0,0,0,0,0,0.0,0.0,0,236,217,92,4,0,1,3,0,4,100,0,6,19,4,2,2,1,0,0,0,,,,70,0,7,63,21,49,0,2,71,500,6.18,388,125,30898.48,-1.3243189297858935,2.319032871028699,-0.4570347933270569,1.7030594162433403,,0,Balanced Contributors,0.7760894201607964,23.9,
Lee Hanbeom,KOR,DF,0.0,300.0,0,0,2,0,2,0,2,0.22,0.0,0,200,183,92,2,50,0,3,33,1,100,0,5,41,22,7,3,0,0,0,0,,,,53,6,8,39,3,50,1,10,33,403,6.23,365,107,31151.94,-0.1111184265954612,1.8568734897202208,1.0051664916036471,1.009704056113206,,3,Complete Midfielders,0.8884020154594074,27.3,
Lee Jaesung,KOR,MF,0.0,125.0,0,1,2,0,2,0,1,0.14,0.0,0,59,46,78,1,0,0,2,100,1,0,0,10,46,6,1,4,0,0,0,1,,,,66,18,38,10,43,23,4,28,40,137,4.63,205,85,14542.7,-0.1728899744589547,-0.1530189110038564,0.5587188959042582,0.6684316186554579,,0,Balanced Contributors,0.6657241721233369,20.5,
Lee Kangin,KOR,MF,0.0,300.0,1,1,4,0,1,3,0,0.15,0.0,9,159,140,88,20,25,9,12,75,7,86,0,11,81,4,1,7,1,0,0,0,,,,161,12,71,78,62,99,0,42,108,376,5.68,264,69,28433.53,1.1979761852397464,5.437073241757308,1.4018591821866464,3.756502418941584,,3,Complete Midfielders,1.4144991437558083,43.5,
Lee Taeseok,KOR,DF,0.0,120.0,0,0,0,0,0,0,0,0.0,0.0,0,45,39,87,9,33,1,4,75,1,100,0,4,25,5,3,1,0,0,0,0,,,,56,32,20,4,18,38,3,14,20,103,4.44,151,68,13302.6,-1.3243189297858935,1.349145329698871,-0.6256425930138914,-0.123350028113555,,0,Balanced Contributors,0.5770535941351278,17.7,
Lenny Joseph,HAI,FW,0.0,134.0,0,0,2,0,2,0,0,0.33,0.0,0,20,13,65,0,0,5,3,33,1,100,0,4,43,5,6,1,0,0,0,0,,,,50,31,17,2,39,11,1,28,28,61,5.97,120,60,12922.53,-0.515847340141652,0.1316286243071471,-0.4261813840192419,-0.1954721802618456,,0,Balanced Contributors,0.5273309385397226,16.2,
Leo Ostigard,NOR,DF,1.0,184.0,0,1,3,33,3,0,3,0.32,3.16,0,99,84,85,0,0,0,0,0,4,25,0,1,8,3,2,2,0,0,0,0,,,,18,2,1,15,12,6,0,3,14,222,4.75,165,45,18419.78,1.884814534455646,-0.006975574171736,-0.9520993843818788,-1.215531205497224,,0,Balanced Contributors,0.492162458833055,15.1,
Leo Pereira,BRA,DF,0.0,0.0,0,0,0,0,0,0,0,0.0,0.0,0,0,0,0,0,0,0,0,0,0,0,0,0,0,0,0,0,0,0,0,0,,,,0,0,0,0,0,0,0,0,0,0,0.0,0,0,0.0,-1.3243189297858935,-2.4642577606874845,-1.631956563153904,-3.2142549945655188,,2,Limited Tournament Impact,0.0,0.0,
Leon Goretzka,GER,MF,0.0,122.0,0,0,2,0,2,0,1,0.19,0.0,0,30,23,77,1,0,0,1,100,1,0,0,3,20,2,0,0,0,0,0,0,,,,27,12,9,6,19,8,2,11,19,80,5.06,140,49,12494.96,-0.3796359663917488,-0.4668146495714041,-1.1001997716402052,-0.9875735764669894,,0,Balanced Contributors,0.37268378677136105,11.5,
Leroy Sane,GER,MF,1.0,360.0,0,2,6,17,5,1,0,1.57,0.64,1,189,161,85,11,18,7,9,44,0,0,0,10,84,15,3,2,0,0,0,1,,,,148,55,73,20,36,112,2,94,122,439,6.38,477,221,38060.03,2.888517251738175,2.294427862039873,1.190028048152765,5.795852753273596,,1,Dynamic Attackers,1.3301372466059902,40.9,
Lewis Ferguson,SCO,MF,0.0,306.0,0,1,2,0,0,2,0,0.09,0.0,8,201,185,92,9,11,0,3,33,1,100,0,15,87,28,5,10,0,0,0,0,,,,210,1,73,136,146,64,0,1,44,427,7.16,451,119,36575.01,0.1000106930255346,1.96952302181782,3.71201134660162,4.365194959744092,,3,Complete Midfielders,1.3691675887780597,42.1,
Liam Kelly,SCO,GK,0.0,0.0,0,0,0,0,0,0,0,0.0,0.0,0,0,0,0,0,0,0,0,0,0,0,0,0,0,0,0,0,0,0,0,0,0.0,0.0,0.0,0,0,0,0,0,0,0,0,0,0,0.0,0,0,0.0,-1.3243189297858935,-2.4642577606874845,-1.631956563153904,-3.2142549945655188,-1.2038479457474982,-1,Goalkeeper,0.0,0.0,0.0
Liam Millar,CAN,MF,0.0,176.0,0,0,1,0,1,0,1,0.04,0.0,0,67,50,75,10,20,4,8,50,0,0,0,3,44,12,3,1,1,0,0,0,,,,75,36,35,4,19,56,4,33,26,166,3.93,243,114,19176.61,-0.7721976877391886,0.859943038073626,-0.0462646850776388,1.102642758830623,,0,Balanced Contributors,0.6882299130819796,21.2,
Liberato Cacace,NZL,DF,0.0,237.0,0,1,1,0,1,0,0,0.02,0.0,2,88,75,85,6,17,2,4,25,0,0,0,9,59,8,1,5,0,0,0,0,,,,74,31,34,9,13,61,1,25,42,197,6.67,350,111,26344.8,-0.6625020361311049,0.1373619701922674,0.935701028194016,1.490397126431906,,0,Balanced Contributors,0.7559130404231051,23.2,
Lionel Messi,ARG,FW,8.0,712.0,4,19,34,24,16,18,0,6.16,1.3,34,332,261,79,41,41,22,32,63,5,80,0,23,133,20,2,14,0,0,0,4,,,,200,45,101,54,126,74,4,113,147,679,4.55,379,156,46140.01,26.150583385910902,10.3973985579964,4.91575288773669,7.114059340201774,,4,Tournament Superstars,3.2526656796465256,100.0,
Lionel Mpasi,COD,GK,0.0,409.0,0,0,0,0,0,0,0,0.0,0.0,0,139,94,68,0,0,0,5,0,0,0,0,0,0,0,0,0,0,0,0,0,15.0,83.0,70.0,30,0,0,30,17,13,0,0,5,248,2.77,37,7,18909.7,-1.3243189297858935,-0.5008194498975737,-1.631956563153904,-1.6067775228504182,2.6104263084416504,-1,Goalkeeper,0.24678162121661817,7.6,56.1
Lisandro Martinez,ARG,DF,1.0,664.0,1,2,4,25,2,2,0,0.2,5.09,0,424,401,95,3,0,2,9,67,1,100,0,8,23,10,5,4,0,0,0,0,,,,40,2,1,37,15,25,0,3,63,799,4.35,380,127,51232.0,2.1029704379702263,4.396752997555879,0.4255924942606875,1.5571659900037618,,3,Complete Midfielders,1.1411706656217961,35.1,
Livano Comenencia,CUW,MF,1.0,253.0,0,2,5,20,2,3,0,0.31,3.25,0,62,50,81,1,100,2,4,50,0,0,0,13,102,19,4,1,1,0,0,0,,,,69,6,42,21,50,19,1,11,44,160,6.88,342,117,28808.06,1.8753925850274071,0.4550792527110874,1.6507520863161855,1.1484792694111536,,1,Dynamic Attackers,0.923722176409278,28.4,
Logan Costa,CPV,DF,0.0,0.0,0,0,0,0,0,0,0,0.0,0.0,0,0,0,0,0,0,0,0,0,0,0,0,0,0,0,0,0,0,0,0,0,,,,0,0,0,0,0,0,0,0,0,0,0.0,0,0,0.0,-1.3243189297858935,-2.4642577606874845,-1.631956563153904,-3.2142549945655188,,2,Limited Tournament Impact,0.0,0.0,
Logan Rogerson,NZL,FW,0.0,0.0,0,0,0,0,0,0,0,0.0,0.0,0,0,0,0,0,0,0,0,0,0,0,0,0,0,0,0,0,0,0,0,0,,,,0,0,0,0,0,0,0,0,0,0,0.0,0,0,0.0,-1.3243189297858935,-2.4642577606874845,-1.631956563153904,-3.2142549945655188,,2,Limited Tournament Impact,0.0,0.0,
Louicius Deedson,HAI,FW,0.0,129.0,0,0,2,0,1,1,0,0.05,0.0,1,15,13,87,5,20,5,5,60,0,0,0,3,30,4,3,1,0,0,0,1,,,,41,21,16,4,15,26,0,14,14,54,5.91,145,67,13276.69,-0.6424279174048011,0.2073989876806903,-0.694145455034177,-0.6589055639953304,,0,Balanced Contributors,0.4749638518910214,14.6,
Luc De Fougerolles,CAN,DF,0.0,421.0,0,1,3,0,3,0,1,0.17,0.0,0,191,170,89,1,0,0,6,67,1,0,0,17,41,22,8,8,2,0,0,0,,,,43,6,4,33,25,18,2,7,32,404,6.37,528,174,44379.43,0.1262791590910369,1.0999559652813615,2.6132374479545413,1.5477845705858362,,3,Complete Midfielders,1.0288197376608794,31.6,
Luca Jaquez,SUI,DF,0.0,89.0,0,0,0,0,0,0,0,0.0,0.0,0,41,31,76,2,0,1,4,50,0,0,0,3,15,4,3,1,0,0,0,0,,,,20,9,9,2,2,18,1,7,28,88,2.18,96,39,9611.83,-1.3243189297858935,-0.5839171372432239,-0.860363129196385,-1.5721751620668845,,2,Limited Tournament Impact,0.31869734280698897,9.8,
Luca Zidane,ALG,GK,0.0,302.0,0,0,0,0,0,0,0,0.0,0.0,0,104,91,88,0,0,0,0,0,0,0,0,0,0,0,0,0,0,0,0,0,9.0,34.0,32.0,8,0,0,8,6,2,0,1,3,199,1.99,42,13,13382.13,-1.3243189297858935,-0.9292899369872856,-1.631956563153904,-2.2411808389763808,0.6711600018301562,-1,Goalkeeper,0.17632133426840008,5.4,27.6
Lucas Bergvall,SWE,MF,0.0,207.0,1,0,2,0,2,0,1,0.68,0.0,0,88,80,91,2,0,2,2,100,0,0,0,10,60,13,7,4,1,0,0,0,,,,52,7,16,29,43,9,3,14,40,193,6.93,283,89,23862.93,0.4100088646311625,0.266142611022611,1.14500663160182,0.6673095877919596,,0,Balanced Contributors,0.7774783648886018,23.9,
Lucas Digne,FRA,DF,0.0,459.0,0,1,2,0,0,2,0,0.03,0.0,0,267,237,89,16,6,0,8,50,1,100,0,27,52,4,5,2,0,0,0,0,,,,106,48,34,24,28,78,5,35,45,563,4.42,509,187,47379.47,-0.4457692231646022,3.3815404821163617,1.217274191952751,3.73210726608535,,3,Complete Midfielders,1.175159888484251,36.1,
Lucas Hernandez,FRA,DF,0.0,0.0,0,0,0,0,0,0,0,0.0,0.0,0,0,0,0,0,0,0,0,0,0,0,0,0,0,0,0,0,0,0,0,0,,,,0,0,0,0,0,0,0,0,0,0,0.0,0,0,0.0,-1.3243189297858935,-2.4642577606874845,-1.631956563153904,-3.2142549945655188,,2,Limited Tournament Impact,0.0,0.0,
Lucas Herrington,AUS,DF,0.0,232.0,0,0,0,0,0,0,0,0.0,0.0,0,106,101,95,0,0,0,0,0,0,0,0,4,11,4,2,0,0,0,0,0,,,,34,0,0,34,7,27,0,3,41,232,2.98,210,41,23286.35,-1.3243189297858935,-0.8206134561101085,-1.0144285884708657,-0.671284545800063,,2,Limited Tournament Impact,0.33779929156447597,10.4,
Lucas Mendes,QAT,DF,0.0,13.0,0,0,0,0,0,0,0,0.0,0.0,0,0,0,0,0,0,0,0,0,0,0,0,1,5,1,0,0,0,0,0,1,,,,4,4,0,0,2,2,0,0,0,0,2.35,17,9,1535.0,-1.3243189297858935,-2.4642577606874845,-1.4526419183588133,-2.804395051127315,,2,Limited Tournament Impact,0.0417422090949246,1.3,
Lucas Paqueta,BRA,MF,0.0,255.0,1,1,5,0,2,3,1,0.24,0.0,1,190,162,85,5,0,2,8,63,1,100,0,9,104,17,3,6,0,0,0,0,,,,192,22,89,81,110,82,1,20,78,412,5.17,335,123,27561.36,1.2899273832439748,2.315130811181023,2.160747824324697,4.221659845099627,,3,Complete Midfielders,1.2774432716951325,39.3,
Luis Chavez,MEX,MF,0.0,31.0,0,0,0,0,0,0,0,0.0,0.0,0,28,28,100,1,0,0,1,100,0,0,0,1,4,3,1,0,0,0,0,0,,,,16,0,6,10,2,14,0,4,4,61,1.09,42,16,2876.74,-1.3243189297858935,-0.4710949383361016,-1.340537028118341,-2.4365688838740893,,2,Limited Tournament Impact,0.22934204660598534,7.1,
Luis Diaz,COL,FW,1.0,525.0,1,7,19,5,15,4,0,1.47,0.68,3,166,145,87,6,17,7,14,50,10,100,0,29,103,11,7,9,0,0,0,9,,,,295,148,121,26,130,165,11,116,104,415,6.05,510,248,52994.8,8.102361306244807,5.093798285697896,3.5425922194074078,10.05181104418232,,5,Elite All-Round Performers,2.219548526355088,68.2,
Luis Mejia,PAN,GK,0.0,0.0,0,0,0,0,0,0,0,0.0,0.0,0,0,0,0,0,0,0,0,0,0,0,0,0,0,0,0,0,0,0,0,0,0.0,0.0,0.0,0,0,0,0,0,0,0,0,0,0,0.0,0,0,0.0,-1.3243189297858935,-2.4642577606874845,-1.631956563153904,-3.2142549945655188,-1.2038479457474982,-1,Goalkeeper,0.0,0.0,0.0
Luis Romo,MEX,MF,1.0,284.0,1,1,3,33,1,2,0,0.1,10.05,0,106,93,88,2,50,0,5,40,0,0,0,14,71,12,1,3,0,0,0,0,,,,153,41,70,42,119,34,2,21,62,242,5.53,483,143,32815.01,2.002449621207901,0.3555002992720745,1.282512969676707,3.5808586043993853,,1,Dynamic Attackers,1.0265906246960412,31.6,
Luis Suarez,COL,FW,0.0,365.0,1,0,9,0,7,2,2,0.96,0.0,0,53,39,74,3,33,2,2,50,0,0,0,13,106,15,7,8,1,0,0,1,,,,191,81,108,2,167,24,5,59,52,148,5.34,267,155,32718.6,2.86174121816548,-0.2741870536874723,2.6530999195830938,4.593619118580379,,1,Dynamic Attackers,1.2038302308840803,37.0,
Luiz Henrique,BRA,FW,0.0,38.0,0,0,0,0,0,0,0,0.0,0.0,0,12,12,100,0,0,0,3,100,0,0,0,2,10,3,0,1,0,0,0,0,,,,3,0,3,0,0,3,0,3,6,27,1.2,60,26,3896.86,-1.3243189297858935,-0.490542187790893,-1.039677773991476,-2.642641327580236,,2,Limited Tournament Impact,0.24553431147550595,7.5,
Luka Modric,CRO,MF,0.0,360.0,1,0,1,0,1,0,1,0.05,0.0,7,248,225,91,9,44,2,9,44,2,100,0,16,48,12,4,3,1,0,0,0,,,,141,14,47,80,114,27,1,13,50,509,6.08,401,122,36541.56,0.0805749615989174,3.5968056824015013,1.1522773075920787,3.193950929751244,,3,Complete Midfielders,1.1731116717120726,36.1,
Luka Sucic,CRO,MF,0.0,23.0,0,0,1,0,0,1,0,0.04,0.0,0,3,1,33,0,0,0,1,0,0,0,0,1,7,0,0,0,0,0,0,0,,,,5,3,1,1,4,1,1,1,3,10,1.76,31,17,2774.75,-0.9884170724416448,-2.093081187809172,-1.4920725960628285,-2.649061431099748,,2,Limited Tournament Impact,0.08802072191415844,2.7,
Luka Vuskovic,CRO,DF,0.0,71.0,0,0,0,0,0,0,0,0.0,0.0,0,43,38,88,0,0,0,1,0,0,0,0,0,3,2,1,1,0,0,0,0,,,,8,0,1,7,5,3,0,0,2,94,1.47,81,21,7008.12,-1.3243189297858935,-1.3224338971383824,-1.3034704944902398,-2.4528272178586845,,2,Limited Tournament Impact,0.16586584762848627,5.1,
Lukas Cerv,CZE,MF,0.0,172.0,0,2,3,0,1,2,0,0.06,0.0,0,42,36,86,1,0,1,2,0,1,100,0,6,27,11,3,3,0,0,0,0,,,,67,2,28,37,54,13,0,4,18,97,4.24,204,53,18226.25,0.09905948056712,-0.1869052379818997,0.234822338018892,-0.3123161801037959,,0,Balanced Contributors,0.5835113057952299,17.9,
Lukas Hornicek,CZE,GK,0.0,0.0,0,0,0,0,0,0,0,0.0,0.0,0,0,0,0,0,0,0,0,0,0,0,0,0,0,0,0,0,0,0,0,0,0.0,0.0,0.0,0,0,0,0,0,0,0,0,0,0,0.0,0,0,0.0,-1.3243189297858935,-2.4642577606874845,-1.631956563153904,-3.2142549945655188,-1.2038479457474982,-1,Goalkeeper,0.0,0.0,0.0
Lukas Provod,CZE,MF,0.0,137.0,0,0,1,0,0,1,0,0.05,0.0,0,48,37,77,2,50,1,3,100,0,0,0,9,49,5,2,1,0,0,0,1,,,,50,31,15,4,24,26,2,24,20,109,6.94,228,88,16011.22,-0.9806343567918576,0.1879770400821535,-0.0481157186107991,0.2711163398100332,,0,Balanced Contributors,0.5795258937739168,17.8,
Lutsharel Geertruida,NED,DF,0.0,0.0,0,0,0,0,0,0,0,0.0,0.0,0,0,0,0,0,0,0,0,0,0,0,0,0,0,0,0,0,0,0,0,0,,,,0,0,0,0,0,0,0,0,0,0,0.0,0,0,0.0,-1.3243189297858935,-2.4642577606874845,-1.631956563153904,-3.2142549945655188,,2,Limited Tournament Impact,0.0,0.0,
Lyle Foster,RSA,FW,0.0,59.0,0,0,1,0,1,0,1,0.07,0.0,0,5,1,20,0,0,0,1,0,0,0,0,1,25,1,0,1,0,0,0,0,,,,20,10,8,2,12,8,0,6,7,15,1.49,66,16,5968.5,-0.7488495407898266,-2.1903520243097887,-1.0589618874959326,-2.223351615014425,,2,Limited Tournament Impact,0.15696120977955463,4.8,
Lyndon Dykes,SCO,FW,0.0,49.0,0,0,1,0,1,0,1,0.15,0.0,0,11,7,64,1,0,0,4,25,0,0,0,3,22,3,2,0,0,0,0,0,,,,27,11,16,0,24,3,0,13,11,27,4.83,78,34,5899.41,-0.686587815591528,-1.2633506811726845,-1.0164443808262678,-1.534962422001501,,2,Limited Tournament Impact,0.27581688350725864,8.5,
Maghnes Akliouche,FRA,MF,0.0,10.0,0,0,0,0,0,0,0,0.0,0.0,0,7,5,71,2,0,0,0,0,0,0,0,0,8,2,0,0,0,0,0,0,,,,11,3,5,3,7,4,0,2,4,20,1.18,24,5,1369.75,-1.3243189297858935,-1.721479932647335,-1.4201210684161072,-2.706394482913673,,2,Limited Tournament Impact,0.10844981030576803,3.3,
Mahdy Soliman,EGY,GK,0.0,0.0,0,0,0,0,0,0,0,0.0,0.0,0,0,0,0,0,0,0,0,0,0,0,0,0,0,0,0,0,0,0,0,0,0.0,0.0,0.0,0,0,0,0,0,0,0,0,0,0,0.0,0,0,0.0,-1.3243189297858935,-2.4642577606874845,-1.631956563153904,-3.2142549945655188,-1.2038479457474982,-1,Goalkeeper,0.0,0.0,0.0
Mahmoud Abunada,QAT,GK,0.0,310.0,0,0,0,0,0,0,0,0.0,0.0,0,93,50,54,0,0,0,8,0,0,0,1,0,0,0,1,1,1,0,0,0,16.0,124.0,103.0,7,0,0,7,4,3,0,0,3,162,3.1,20,2,16005.91,-1.3243189297858935,-0.7330044648728047,-1.459900097840634,-2.24011355559284,3.8978016534289632,-1,Goalkeeper,0.2086704059033363,6.4,75.1
Mahmoud Almardi,JOR,FW,0.0,152.0,0,1,1,0,1,0,0,0.02,0.0,1,39,32,82,7,14,3,5,60,0,0,0,6,90,16,4,2,0,0,0,0,,,,80,28,48,4,49,31,4,17,37,105,7.38,328,87,18861.43,-0.7248874889175315,0.223814226245778,1.0688452754817768,1.3304381176978264,,0,Balanced Contributors,0.7641728161164308,23.5,
Mahmoud Saber,EGY,MF,1.0,51.0,0,1,3,33,1,2,0,0.16,6.15,0,34,30,88,1,100,1,1,0,0,0,0,3,10,1,2,1,1,0,0,0,,,,50,2,14,34,26,24,0,3,10,80,2.74,123,30,6589.64,1.324908172178341,-0.4474830425714733,-1.1005481233607166,-1.2958033926235888,,0,Balanced Contributors,0.41814448477515237,12.9,
Malick Thiaw,GER,DF,0.0,50.0,0,0,0,0,0,0,0,0.0,0.0,0,38,33,87,0,0,0,0,0,0,0,0,3,7,3,1,1,0,0,0,0,,,,1,0,0,1,0,1,0,2,12,80,3.0,69,20,5108.07,-1.3243189297858935,-1.459799093444777,-1.0106055896752058,-2.397028839054196,,2,Limited Tournament Impact,0.18743231890581577,5.8,
Malik Tillman,USA,MF,2.0,415.0,1,4,8,25,5,3,0,0.73,2.75,10,163,129,79,15,27,7,18,50,2,100,0,15,115,25,3,14,1,0,0,0,,,,136,28,73,35,93,43,7,68,118,418,6.45,607,215,44391.65,5.0687582667211135,4.263068740200202,4.525731096847227,5.640466890187608,,5,Elite All-Round Performers,1.8835292126446328,57.9,
Malo Gusto,FRA,DF,0.0,48.0,0,0,0,0,0,0,0,0.0,0.0,0,32,31,97,0,0,0,0,0,1,100,0,1,9,5,2,0,0,0,0,0,,,,21,7,7,7,4,17,0,5,6,67,3.91,55,22,5482.73,-1.3243189297858935,-0.4892503989152974,-1.1619450682129857,-1.9142037778452108,,2,Limited Tournament Impact,0.2761887137126116,8.5,
Mamadou Sarr,SEN,DF,0.0,0.0,0,0,0,0,0,0,0,0.0,0.0,0,0,0,0,0,0,0,0,0,0,0,0,0,0,0,0,0,0,0,0,0,,,,0,0,0,0,0,0,0,0,0,0,0.0,0,0,0.0,-1.3243189297858935,-2.4642577606874845,-1.631956563153904,-3.2142549945655188,,2,Limited Tournament Impact,0.0,0.0,
Manu Kone,FRA,MF,0.0,426.0,0,2,6,0,1,5,0,0.19,0.0,0,263,242,92,1,0,2,3,100,2,50,0,24,91,23,6,7,1,0,0,0,,,,90,3,24,63,63,27,1,12,96,586,4.6,590,110,45337.05,1.1145477682496527,2.4921225529968067,3.493042964815257,2.903463584344125,,3,Complete Midfielders,1.3394692014465546,41.2,
Manuel Akanji,SUI,DF,0.0,673.0,0,1,1,0,1,0,0,0.18,0.0,0,479,444,93,0,0,0,8,88,8,100,0,15,44,21,4,4,0,0,0,0,,,,108,2,6,100,56,52,1,4,75,999,5.6,631,187,62661.14,-0.6627494913073609,5.937069638149948,1.772030648977502,4.261223355060238,,3,Complete Midfielders,1.4518318084455037,44.6,
Manuel Neuer,GER,GK,0.0,442.0,0,0,0,0,0,0,0,0.0,0.0,0,129,118,91,0,0,0,1,0,0,0,0,0,0,0,0,2,0,0,0,0,7.0,61.0,45.0,28,0,0,28,19,9,0,0,5,256,3.47,82,19,25681.69,-1.3243189297858935,-0.5980337075309934,-1.287843632527364,-1.3408234664679306,1.1276467584873962,-1,Goalkeeper,0.28884626795897256,8.9,34.3
Manuel Ugarte,URU,MF,0.0,197.0,0,1,3,0,0,3,0,0.09,0.0,0,136,118,87,0,0,0,4,50,1,0,0,3,40,17,1,0,0,0,0,0,,,,93,1,20,72,73,20,0,4,61,296,6.4,239,72,21107.39,-0.0943019345207792,0.2638479126152702,0.0453193077940506,1.1901436227522848,,0,Balanced Contributors,0.6807423745189036,20.9,
Marawan Attia,EGY,MF,0.0,495.0,1,1,4,0,1,3,0,0.05,0.0,0,357,313,88,8,38,0,15,47,8,100,0,18,182,29,8,1,2,0,0,0,,,,245,8,79,158,140,105,0,22,119,749,6.85,829,260,56580.27,0.5586799536640336,5.875506156637564,3.464755286847951,7.900348243956536,,5,Elite All-Round Performers,1.8720827667564974,57.6,
Marc Cucurella,ESP,DF,0.0,717.0,2,3,4,0,3,1,1,0.3,0.0,0,389,358,92,13,23,1,12,50,2,100,0,18,98,22,7,2,1,0,0,3,,,,342,139,109,94,73,269,15,105,145,809,6.25,774,304,74687.76,1.8401281260134972,5.040544672238272,2.274841537040022,13.114197013100956,,5,Elite All-Round Performers,2.041349547024659,62.8,
Marc Guehi,ENG,DF,0.0,664.0,0,0,1,0,1,0,1,0.15,0.0,0,455,442,97,0,0,2,8,88,4,75,0,6,18,7,2,11,1,0,0,0,,,,79,1,2,76,39,40,0,3,32,814,5.94,504,144,52622.08,-0.686587815591528,5.058591256599376,1.2651713189918232,2.487733892570497,,3,Complete Midfielders,1.2286635156047463,37.8,
Marc Pubill,ESP,DF,0.0,3.0,0,0,0,0,0,0,0,0.0,0.0,0,2,2,100,0,0,0,0,0,0,0,0,0,0,0,0,0,0,0,0,0,,,,0,0,0,0,0,0,0,0,0,4,1.04,6,3,455.66,-1.3243189297858935,-1.6365531372146325,-1.631956563153904,-3.077682365228865,,2,Limited Tournament Impact,0.07235123270240373,2.2,
Marcel Sabitzer,AUT,MF,1.0,412.0,0,2,5,20,1,4,0,0.46,2.19,9,126,94,75,30,33,3,16,69,1,100,0,26,137,10,2,3,1,0,0,1,,,,121,47,66,8,48,73,7,80,76,324,6.03,488,233,41363.96,2.4966799062094363,4.237249451214579,2.638473297257012,4.917334833872711,,5,Elite All-Round Performers,1.5588168584668385,47.9,
Marcio Rosa,CPV,GK,0.0,0.0,0,0,0,0,0,0,0,0.0,0.0,0,0,0,0,0,0,0,0,0,0,0,0,0,0,0,0,0,0,0,0,0,0.0,0.0,0.0,0,0,0,0,0,0,0,0,0,0,0.0,0,0,0.0,-1.3243189297858935,-2.4642577606874845,-1.631956563153904,-3.2142549945655188,-1.2038479457474982,-1,Goalkeeper,0.0,0.0,0.0
Marco Friedl,AUT,DF,0.0,30.0,0,0,0,0,0,0,0,0.0,0.0,0,31,30,97,0,0,0,0,0,0,0,0,0,4,1,0,0,0,0,0,0,,,,1,0,0,1,0,1,0,1,0,64,1.36,30,12,2757.1,-1.3243189297858935,-1.4203251489489692,-1.5260388157850056,-2.828265850193888,,2,Limited Tournament Impact,0.11424800575544235,3.5,
Marco Pasalic,CRO,FW,0.0,114.0,0,2,3,0,3,0,0,0.52,0.0,1,37,23,62,12,8,8,9,89,2,50,0,5,40,7,0,2,0,0,0,2,,,,42,21,17,4,9,33,6,33,32,115,5.44,142,82,12958.46,0.4615498369548251,2.089522375863738,-0.1018666658717486,0.2643910648655028,,0,Balanced Contributors,0.7741503922841921,23.8,
Marcos Llorente,ESP,DF,0.0,217.0,1,0,0,0,0,0,0,0.0,0.0,0,152,142,93,6,33,1,5,80,0,0,0,12,43,12,2,1,0,0,0,0,,,,57,19,16,22,15,42,3,22,35,324,2.77,218,94,22236.39,-0.9160271656025613,1.313308152433713,0.5034956089832879,0.5536328142408079,,0,Balanced Contributors,0.7404976487221353,22.8,
Marcos Senesi,ARG,DF,0.0,100.0,0,0,2,0,2,0,1,0.84,0.0,0,73,70,96,0,0,0,1,0,0,0,0,0,3,2,0,2,0,0,0,0,,,,12,0,1,11,2,10,1,1,7,155,0.94,86,25,9406.52,0.1262405508444273,-0.9954351802936522,-1.1314140291769696,-2.1495736784041237,,2,Limited Tournament Impact,0.2788677846228642,8.6,
Marcus Holmgren Pedersen,NOR,DF,1.0,273.0,0,1,1,100,1,0,0,0.16,6.1,0,107,87,81,7,43,0,4,0,0,0,0,7,50,12,3,1,0,0,0,0,,,,62,25,18,19,15,47,4,15,33,213,4.34,322,137,29767.17,1.5234261189736855,0.1057486478855621,0.269485261182092,1.1345636234511274,,0,Balanced Contributors,0.7462575041850691,22.9,
Marcus Rashford,ENG,FW,1.0,209.0,0,3,9,11,7,2,2,0.94,1.06,0,84,73,87,16,13,5,16,75,1,100,0,1,47,3,5,1,0,0,0,1,,,,120,70,37,13,30,90,13,58,63,226,4.57,232,117,22644.71,3.889530672654836,3.3373954155644454,-0.6919898968734082,3.552432088090299,,1,Dynamic Attackers,1.1300732434103404,34.7,
Marcus Thuram,FRA,FW,0.0,2.0,0,0,0,0,0,0,0,0.0,0.0,0,0,0,0,0,0,0,0,0,0,0,0,0,0,0,0,0,0,0,0,0,,,,3,3,0,0,3,0,0,0,0,0,1.18,5,2,295.8,-1.3243189297858935,-2.4642577606874845,-1.631956563153904,-3.013473255397471,,2,Limited Tournament Impact,0.01175646240931641,0.4,
Marin Pongracic,CRO,DF,0.0,311.0,0,0,1,0,1,0,1,0.05,0.0,0,200,182,91,0,0,0,1,0,1,100,0,6,13,7,3,0,0,0,0,0,,,,17,2,1,14,11,6,0,2,28,423,4.19,280,102,28983.18,-0.7644149720894012,0.8936041107713991,-0.6828556908415514,-0.3378946709039101,,0,Balanced Contributors,0.5437901225512078,16.7,
Mario Pasalic,CRO,MF,0.0,158.0,0,1,4,0,1,3,1,0.36,0.0,0,50,45,90,0,0,0,1,100,0,0,0,7,23,8,2,0,0,0,0,1,,,,31,3,17,11,23,8,0,9,22,119,6.43,218,78,16317.24,0.636821767471034,-0.4466271986981508,-0.4481351546590578,-0.576526545121334,,0,Balanced Contributors,0.49984038789374896,15.4,
Mark Flekken,NED,GK,0.0,0.0,0,0,0,0,0,0,0,0.0,0.0,0,0,0,0,0,0,0,0,0,0,0,0,0,0,0,0,0,0,0,0,0,0.0,0.0,0.0,0,0,0,0,0,0,0,0,0,0,0.0,0,0,0.0,-1.3243189297858935,-2.4642577606874845,-1.631956563153904,-3.2142549945655188,-1.2038479457474982,-1,Goalkeeper,0.0,0.0,0.0
Mark Mckenzie,USA,DF,0.0,104.0,0,0,0,0,0,0,0,0.0,0.0,0,51,47,92,0,0,0,1,0,0,0,0,2,9,1,1,1,0,0,0,0,,,,2,0,0,2,1,1,0,0,8,104,1.3,148,50,11338.0,-1.3243189297858935,-1.218055777987802,-1.173945020786909,-2.224301164440889,,2,Limited Tournament Impact,0.20017905657538218,6.2,
Markhus Lacroix,HAI,DF,0.0,0.0,0,0,0,0,0,0,0,0.0,0.0,0,0,0,0,0,0,0,0,0,0,0,0,0,0,0,0,0,0,0,0,0,,,,0,0,0,0,0,0,0,0,0,0,0.0,0,0,0.0,-1.3243189297858935,-2.4642577606874845,-1.631956563153904,-3.2142549945655188,,2,Limited Tournament Impact,0.0,0.0,
Marko Arnautovic,AUT,FW,2.0,173.0,0,3,3,67,3,0,0,1.31,1.53,0,32,25,78,1,0,0,0,0,0,0,0,5,35,1,3,1,1,0,0,5,,,,25,17,8,0,19,6,5,25,30,75,5.44,156,57,15762.88,3.1866447818241164,-1.533836336095721,-0.6988872281262796,-0.3999342599481985,,0,Balanced Contributors,0.4936426171904246,15.2,
Marko Farji,IRQ,FW,0.0,62.0,0,0,0,0,0,0,0,0.0,0.0,0,11,7,64,2,50,1,1,100,0,0,0,2,34,2,0,2,0,0,0,0,,,,40,19,19,2,9,31,2,5,17,36,4.55,96,30,6975.47,-1.3243189297858935,-0.3733325063347218,-0.6632660642776493,-1.094212311846695,,0,Balanced Contributors,0.38255987015120735,11.8,
Marko Stamenic,NZL,MF,0.0,302.0,0,0,3,0,1,2,0,0.09,0.0,0,171,156,91,2,50,2,9,44,1,100,0,10,67,18,4,0,1,0,0,0,,,,98,6,26,66,66,32,0,9,53,364,6.52,415,133,32898.29,-0.3689115128469793,2.41589794549669,0.8423141895859848,2.1316169500328805,,3,Complete Midfielders,0.9720609242929412,29.9,
Marquinhos,BRA,DF,0.0,520.0,0,0,2,0,2,0,1,0.21,0.0,0,380,367,97,1,100,0,4,75,6,100,0,11,45,12,0,2,0,0,0,1,,,,59,3,2,54,32,27,0,3,30,785,5.68,453,141,49331.59,-0.3640705350921742,5.2185051497513655,0.6353987117028073,1.87254991491097,,3,Complete Midfielders,1.1544972707975707,35.5,
Marten De Roon,NED,MF,0.0,11.0,0,0,0,0,0,0,0,0.0,0.0,0,1,1,100,0,0,0,0,0,0,0,0,0,1,0,0,0,0,0,0,0,,,,1,0,0,1,1,0,0,0,0,2,1.75,23,4,1374.64,-1.3243189297858935,-1.6449990285391731,-1.6208753848764237,-2.946761380516398,,2,Limited Tournament Impact,0.0804569371393345,2.5,
Martin Baturina,CRO,MF,1.0,344.0,0,1,3,33,0,3,0,0.1,10.18,2,93,80,86,10,20,8,8,50,1,100,0,17,119,8,1,14,0,0,0,0,,,,119,40,62,17,59,60,3,53,74,240,6.58,489,175,37805.67,1.7584103033667235,2.495046789081328,3.647605665851975,3.8612258968082607,,3,Complete Midfielders,1.4345056646109358,44.1,
Martin Erlic,CRO,DF,0.0,0.0,0,0,0,0,0,0,0,0.0,0.0,0,0,0,0,0,0,0,0,0,0,0,0,0,0,0,0,0,0,0,0,0,,,,0,0,0,0,0,0,0,0,0,0,0.0,0,0,0.0,-1.3243189297858935,-2.4642577606874845,-1.631956563153904,-3.2142549945655188,,2,Limited Tournament Impact,0.0,0.0,
Martin Experience,HAI,DF,0.0,306.0,0,0,1,0,0,1,0,0.01,0.0,0,111,93,84,6,0,1,6,33,3,100,0,26,91,26,7,6,0,0,0,0,,,,116,41,45,30,32,84,1,25,47,243,6.65,447,187,33997.02,-1.0117652193910067,1.6402592113909102,3.630397040576341,3.059725135811039,,3,Complete Midfielders,1.21858638991494,37.5,
Martin Odegaard,NOR,MF,0.0,537.0,4,3,9,0,5,4,0,0.72,0.0,12,367,322,88,16,19,3,18,56,0,0,0,18,195,18,3,4,0,0,0,0,,,,329,29,173,127,212,117,5,99,132,789,5.86,878,302,62928.93,4.95299670969798,4.54057100940586,3.4474566235462687,11.361375757879175,,5,Elite All-Round Performers,2.1291735666914207,65.5,
Martin Zlomislic,BIH,GK,0.0,0.0,0,0,0,0,0,0,0,0.0,0.0,0,0,0,0,0,0,0,0,0,0,0,0,0,0,0,0,0,0,0,0,0,0.0,0.0,0.0,0,0,0,0,0,0,0,0,0,0,0.0,0,0,0.0,-1.3243189297858935,-2.4642577606874845,-1.631956563153904,-3.2142549945655188,-1.2038479457474982,-1,Goalkeeper,0.0,0.0,0.0
Martin Zubimendi,ESP,MF,0.0,0.0,0,0,0,0,0,0,0,0.0,0.0,0,0,0,0,0,0,0,0,0,0,0,0,0,0,0,0,0,0,0,0,0,,,,0,0,0,0,0,0,0,0,0,0,0.0,0,0,0.0,-1.3243189297858935,-2.4642577606874845,-1.631956563153904,-3.2142549945655188,,2,Limited Tournament Impact,0.0,0.0,
Marvin Keller,SUI,GK,0.0,0.0,0,0,0,0,0,0,0,0.0,0.0,0,0,0,0,0,0,0,0,0,0,0,0,0,0,0,0,0,0,0,0,0,0.0,0.0,0.0,0,0,0,0,0,0,0,0,0,0,0.0,0,0,0.0,-1.3243189297858935,-2.4642577606874845,-1.631956563153904,-3.2142549945655188,-1.2038479457474982,-1,Goalkeeper,0.0,0.0,0.0
Marvin Senaya,GHA,DF,0.0,312.0,0,0,2,0,1,1,0,0.1,0.0,0,91,75,82,8,25,1,4,75,1,100,0,34,89,24,6,4,0,0,0,0,,,,55,17,11,27,12,43,3,10,25,201,5.77,285,171,31108.53,-0.6658997919422912,1.5316289214138867,3.639461438066581,1.0032674752809123,,3,Complete Midfielders,1.1032130042966597,33.9,
Matej Kovar,CZE,GK,0.0,301.0,0,0,0,0,0,0,0,0.0,0.0,0,97,62,64,0,0,0,3,33,0,0,0,0,0,0,0,0,0,0,0,0,11.0,60.0,52.0,13,0,0,13,7,6,0,0,10,181,2.86,19,2,14358.61,-1.3243189297858935,-0.7540950357229507,-1.631956563153904,-2.089808162400789,1.5922317462545126,-1,Goalkeeper,0.19880621419189398,6.1,41.2
Mateo Chavez,MEX,DF,1.0,81.0,0,1,1,100,1,0,0,0.49,2.04,0,26,23,88,1,0,2,2,50,0,0,0,5,18,3,1,1,0,0,0,0,,,,50,9,27,14,14,36,0,6,5,49,1.24,96,41,8450.23,1.4513478703642295,-0.7185374737061387,-0.7640811903254958,-1.3881162460281709,,0,Balanced Contributors,0.4295606347077782,13.2,
Mateo Kovacic,CRO,MF,0.0,293.0,1,4,5,0,1,4,0,0.46,0.0,0,208,198,95,0,0,2,3,67,2,100,0,7,95,16,3,3,0,0,0,0,,,,88,4,27,57,60,28,1,15,86,442,6.73,354,108,32503.08,1.9195210005956052,2.136615129294387,1.3586233513311616,2.2808503594031726,,3,Complete Midfielders,1.093466118199679,33.6,
Matheus Cunha,BRA,FW,3.0,324.0,0,4,10,30,5,5,1,1.21,2.49,3,90,78,87,5,0,3,11,36,0,0,0,9,133,16,1,3,0,0,0,1,,,,184,53,92,39,146,38,2,46,71,223,6.2,417,134,33491.79,5.987056128210628,0.7756854261876598,1.9043395641728456,4.517887927322037,,1,Dynamic Attackers,1.3206844849514452,40.6,
Matheus Nunes,POR,MF,0.0,4.0,0,0,0,0,0,0,0,0.0,0.0,0,1,1,100,0,0,0,0,0,0,0,0,0,0,0,0,0,0,0,0,0,,,,1,0,1,0,1,0,0,0,0,2,1.39,6,2,432.75,-1.3243189297858935,-1.6449990285391731,-1.631956563153904,-3.030129002108593,,2,Limited Tournament Impact,0.07447897377210383,2.3,
Mathew Leckie,AUS,FW,0.0,67.0,0,0,1,0,1,0,0,0.1,0.0,0,10,7,70,1,0,0,0,0,0,0,0,2,30,4,1,1,0,0,0,0,,,,7,3,3,1,6,1,1,9,14,33,1.64,100,31,7358.47,-0.9706707866873904,-1.7669970728163022,-0.7564611741828889,-2.163106686200404,,2,Limited Tournament Impact,0.21526418925577617,6.6,
Mathew Ryan,AUS,GK,0.0,2.0,0,0,0,0,0,0,0,0.0,0.0,0,0,0,0,0,0,0,0,0,0,0,0,0,0,0,0,0,0,0,0,0,0.0,0.0,0.0,0,0,0,0,0,0,0,0,0,0,0.95,2,0,206.87,-1.3243189297858935,-2.4642577606874845,-1.631956563153904,-3.114375565893199,-1.2038479457474982,-1,Goalkeeper,0.005848284577649465,0.2,0.0
Mathias Olivera,URU,DF,0.0,313.0,0,0,1,0,1,0,1,0.05,0.0,0,226,213,94,3,0,1,6,50,3,100,0,20,42,18,3,0,1,0,0,0,,,,36,8,8,20,14,22,1,10,40,480,6.63,458,126,34595.17,-0.7644149720894012,2.675485504362679,1.1884419241360908,1.1151835934051444,,3,Complete Midfielders,0.9525831715413142,29.3,
Mathieu Choiniere,CAN,MF,0.0,61.0,0,0,0,0,0,0,0,0.0,0.0,1,29,23,79,4,50,0,2,50,1,100,0,2,19,2,1,1,0,0,0,0,,,,19,0,7,12,12,7,0,5,10,63,1.48,132,43,7597.41,-1.261933476999467,0.5211722028014923,-1.0015402037531276,-1.958822824017459,,0,Balanced Contributors,0.3702799369339389,11.4,
Matias Fernandez Pardo,BEL,FW,0.0,57.0,0,0,3,0,2,1,0,0.25,0.0,0,15,13,87,3,0,4,3,67,0,0,0,2,25,4,0,0,0,0,0,0,,,,21,15,5,1,8,13,2,18,9,43,3.91,83,52,7102.68,-0.2733380705948515,-0.2822389316192953,-0.9839235308835618,-1.417869046223683,,0,Balanced Contributors,0.3772140025556612,11.6,
Matias Galarza,PAR,MF,1.0,439.0,1,1,2,50,0,2,0,0.07,13.75,0,113,82,73,4,25,2,6,33,0,0,0,42,197,61,10,9,2,0,0,0,,,,87,24,47,16,35,52,3,35,80,280,5.32,560,237,48496.58,2.209082003113472,0.357089308083011,8.473979039372649,3.507441888857659,,5,Elite All-Round Performers,1.7415442811270043,53.5,
Matias Vina,URU,DF,0.0,49.0,0,0,0,0,0,0,0,0.0,0.0,0,29,23,79,2,0,0,0,0,0,0,0,4,8,0,0,1,0,0,0,1,,,,21,12,2,7,1,20,1,6,15,69,2.12,71,30,5227.49,-1.3243189297858935,-1.4883191959267537,-1.121987795025942,-1.859690338912688,,2,Limited Tournament Impact,0.20565642316489036,6.3,
Mats Wieffer,NED,DF,0.0,0.0,0,0,0,0,0,0,0,0.0,0.0,0,0,0,0,0,0,0,0,0,0,0,0,0,0,0,0,0,0,0,0,0,,,,0,0,0,0,0,0,0,0,0,0,0.0,0,0,0.0,-1.3243189297858935,-2.4642577606874845,-1.631956563153904,-3.2142549945655188,,2,Limited Tournament Impact,0.0,0.0,
Matt Freese,USA,GK,0.0,419.0,0,0,0,0,0,0,0,0.0,0.0,0,95,63,66,0,0,0,2,0,0,0,0,0,0,0,0,2,0,0,0,0,10.0,58.0,48.0,15,0,0,15,10,5,0,0,3,172,2.76,26,6,24114.67,-1.3243189297858935,-1.0928175848432489,-1.287843632527364,-1.945221000332994,1.4024914547781129,-1,Goalkeeper,0.214987024749511,6.6,38.4
Matt Turner,USA,GK,0.0,104.0,0,0,0,0,0,0,0,0.0,0.0,0,33,24,73,0,0,0,0,0,1,0,0,0,0,0,0,0,0,0,0,0,0.0,21.0,17.0,2,0,0,2,1,1,0,0,1,57,0.68,20,2,5939.08,-1.3243189297858935,-1.428531463513813,-1.631956563153904,-2.8912131956319658,-0.5881682174600433,-1,Goalkeeper,0.0994434306154714,3.1,9.1
Matthieu Epolo,COD,GK,0.0,0.0,0,0,0,0,0,0,0,0.0,0.0,0,0,0,0,0,0,0,0,0,0,0,0,0,0,0,0,0,0,0,0,0,0.0,0.0,0.0,0,0,0,0,0,0,0,0,0,0,0.0,0,0,0.0,-1.3243189297858935,-2.4642577606874845,-1.631956563153904,-3.2142549945655188,-1.2038479457474982,-1,Goalkeeper,0.0,0.0,0.0
Mattias Svanberg,SWE,MF,1.0,25.0,0,2,3,33,2,1,0,0.23,4.26,0,7,7,100,0,0,0,0,0,0,0,0,0,5,1,0,1,0,0,0,0,,,,8,0,5,3,8,0,0,3,5,23,3.67,49,15,3157.11,1.4429844617569438,-1.5943236805919287,-1.342901172194255,-2.399312462342191,,2,Limited Tournament Impact,0.24467916088911298,7.5,
Mauricio,PAR,MF,1.0,208.0,0,3,4,25,2,2,0,0.32,3.12,5,69,54,78,12,17,1,4,25,1,100,0,10,75,4,3,3,0,0,0,0,,,,72,16,34,22,43,29,2,21,48,173,5.19,321,110,22291.21,2.1860648705372943,1.087669708491969,0.5848305321199706,1.1374364084437616,,1,Dynamic Attackers,0.8780924847581922,27.0,
Max Arfsten,USA,DF,0.0,2.0,0,0,0,0,0,0,0,0.0,0.0,0,0,0,0,0,0,0,0,0,0,0,0,0,0,0,0,0,0,0,0,0,,,,2,1,1,0,0,2,0,0,0,0,1.09,1,2,231.95,-1.3243189297858935,-2.4642577606874845,-1.631956563153904,-3.047544223019406,,2,Limited Tournament Impact,0.00976148989958503,0.3,
Max Crocombe,NZL,GK,0.0,306.0,0,0,0,0,0,0,0,0.0,0.0,0,107,78,73,0,0,0,4,0,0,0,0,0,0,0,0,1,0,0,0,0,11.0,97.0,88.0,21,0,0,21,13,8,0,0,0,185,2.56,19,2,13059.58,-1.3243189297858935,-0.7475193427762777,-1.459900097840634,-2.073264604548014,2.784645417870468,-1,Goalkeeper,0.21731144791063656,6.7,58.7
Maxence Lacroix,FRA,DF,0.0,173.0,0,0,0,0,0,0,0,0.0,0.0,0,96,91,95,0,0,2,0,0,1,100,0,1,19,8,4,0,0,0,0,1,,,,12,1,2,9,7,5,0,0,5,194,1.73,186,53,17313.36,-1.3243189297858935,0.2106456921959565,-0.8663541826612515,-1.729363620691768,,0,Balanced Contributors,0.3706782362325188,11.4,
Maxi Araujo,URU,MF,2.0,278.0,1,3,4,50,3,1,2,1.09,1.83,10,57,50,88,18,44,7,7,86,0,0,0,10,79,11,2,7,0,0,0,6,,,,135,74,51,10,72,63,7,45,55,174,5.96,308,129,27642.83,4.6609267522469136,2.072396757127238,1.748532346295808,3.483861987999309,,1,Dynamic Attackers,1.2972743042145458,39.9,
Maxim De Cuyper,BEL,DF,0.0,492.0,0,6,10,0,5,5,0,1.09,0.0,4,246,203,83,16,25,3,9,44,2,100,0,18,77,19,7,2,1,0,0,0,,,,125,47,46,32,47,78,8,38,68,541,6.55,653,234,54016.4,4.1504562150056605,3.782183659199815,1.857357690436002,5.2659699774337305,,5,Elite All-Round Performers,1.5267485606708129,46.9,
Maxime Crepeau,CAN,GK,0.0,511.0,0,0,0,0,0,0,0,0.0,0.0,0,123,92,75,0,0,0,2,0,1,0,0,0,0,0,1,1,0,0,0,0,7.0,49.0,40.0,14,0,0,14,9,5,0,0,6,237,3.3,90,16,28143.54,-1.3243189297858935,-0.5744562132064553,-1.459900097840634,-1.5992618829832552,0.8597417238651777,-1,Goalkeeper,0.25852168196828584,7.9,30.4
Maximilian Beier,GER,FW,0.0,33.0,0,0,0,0,0,0,0,0.0,0.0,0,13,6,46,0,0,0,1,0,0,0,0,1,9,1,1,1,0,0,0,0,,,,12,4,8,0,1,11,0,7,7,26,1.62,46,16,3573.92,-1.3243189297858935,-1.9251089798631944,-1.236260739935621,-2.4145432412935457,,2,Limited Tournament Impact,0.12789974986776165,3.9,
Mbekezeli Mbokazi,RSA,DF,0.0,402.0,0,1,4,0,0,4,0,0.06,0.0,0,213,185,87,2,0,2,7,57,3,67,0,9,49,16,3,4,0,0,0,1,,,,29,5,6,18,13,16,0,4,29,466,5.31,336,138,35585.09,0.1871209132749578,2.3875173958455176,1.1455770541777517,0.4646884595178875,,3,Complete Midfielders,0.9224961397013088,28.4,
Mehdi Ghayedi,IRN,FW,0.0,50.0,0,0,1,0,0,1,0,0.05,0.0,1,9,6,67,3,33,0,1,100,0,0,0,3,13,2,2,1,0,0,0,0,,,,6,3,3,0,4,2,5,7,11,29,1.86,50,24,4683.23,-0.9182489040054308,-0.5342821596323919,-1.0057115542692987,-2.0760630580184274,,2,Limited Tournament Impact,0.2934493048944556,9.0,
Mehdi Taremi,IRN,FW,0.0,293.0,0,2,5,0,4,1,1,1.34,0.0,0,71,58,82,2,0,3,4,25,0,0,0,17,100,7,3,5,0,0,0,2,,,,94,53,29,12,63,31,3,55,69,185,6.23,345,156,30405.34,1.8631084416436137,-0.3020551495671408,1.8269620565014368,2.775596277687977,,1,Dynamic Attackers,0.9771170962650263,30.0,
Mehdi Torabi,IRN,MF,0.0,29.0,0,0,0,0,0,0,0,0.0,0.0,0,20,17,85,2,0,0,1,100,0,0,0,1,13,1,0,0,0,0,0,0,,,,15,5,6,4,6,9,1,6,11,45,2.34,65,18,3461.66,-1.3243189297858935,-0.6150512090068568,-1.363992492138969,-2.1390743255033806,,2,Limited Tournament Impact,0.23324774884342922,7.2,
Melvin Mastil,ALG,GK,0.0,0.0,0,0,0,0,0,0,0,0.0,0.0,0,0,0,0,0,0,0,0,0,0,0,0,0,0,0,0,0,0,0,0,0,0.0,0.0,0.0,0,0,0,0,0,0,0,0,0,0,0.0,0,0,0.0,-1.3243189297858935,-2.4642577606874845,-1.631956563153904,-3.2142549945655188,-1.2038479457474982,-1,Goalkeeper,0.0,0.0,0.0
Memphis Depay,NED,FW,0.0,68.0,1,0,0,0,0,0,0,0.0,0.0,1,17,15,88,1,100,0,2,100,1,100,0,0,31,2,1,1,1,0,0,0,,,,35,19,14,2,31,4,0,17,18,39,5.39,137,50,8184.41,-0.8536417128161344,1.1312748256693286,-0.9931975027207848,-0.9938316949920718,,0,Balanced Contributors,0.48990532589442226,15.1,
Merchas Doski,IRQ,DF,0.0,303.0,0,0,1,0,0,1,0,0.02,0.0,0,141,115,82,3,67,0,13,23,1,100,0,4,65,25,3,8,1,0,0,0,,,,88,15,45,28,22,66,1,11,58,298,6.21,307,128,31441.23,-1.0039825037412196,2.2212600867170766,2.253860480457748,1.8928316456547964,,3,Complete Midfielders,1.0595064224639743,32.6,
Merih Demiral,TUR,DF,0.0,208.0,0,2,6,0,3,3,2,0.24,0.0,0,124,119,96,1,0,0,5,40,2,100,0,3,9,3,2,1,0,0,0,3,,,,36,17,4,15,19,17,2,10,26,273,4.05,153,57,21211.19,1.585900115903502,1.2803683069343077,-0.9884432331202444,-0.4093518702184989,,0,Balanced Contributors,0.6249828134521094,19.2,
Mert Gunok,TUR,GK,0.0,0.0,0,0,0,0,0,0,0,0.0,0.0,0,0,0,0,0,0,0,0,0,0,0,0,0,0,0,0,0,0,0,0,0,0.0,0.0,0.0,0,0,0,0,0,0,0,0,0,0,0.0,0,0,0.0,-1.3243189297858935,-2.4642577606874845,-1.631956563153904,-3.2142549945655188,-1.2038479457474982,-1,Goalkeeper,0.0,0.0,0.0
Mert Muldur,TUR,DF,0.0,132.0,0,0,3,0,3,0,3,0.22,0.0,0,81,72,89,6,17,0,4,100,0,0,0,1,10,5,1,2,0,0,0,0,,,,52,20,24,8,8,44,2,27,26,173,7.5,145,57,15133.29,0.4098719528520942,0.535449843160287,-0.8067509593089649,0.2806840154652643,,0,Balanced Contributors,0.5826440636889832,17.9,
Meschack Elia,COD,FW,0.0,59.0,1,2,2,0,0,2,0,0.05,0.0,0,14,13,93,2,0,0,5,60,0,0,0,1,25,3,2,0,0,0,0,0,,,,14,6,8,0,3,11,3,12,9,41,3.31,86,41,6530.78,0.2237475425000353,-0.5641818156845657,-1.10783228429125,-1.6820511456609022,,2,Limited Tournament Impact,0.34565539956963903,10.6,
Meshaal Barsham,QAT,GK,0.0,0.0,0,0,0,0,0,0,0,0.0,0.0,0,0,0,0,0,0,0,0,0,0,0,0,0,0,0,0,0,0,0,0,0,0.0,0.0,0.0,0,0,0,0,0,0,0,0,0,0,0.0,0,0,0.0,-1.3243189297858935,-2.4642577606874845,-1.631956563153904,-3.2142549945655188,-1.2038479457474982,-1,Goalkeeper,0.0,0.0,0.0
Michael Boxall,NZL,DF,0.0,237.0,0,0,0,0,0,0,0,0.0,0.0,0,115,104,90,1,100,0,0,0,0,0,0,4,21,12,2,2,0,0,0,0,,,,26,0,0,26,9,17,0,3,18,240,5.59,181,75,22180.78,-1.3243189297858935,0.0386288743870466,-0.0667596009977088,-0.695378449445608,,0,Balanced Contributors,0.49696852081827747,15.3,
Michael Gregoritsch,AUT,FW,0.0,207.0,1,0,1,0,1,0,1,0.18,0.0,0,29,20,69,0,0,0,2,0,0,0,0,9,110,3,1,1,0,0,0,2,,,,35,23,12,0,25,10,1,21,25,62,4.45,213,86,20132.08,-0.2549479044588337,-1.525217103848231,0.5046500877975605,-0.3900653917433045,,0,Balanced Contributors,0.4887195994182283,15.0,
Michael Olise,FRA,FW,0.0,617.0,5,5,17,0,8,9,0,1.84,0.0,24,360,311,86,20,25,16,26,73,2,100,0,35,235,21,4,16,1,0,0,0,,,,312,55,172,85,204,108,8,116,206,823,7.13,917,338,73047.22,9.824215133985458,7.943226927986532,7.199527666709764,12.715452221465048,,4,Tournament Superstars,3.0215885664683992,92.9,
Michael Svoboda,AUT,DF,0.0,0.0,0,0,0,0,0,0,0,0.0,0.0,0,0,0,0,0,0,0,0,0,0,0,0,0,0,0,0,0,0,0,0,0,,,,0,0,0,0,0,0,0,0,0,0,0.0,0,0,0.0,-1.3243189297858935,-2.4642577606874845,-1.631956563153904,-3.2142549945655188,,2,Limited Tournament Impact,0.0,0.0,
Michael Woud,NZL,GK,0.0,0.0,0,0,0,0,0,0,0,0.0,0.0,0,0,0,0,0,0,0,0,0,0,0,0,0,0,0,0,0,0,0,0,0,0.0,0.0,0.0,0,0,0,0,0,0,0,0,0,0,0.0,0,0,0.0,-1.3243189297858935,-2.4642577606874845,-1.631956563153904,-3.2142549945655188,-1.2038479457474982,-1,Goalkeeper,0.0,0.0,0.0
Michal Sadilek,CZE,MF,1.0,204.0,0,3,7,14,5,2,1,0.7,1.42,5,84,69,82,11,18,0,4,50,2,100,0,10,75,4,0,3,0,0,0,0,,,,67,15,26,26,35,32,2,16,36,201,7.16,385,125,24212.55,3.2833887970054305,1.5044365901943386,0.5848305321199706,1.2892108196059524,,1,Dynamic Attackers,0.9593223643665652,29.5,
Michel Aebischer,SUI,MF,0.0,176.0,0,1,2,0,2,0,1,0.34,0.0,5,76,66,87,6,0,2,3,33,0,0,0,8,52,6,3,2,0,0,0,0,,,,99,24,52,23,59,40,2,27,30,173,4.86,321,117,21047.55,0.2946916024689249,-0.0922114593956126,0.1564615966451771,1.5965174350198976,,0,Balanced Contributors,0.7020090372482899,21.6,
Micky Van De Ven,NED,DF,0.0,291.0,0,1,3,0,2,1,2,0.13,0.0,0,117,105,90,3,0,1,3,67,0,0,0,8,87,13,5,1,1,0,0,0,,,,18,8,2,8,5,13,3,11,24,242,4.22,245,92,27342.03,0.3692676974832828,0.2701478152320178,0.8033976108565599,-0.3456284462338657,,0,Balanced Contributors,0.6831931002841991,21.0,
Miguel Almiron,PAR,MF,0.0,306.0,0,0,4,0,1,3,0,0.11,0.0,2,67,49,73,4,0,6,6,67,0,0,0,17,123,21,2,7,1,1,0,0,,,,82,13,53,16,32,50,2,26,54,183,6.51,357,129,33177.48,0.0761958187705477,0.4859182682823788,3.288244567135698,1.961022407569185,,3,Complete Midfielders,1.07024476724588,32.9,
Mike Maignan,FRA,GK,0.0,707.0,0,0,0,0,0,0,0,0.0,0.0,0,210,164,78,0,0,0,3,33,1,100,0,0,0,0,0,2,0,0,0,0,11.0,80.0,64.0,46,0,0,46,32,14,0,0,8,401,3.18,97,12,37516.54,-1.3243189297858935,1.1882701162402631,-1.287843632527364,-0.6289202031167683,2.10400498960202,-1,Goalkeeper,0.46941664247639847,14.4,48.7
Mike Penders,BEL,GK,0.0,,0,0,0,0,0,0,0,0.0,0.0,0,0,0,0,0,0,0,0,0,0,0,0,0,0,0,0,0,0,0,0,0,0.0,0.0,0.0,0,0,0,0,0,0,0,0,0,0,0.0,0,0,0.0,-1.3243189297858935,-2.4642577606874845,-1.631956563153904,-3.2142549945655188,-1.2038479457474982,-1,Goalkeeper,0.0,0.0,0.0
Mikel Merino,ESP,MF,2.0,200.0,0,3,4,50,4,0,0,1.34,1.49,0,82,72,88,1,0,2,3,67,1,100,0,20,85,8,5,5,0,0,0,0,,,,103,35,58,10,68,35,3,31,47,182,7.75,442,107,24908.08,3.27651554920227,0.8695193504034323,1.909284574044341,2.465581068621841,,1,Dynamic Attackers,1.1096446507910218,34.1,
Mikel Oyarzabal,ESP,FW,5.0,599.0,1,11,22,23,16,6,5,4.29,1.17,0,132,112,85,8,13,2,4,25,2,50,0,53,236,13,3,4,0,0,0,0,,,,274,142,118,14,224,50,13,111,117,353,5.91,659,285,58923.14,15.443509161350462,1.3315029873616175,5.774869931833006,10.00022631785308,,4,Tournament Superstars,2.412090251341405,74.2,
Milad Mohammadi,IRN,DF,0.0,235.0,0,1,1,0,1,0,0,0.06,0.0,0,80,66,83,4,0,6,4,75,0,0,0,23,62,22,1,1,0,0,0,2,,,,57,31,18,8,20,37,4,12,26,174,6.7,299,142,26000.62,-0.7561420791048089,0.5842923529062513,2.0154412494810128,1.0489272393501938,,3,Complete Midfielders,0.8682464914354524,26.7,
Miles Robinson,USA,DF,0.0,104.0,0,0,1,0,1,0,1,0.06,0.0,0,58,54,93,0,0,0,0,0,1,100,0,6,11,5,2,0,0,0,0,0,,,,15,0,0,15,10,5,0,1,18,129,1.36,134,43,11909.05,-0.756632256439614,-0.3152251628741019,-0.8282041159144652,-1.8784121777047007,,0,Balanced Contributors,0.34550124109755226,10.6,
Milos Degenek,AUS,DF,0.0,0.0,0,0,0,0,0,0,0,0.0,0.0,0,0,0,0,0,0,0,0,0,0,0,0,0,0,0,0,0,0,0,0,0,,,,0,0,0,0,0,0,0,0,0,0,0.0,0,0,0.0,-1.3243189297858935,-2.4642577606874845,-1.631956563153904,-3.2142549945655188,,2,Limited Tournament Impact,0.0,0.0,
Miro Muheim,SUI,DF,0.0,115.0,0,0,0,0,0,0,0,0.0,0.0,0,40,31,78,3,0,0,5,20,0,0,1,3,16,1,1,3,1,0,0,0,,,,30,9,13,8,2,28,0,6,9,77,3.23,150,44,12070.06,-1.3243189297858935,-0.7630578368682458,-0.6899481230692931,-1.3797357296110897,,2,Limited Tournament Impact,0.3328999212359455,10.2,
Mladen Jurkas,BIH,GK,0.0,0.0,0,0,0,0,0,0,0,0.0,0.0,0,0,0,0,0,0,0,0,0,0,0,0,0,0,0,0,0,0,0,0,0,0.0,0.0,0.0,0,0,0,0,0,0,0,0,0,0,0.0,0,0,0.0,-1.3243189297858935,-2.4642577606874845,-1.631956563153904,-3.2142549945655188,-1.2038479457474982,-1,Goalkeeper,0.0,0.0,0.0
Mohamed Abdelmoneim,EGY,DF,0.0,15.0,0,0,0,0,0,0,0,0.0,0.0,0,14,14,100,0,0,0,0,0,1,100,0,0,0,0,1,0,0,0,0,0,,,,6,0,1,5,1,5,0,0,3,32,3.29,26,10,1530.7,-1.3243189297858935,-0.6125735826110126,-1.631956563153904,-2.5945372526716195,,2,Limited Tournament Impact,0.1802559488803411,5.5,
Mohamed Alaa,EGY,GK,0.0,0.0,0,0,0,0,0,0,0,0.0,0.0,0,0,0,0,0,0,0,0,0,0,0,0,0,0,0,0,0,0,0,0,0,0.0,0.0,0.0,0,0,0,0,0,0,0,0,0,0,0.0,0,0,0.0,-1.3243189297858935,-2.4642577606874845,-1.631956563153904,-3.2142549945655188,-1.2038479457474982,-1,Goalkeeper,0.0,0.0,0.0
Mohamed Amine Ben Hmida,TUN,DF,0.0,221.0,0,0,0,0,0,0,0,0.0,0.0,0,98,81,83,0,0,0,1,0,1,0,0,7,30,11,3,1,0,0,0,0,,,,38,2,0,36,12,26,0,1,18,208,5.95,167,70,22028.58,-1.3243189297858935,-0.7464674314312694,-0.0137313386264948,-0.5198388629684955,,0,Balanced Contributors,0.4514525900030908,13.9,
Mohamed Amine Tougai,ALG,DF,0.0,0.0,0,0,0,0,0,0,0,0.0,0.0,0,0,0,0,0,0,0,0,0,0,0,0,0,0,0,0,0,0,0,0,0,,,,0,0,0,0,0,0,0,0,0,0,0.0,0,0,0.0,-1.3243189297858935,-2.4642577606874845,-1.631956563153904,-3.2142549945655188,,2,Limited Tournament Impact,0.0,0.0,
Mohamed Amoura,ALG,FW,0.0,31.0,0,0,0,0,0,0,0,0.0,0.0,0,8,7,88,0,0,0,0,0,0,0,0,2,32,1,1,0,0,0,0,0,,,,27,8,17,2,24,3,0,5,5,16,1.74,57,24,3799.52,-1.3243189297858935,-1.6875538050875447,-1.091134385718127,-2.1130594939954137,,2,Limited Tournament Impact,0.1783831979908342,5.5,
Mohamed Elshenawy,EGY,GK,0.0,,0,0,0,0,0,0,0,0.0,0.0,0,0,0,0,0,0,0,0,0,0,0,0,0,0,0,0,0,0,0,0,0,0.0,0.0,0.0,0,0,0,0,0,0,0,0,0,0,0.0,0,0,0.0,-1.3243189297858935,-2.4642577606874845,-1.631956563153904,-3.2142549945655188,-1.2038479457474982,-1,Goalkeeper,0.0,0.0,0.0
Mohamed Hadj Mahmoud,TUN,MF,0.0,52.0,0,0,0,0,0,0,0,0.0,0.0,0,13,12,92,0,0,0,0,0,1,100,0,1,25,6,2,0,0,0,0,0,,,,18,2,9,7,11,7,0,1,7,24,4.46,67,36,5920.56,-1.3243189297858935,-0.690262976122759,-0.9230531815143208,-1.9499457173937784,,2,Limited Tournament Impact,0.28210584486898255,8.7,
Mohamed Hany,EGY,DF,0.0,546.0,1,0,4,0,0,4,0,0.09,0.0,0,282,245,87,17,24,4,9,56,1,100,2,10,90,11,2,1,0,0,0,0,,,,166,46,80,40,33,133,9,40,85,601,5.71,516,201,52140.55,0.3731012542259214,4.183466716712975,0.8380865154684727,6.053971586181347,,3,Complete Midfielders,1.3657462198821033,42.0,
Mohamed Kanno,KSA,MF,0.0,256.0,0,2,3,0,2,1,2,0.16,0.0,0,104,97,93,1,0,1,6,67,3,100,0,10,84,14,5,0,1,0,0,0,,,,33,4,15,14,29,4,1,27,56,244,5.97,287,88,25496.47,0.6382754146143754,1.6825928266620402,0.7843220832672483,0.4401201346802781,,0,Balanced Contributors,0.8469231467170825,26.0,
Mohamed Kone,CIV,GK,0.0,0.0,0,0,0,0,0,0,0,0.0,0.0,0,0,0,0,0,0,0,0,0,0,0,0,0,0,0,0,0,0,0,0,0,0.0,0.0,0.0,0,0,0,0,0,0,0,0,0,0,0.0,0,0,0.0,-1.3243189297858935,-2.4642577606874845,-1.631956563153904,-3.2142549945655188,-1.2038479457474982,-1,Goalkeeper,0.0,0.0,0.0
Mohamed Manai,QAT,FW,0.0,91.0,0,0,0,0,0,0,0,0.0,0.0,0,15,7,47,0,0,1,3,33,0,0,1,2,52,3,3,0,0,0,0,0,,,,16,2,8,6,9,7,0,5,8,34,6.99,153,43,10166.36,-1.3243189297858935,-1.3697328829789517,-0.7463247516505638,-1.444334872047336,,2,Limited Tournament Impact,0.2763695746693782,8.5,
Mohamed Salah,EGY,FW,1.0,469.0,2,4,9,11,7,2,1,0.95,1.05,15,136,112,82,16,19,4,9,44,0,0,0,18,150,9,5,13,0,0,0,1,,,,197,68,112,17,112,85,5,93,92,339,6.32,493,201,49162.03,5.649358767908275,1.850109111994769,3.942974480548289,6.684276980815108,,5,Elite All-Round Performers,1.7205063558024971,52.9,
Mohamed Toure,AUS,FW,0.0,182.0,0,1,4,0,4,0,1,0.26,0.0,0,16,12,75,2,0,2,2,50,0,0,0,3,86,5,4,2,0,0,0,1,,,,25,18,7,0,16,9,6,17,25,53,4.76,217,79,19508.03,0.4721445865397527,-0.8544123203668921,0.1600500280769792,-0.3033313718469042,,0,Balanced Contributors,0.5383186719331238,16.6,
Mohammad Abualnadi,JOR,DF,0.0,75.0,0,0,0,0,0,0,0,0.0,0.0,0,31,24,77,0,0,0,0,0,0,0,0,2,6,3,0,0,0,0,0,0,,,,26,0,2,24,4,22,0,1,10,60,2.24,115,31,8415.95,-1.3243189297858935,-1.608758566641547,-1.256058952414668,-1.8439598551187684,,2,Limited Tournament Impact,0.18394670237153485,5.7,
Mohammad Abughoush,JOR,MF,0.0,0.0,0,0,0,0,0,0,0,0.0,0.0,0,0,0,0,0,0,0,0,0,0,0,0,0,0,0,0,0,0,0,0,0,,,,0,0,0,0,0,0,0,0,0,0,0.0,0,0,0.0,-1.3243189297858935,-2.4642577606874845,-1.631956563153904,-3.2142549945655188,,2,Limited Tournament Impact,0.0,0.0,
Mohammad Abuhasheesh,JOR,DF,0.0,13.0,0,0,0,0,0,0,0,0.0,0.0,0,3,3,100,0,0,0,0,0,0,0,0,0,7,2,0,0,0,0,0,0,,,,0,0,0,0,0,0,0,0,1,6,2.5,25,12,1660.43,-1.3243189297858935,-1.6281072458900914,-1.4312022466935876,-2.835683583674508,,2,Limited Tournament Impact,0.10704275771937699,3.3,
Mohammad Abuzraiq,JOR,FW,0.0,12.0,0,0,0,0,0,0,0,0.0,0.0,0,5,4,80,0,0,0,0,0,0,0,0,0,10,3,1,0,1,0,0,0,,,,2,1,1,0,0,2,0,0,2,10,5.37,24,15,1643.16,-1.3243189297858935,-1.7777565063270684,-1.3363656776021695,-2.4830059396833697,,2,Limited Tournament Impact,0.12544219051910233,3.9,
Mohammad Aldaoud,JOR,MF,0.0,15.0,0,0,0,0,0,0,0,0.0,0.0,0,5,2,40,0,0,1,1,0,0,0,0,0,1,0,0,0,0,0,0,0,,,,7,3,2,2,0,7,0,1,4,9,2.14,28,7,1620.24,-1.3243189297858935,-1.9272663798025604,-1.6208753848764237,-2.691300868542077,,2,Limited Tournament Impact,0.07346860694000637,2.3,
Mohammad Ghorbani,IRN,MF,0.0,104.0,0,0,2,0,1,1,0,0.18,0.0,0,19,16,84,0,0,0,0,0,0,0,0,5,23,3,2,1,0,0,0,0,,,,9,1,2,6,7,2,0,4,14,53,2.39,191,53,12481.86,-0.6036380667439926,-1.6358384639931558,-0.7086752989380932,-1.845929410701292,,2,Limited Tournament Impact,0.2621209886416293,8.1,
Mohammad Mohebbi,IRN,MF,1.0,271.0,0,1,2,50,2,0,1,0.24,4.15,0,69,49,71,1,0,0,3,33,1,0,0,8,133,15,1,1,0,0,0,0,,,,95,41,41,13,36,59,3,43,61,159,6.83,470,170,30775.81,1.3426526030853971,-0.6052529753656083,1.4363178801386172,2.908039245745065,,1,Dynamic Attackers,0.9037004312441834,27.8,
Mohammed Abu Alshamat,KSA,DF,0.0,153.0,0,1,1,0,1,0,0,0.02,0.0,0,64,51,80,3,0,0,4,25,1,0,0,10,67,16,2,1,0,0,0,0,,,,58,15,28,15,28,30,1,27,44,143,6.75,212,87,17130.45,-0.7872729417039582,-0.4041334551516536,0.8911845863813022,0.5979871395633625,,0,Balanced Contributors,0.6526115824352937,20.1,
Mohammed Alowais,KSA,GK,0.0,306.0,0,0,0,0,0,0,0,0.0,0.0,0,93,53,57,0,0,0,4,0,0,0,0,0,0,0,0,1,0,0,0,0,17.0,86.0,78.0,6,0,0,6,5,1,0,0,2,138,2.51,15,1,12844.17,-1.3243189297858935,-1.043655099985994,-1.459900097840634,-2.42413655123858,2.9749979323324256,-1,Goalkeeper,0.17374198850906006,5.3,61.5
Mohammed Muntari,QAT,FW,0.0,0.0,0,0,0,0,0,0,0,0.0,0.0,0,0,0,0,0,0,0,0,0,0,0,0,0,0,0,0,0,0,0,0,0,,,,0,0,0,0,0,0,0,0,0,0,0.0,0,0,0.0,-1.3243189297858935,-2.4642577606874845,-1.631956563153904,-3.2142549945655188,,2,Limited Tournament Impact,0.0,0.0,
Mohanad Ali,IRQ,FW,0.0,20.0,0,0,0,0,0,0,0,0.0,0.0,0,2,1,50,0,0,0,0,0,0,0,0,1,14,1,0,0,0,0,0,0,,,,4,4,0,0,3,1,1,0,1,4,2.36,36,16,2367.96,-1.3243189297858935,-2.0463380325478218,-1.3529113138614883,-2.648041779373369,,2,Limited Tournament Impact,0.09325921043051455,2.9,
Mohanad Lashin,EGY,MF,0.0,409.0,0,0,2,0,1,1,1,0.12,0.0,0,191,169,88,2,0,2,7,29,6,100,0,23,156,42,5,3,2,0,0,0,,,,119,2,25,92,61,58,1,11,64,406,6.48,538,161,44288.9,-0.4051649677957907,2.862504084514888,4.63304562337025,3.2964602090742274,,3,Complete Midfielders,1.4487703451623786,44.5,
Mohannad Abutaha,JOR,MF,0.0,296.0,0,0,1,0,0,1,0,0.04,0.0,2,87,59,68,6,50,6,6,50,2,0,0,21,98,21,2,2,1,0,0,0,,,,76,25,36,15,19,57,2,25,64,213,6.46,423,170,31861.4,-0.8636461668687916,1.3560532233197735,2.400195660227182,2.228058312285768,,3,Complete Midfielders,1.0314527693863367,31.7,
Moise Bombito,CAN,DF,0.0,221.0,0,1,1,0,1,0,1,0.2,0.0,0,111,96,86,0,0,0,4,50,1,100,0,4,11,2,2,0,0,0,0,0,,,,38,2,1,35,19,19,1,1,22,236,3.44,212,72,21226.71,-0.4020146671608605,0.7758320006123473,-1.137614656988818,-0.5765340279748203,,0,Balanced Contributors,0.4888511636310634,15.0,
Moises Caicedo,ECU,MF,0.0,407.0,0,1,4,0,1,3,1,0.19,0.0,8,295,264,89,16,44,0,13,54,3,100,0,16,83,28,5,4,1,0,0,0,,,,148,7,58,83,110,38,0,24,64,640,6.23,505,134,42353.4,1.0035992237160625,4.790688940608223,2.697663560760789,4.00260723090794,,3,Complete Midfielders,1.4998001355042687,46.1,
Moises Ramirez,ECU,GK,0.0,0.0,0,0,0,0,0,0,0,0.0,0.0,0,0,0,0,0,0,0,0,0,0,0,0,0,0,0,0,0,0,0,0,0,0.0,0.0,0.0,0,0,0,0,0,0,0,0,0,0,0.0,0,0,0.0,-1.3243189297858935,-2.4642577606874845,-1.631956563153904,-3.2142549945655188,-1.2038479457474982,-1,Goalkeeper,0.0,0.0,0.0
Mojmir Chytil,CZE,FW,0.0,12.0,0,0,0,0,0,0,0,0.0,0.0,0,2,2,100,0,0,0,1,100,0,0,0,1,4,1,1,0,0,0,0,0,,,,2,2,0,0,1,1,0,2,2,4,2.6,17,8,1627.26,-1.3243189297858935,-0.7490563235872073,-1.4637230966362935,-2.7814740776465494,,2,Limited Tournament Impact,0.1753455504568068,5.4,
Montassar Talbi,TUN,DF,0.0,298.0,0,0,1,0,1,0,1,0.08,0.0,0,113,107,95,0,0,0,0,0,4,75,0,5,17,6,1,1,0,0,0,0,,,,30,2,2,26,11,19,0,2,24,236,6.02,275,77,29945.79,-0.7410668251400393,0.5908065001234063,-0.5903832658260473,-0.249738291189394,,0,Balanced Contributors,0.5354094287904058,16.5,
Morgan Rogers,ENG,MF,0.0,308.0,1,1,2,0,0,2,0,0.02,0.0,0,78,64,82,6,17,3,11,82,0,0,0,17,80,15,3,2,0,0,0,1,,,,120,47,46,27,88,32,3,35,51,149,6.4,330,133,24932.61,-0.0452601746310574,1.1862055224908126,1.5819133690838263,2.6429230197740896,,3,Complete Midfielders,0.9913549976920679,30.5,
Mortadha Ben Ouanes,TUN,DF,0.0,27.0,0,0,0,0,0,0,0,0.0,0.0,0,4,3,75,0,0,0,1,0,0,0,0,3,10,3,0,1,0,0,0,0,,,,17,6,8,3,13,4,0,0,3,8,2.42,38,18,3378.97,-1.3243189297858935,-1.739715428417344,-0.977362054842764,-2.395869170362638,,2,Limited Tournament Impact,0.16902609696586327,5.2,
Morten Thorsby,NOR,MF,0.0,50.0,0,0,0,0,0,0,0,0.0,0.0,0,18,17,94,0,0,0,0,0,0,0,0,0,33,3,1,0,0,0,0,0,,,,33,9,16,8,23,10,0,5,18,39,1.23,107,30,6152.57,-1.3243189297858935,-1.5544461213927112,-1.0814985772201178,-1.7528633536638252,,2,Limited Tournament Impact,0.21077658957468,6.5,
Mory Diaw,SEN,GK,0.0,287.0,0,0,0,0,0,0,0,0.0,0.0,0,95,64,67,0,0,0,2,0,1,100,0,0,0,0,0,2,0,0,0,0,5.0,53.0,45.0,18,0,0,18,14,4,0,0,1,166,2.0,15,4,12541.47,-1.3243189297858935,-0.1577021228045761,-1.287843632527364,-2.212413647001515,0.8309263806911742,-1,Goalkeeper,0.2720476544492355,8.4,30.0
Mostafa Shoubir,EGY,GK,0.0,546.0,0,0,0,0,0,0,0,0.0,0.0,0,147,114,78,0,0,0,3,0,0,0,0,0,0,0,0,5,1,0,0,0,14.0,119.0,105.0,17,0,0,17,11,6,0,0,2,242,3.23,60,14,29414.93,-1.3243189297858935,-0.4736845587141308,-0.7716742365875534,-1.6093821918883282,3.681407163169984,-1,Goalkeeper,0.3338653003668242,10.3,71.9
Mostafa Zico,EGY,MF,2.0,398.0,1,3,8,25,7,1,2,1.1,1.82,0,83,57,69,2,50,0,7,43,1,100,0,15,192,31,6,5,0,0,0,2,,,,166,83,68,15,99,67,6,61,56,215,7.41,726,225,49154.47,4.8443024529599015,1.0709683424047682,4.200031841947654,5.825883851110309,,5,Elite All-Round Performers,1.6058006681730446,49.4,
Moteb Alharbi,KSA,DF,0.0,213.0,0,0,0,0,0,0,0,0.0,0.0,0,77,57,74,2,0,1,5,20,0,0,0,11,64,2,0,4,0,0,0,0,,,,49,18,19,12,20,29,4,8,25,168,6.75,235,107,22511.24,-1.3243189297858935,-0.4929792050194117,0.5741236870117142,0.4903543707510599,,0,Balanced Contributors,0.5884809983678088,18.1,
Mouhib Chamakh,TUN,GK,0.0,100.0,0,0,0,0,0,0,0,0.0,0.0,0,23,16,70,0,0,0,0,0,0,0,0,0,0,0,0,0,0,0,0,0,1.0,26.0,20.0,1,0,0,1,1,0,0,0,0,34,0.77,4,0,3891.4,-1.3243189297858935,-1.7330825960955365,-1.631956563153904,-3.006761460798224,-0.371500553973154,-1,Goalkeeper,0.0689986838201663,2.1,12.3
Mousa Altamari,JOR,FW,1.0,230.0,1,3,8,13,4,4,0,1.13,0.89,0,36,28,78,1,100,3,4,75,0,0,0,10,82,7,2,3,0,0,0,1,,,,81,47,25,9,50,31,6,33,45,102,6.07,243,120,23119.95,3.747904379223349,0.5253374947426952,0.8471778828392634,1.7146335271997544,,1,Dynamic Attackers,0.950973535780018,29.2,
Moussa Niakhate,SEN,DF,0.0,459.0,1,0,1,0,1,0,1,0.06,0.0,0,290,271,93,2,50,0,1,100,4,75,0,12,21,4,3,6,0,0,0,0,,,,58,2,1,55,29,29,0,5,56,585,5.57,386,119,42611.78,-0.3483404922562816,3.412662363693329,0.6272477393732564,1.548260096155476,,3,Complete Midfielders,0.9948698059066141,30.6,
Moutaz Neffati,TUN,DF,0.0,0.0,0,0,0,0,0,0,0,0.0,0.0,0,0,0,0,0,0,0,0,0,0,0,0,0,0,0,0,0,0,0,0,0,,,,0,0,0,0,0,0,0,0,0,0,0.0,0,0,0.0,-1.3243189297858935,-2.4642577606874845,-1.631956563153904,-3.2142549945655188,,2,Limited Tournament Impact,0.0,0.0,
Munaf Younus,IRQ,DF,0.0,89.0,0,0,0,0,0,0,0,0.0,0.0,0,19,17,89,0,0,0,0,0,0,0,0,2,11,5,0,0,0,0,0,0,,,,2,0,0,2,1,1,0,0,8,40,1.95,63,22,8749.67,-1.3243189297858935,-1.590919347030663,-1.0774669925093128,-2.52749208832698,,2,Limited Tournament Impact,0.16298253041806982,5.0,
Munir El Kajoui,MAR,GK,0.0,,0,0,0,0,0,0,0,0.0,0.0,0,0,0,0,0,0,0,0,0,0,0,0,0,0,0,0,0,0,0,0,0,0.0,0.0,0.0,0,0,0,0,0,0,0,0,0,0,0.0,0,0,0.0,-1.3243189297858935,-2.4642577606874845,-1.631956563153904,-3.2142549945655188,-1.2038479457474982,-1,Goalkeeper,0.0,0.0,0.0
Musab Aljuwayr,KSA,MF,0.0,167.0,0,0,0,0,0,0,0,0.0,0.0,7,79,64,81,7,43,1,7,43,0,0,0,5,107,8,1,1,0,0,0,2,,,,79,20,54,5,43,36,1,28,49,173,7.55,326,85,20967.44,-0.8876207602809072,0.5929852576638212,0.530108847665153,1.4527880054118696,,0,Balanced Contributors,0.7408081590466985,22.8,
Mustafa Saadoon,IRQ,DF,0.0,24.0,0,0,0,0,0,0,0,0.0,0.0,0,1,1,100,0,0,0,0,0,0,0,0,0,6,2,2,0,0,0,0,0,,,,3,1,2,0,0,3,0,0,0,2,2.01,26,15,2482.84,-1.3243189297858935,-1.6449990285391731,-1.4422834249710683,-2.801601844818857,,2,Limited Tournament Impact,0.10662851468228851,3.3,
Nabil Bentaleb,ALG,MF,0.0,313.0,0,0,1,0,0,1,0,0.02,0.0,0,280,255,91,1,0,0,3,67,1,0,0,16,42,12,2,3,0,0,0,0,,,,92,1,25,66,73,19,0,7,56,589,6.59,405,115,33625.87,-1.0039825037412196,1.5892598164703824,1.085790237927195,2.183572651501646,,3,Complete Midfielders,0.9118093899956538,28.0,
Nabil Donga,EGY,MF,0.0,0.0,0,0,0,0,0,0,0,0.0,0.0,0,0,0,0,0,0,0,0,0,0,0,0,0,0,0,0,0,0,0,0,0,,,,0,0,0,0,0,0,0,0,0,0,0.0,0,0,0.0,-1.3243189297858935,-2.4642577606874845,-1.631956563153904,-3.2142549945655188,,2,Limited Tournament Impact,0.0,0.0,
Nadhir Benbouali,ALG,FW,1.0,52.0,0,2,2,50,2,0,2,0.16,6.14,0,8,6,75,1,0,0,0,0,0,0,0,6,19,4,0,0,0,0,0,0,,,,12,7,3,2,11,1,2,8,13,28,1.6,66,35,5586.09,1.9324333018651028,-1.738969738502891,-0.8011477239535972,-2.0815099032225364,,2,Limited Tournament Impact,0.3234631432978886,9.9,
Nadiem Amiri,GER,MF,0.0,50.0,1,1,2,0,1,1,0,0.26,0.0,0,20,17,85,2,50,0,2,50,1,100,0,1,11,0,0,0,0,0,0,0,,,,17,2,8,7,9,8,0,4,5,48,3.08,80,26,5438.68,0.112574992819369,0.3902069544678688,-1.4477478829529065,-2.0902235239058005,,0,Balanced Contributors,0.35827811549736666,11.0,
Nahuel Molina,ARG,DF,0.0,513.0,0,0,1,0,0,1,0,0.02,0.0,0,249,215,86,6,0,1,5,40,1,100,0,25,86,20,2,0,0,0,0,1,,,,183,68,70,45,40,143,5,40,87,421,4.96,435,187,43344.29,-1.0039825037412196,2.3119085372339008,2.1107784326067467,5.543463908330046,,3,Complete Midfielders,1.2661532578680672,38.9,
Nando Pijnaker,NZL,DF,0.0,0.0,0,0,0,0,0,0,0,0.0,0.0,0,0,0,0,0,0,0,0,0,0,0,0,0,0,0,0,0,0,0,0,0,,,,0,0,0,0,0,0,0,0,0,0,0.0,0,0,0.0,-1.3243189297858935,-2.4642577606874845,-1.631956563153904,-3.2142549945655188,,2,Limited Tournament Impact,0.0,0.0,
Nasser Aldawsari,KSA,MF,0.0,230.0,0,0,1,0,0,1,0,0.01,0.0,0,107,92,86,1,0,5,2,50,1,0,0,8,106,19,7,2,1,0,0,0,,,,90,3,31,56,56,34,0,12,60,240,7.14,499,150,28038.3,-1.0117652193910067,0.3909803559272566,1.5555546689958184,2.108856336290405,,3,Complete Midfielders,0.8604684302782294,26.5,
Nathan Ake,NED,DF,0.0,189.0,0,0,1,0,1,0,1,0.14,0.0,0,123,112,91,1,0,0,3,0,0,0,0,8,19,4,2,2,0,0,0,0,,,,28,1,5,22,5,23,0,3,17,253,4.51,136,49,18580.35,-0.6943705312413153,-0.4162856221142828,-0.3324033550296331,-0.9733922663163512,,0,Balanced Contributors,0.4419622578022471,13.6,
Nathan Ngoy,BEL,DF,0.0,376.0,0,0,1,0,1,0,0,0.02,0.0,0,219,205,94,0,0,0,4,25,4,100,0,10,30,15,6,1,0,1,0,0,,,,27,0,1,26,12,15,0,0,33,477,4.75,353,112,37462.64,-1.032932511885689,2.170688817124588,0.4195879558555462,0.2977066878738919,,0,Balanced Contributors,0.7796162581073449,24.0,
Nathan Patterson,SCO,DF,0.0,204.0,0,0,0,0,0,0,0,0.0,0.0,0,109,94,86,2,0,1,3,0,1,100,0,7,37,9,2,0,0,0,0,0,,,,55,10,19,26,10,45,0,10,21,222,6.3,203,86,21036.01,-1.3243189297858935,0.4849590285590923,-0.231405624515354,0.17327007015466,,0,Balanced Contributors,0.5662412570867035,17.4,
Nathan Saliba,CAN,MF,1.0,206.0,2,1,3,33,1,2,1,0.3,3.36,0,93,79,85,4,25,1,4,75,1,100,0,11,43,12,5,2,1,0,0,0,,,,51,4,13,34,32,19,2,8,40,206,4.12,386,122,23647.54,2.2695962200021795,1.3481291958780983,0.6132363551478462,0.545274695088093,,1,Dynamic Attackers,0.869521312071296,26.7,
Nathanael Mbuku,COD,MF,0.0,163.0,0,2,3,0,0,3,0,0.13,0.0,5,45,35,78,14,21,4,6,83,0,0,0,6,67,8,4,8,1,0,0,0,,,,45,12,26,7,11,34,0,27,36,134,5.33,243,74,18838.49,0.494415762192234,1.0605963219783283,1.3535726929075351,0.0784903061407661,,0,Balanced Contributors,0.8284802500856147,25.5,
Nathaniel Brown,GER,DF,1.0,319.0,1,2,3,33,3,0,0,0.21,4.87,11,131,115,88,19,32,2,6,67,0,0,0,3,64,21,4,1,0,0,0,0,,,,152,60,55,37,62,90,8,41,65,304,4.93,354,129,34794.69,2.5424179586942124,1.8995141741165111,0.729696188802759,4.184557016953187,,1,Dynamic Attackers,1.146938033178877,35.3,
Nawaf Alaqidi,KSA,GK,0.0,0.0,0,0,0,0,0,0,0,0.0,0.0,0,0,0,0,0,0,0,0,0,0,0,0,0,0,0,0,0,0,0,0,0,0.0,0.0,0.0,0,0,0,0,0,0,0,0,0,0,0.0,0,0,0.0,-1.3243189297858935,-2.4642577606874845,-1.631956563153904,-3.2142549945655188,-1.2038479457474982,-1,Goalkeeper,0.0,0.0,0.0
Nawaf Bu Washl,KSA,DF,0.0,104.0,0,0,0,0,0,0,0,0.0,0.0,0,46,35,76,0,0,0,1,0,0,0,0,3,27,4,1,1,0,0,0,0,,,,9,2,3,4,3,6,0,1,3,85,4.31,105,56,10603.72,-1.3243189297858935,-1.4206646135914365,-0.7273889898666186,-1.8843823022122157,,2,Limited Tournament Impact,0.24851704196574548,7.6,
Neil El Aynaoui,MAR,MF,0.0,634.0,0,2,7,0,5,2,4,0.6,0.0,1,433,405,94,0,0,1,3,0,3,67,0,51,132,48,15,7,0,0,0,0,,,,334,37,99,198,250,84,1,25,154,918,6.69,836,276,70474.7,2.6656730962322843,3.284711472612431,7.169721547681588,10.545676342504096,,5,Elite All-Round Performers,2.268841110243691,69.8,
Nelson Semedo,POR,DF,0.0,164.0,0,0,0,0,0,0,0,0.0,0.0,0,91,84,92,5,0,3,3,0,0,0,0,6,31,3,2,2,1,0,0,0,,,,52,18,25,9,26,26,3,7,26,196,5.02,196,79,16630.4,-1.3243189297858935,-0.1378254688904296,-0.3856536882562669,0.0627305637126101,,0,Balanced Contributors,0.4960838766792329,15.3,
Nestory Irankunda,AUS,FW,1.0,285.0,0,3,6,17,4,2,1,0.81,1.23,0,44,32,73,1,0,1,1,100,1,0,0,13,116,3,4,5,0,0,0,0,,,,55,34,20,1,36,19,6,43,51,124,5.66,263,129,27279.0,2.8022213364998887,-0.3063524578461346,1.5086258953103715,1.4570505244957417,,1,Dynamic Attackers,0.902258417785242,27.7,
Neymar Jr,BRA,FW,1.0,55.0,0,2,3,33,3,0,0,0.82,1.22,5,26,21,81,7,14,1,2,0,0,0,0,0,39,7,1,1,1,0,0,0,,,,32,2,21,9,19,13,1,11,8,72,2.59,71,18,5846.42,1.9388661010398405,-0.8197870976187651,-0.5965829052060589,-1.6613224083422522,,0,Balanced Contributors,0.4400096435602988,13.5,
Ngalayel Mukau,COD,MF,0.0,220.0,0,0,1,0,0,1,0,0.06,0.0,0,69,60,87,0,0,1,1,100,0,0,0,10,125,9,3,4,0,0,0,1,,,,62,11,35,16,39,23,0,19,41,164,7.25,383,105,26619.43,-0.9728516411420702,-0.2314489470206361,1.618911082602149,1.0344952496452833,,0,Balanced Contributors,0.7568522684371278,23.3,
Ngolo Kante,FRA,MF,0.0,0.0,0,0,0,0,0,0,0,0.0,0.0,0,0,0,0,0,0,0,0,0,0,0,0,0,0,0,0,0,0,0,0,0,,,,0,0,0,0,0,0,0,0,0,0,0.0,0,0,0.0,-1.3243189297858935,-2.4642577606874845,-1.631956563153904,-3.2142549945655188,,2,Limited Tournament Impact,0.0,0.0,
Nick Woltemade,GER,FW,0.0,44.0,0,0,2,0,2,0,0,0.09,0.0,0,1,1,100,0,0,0,0,0,0,0,0,0,6,1,0,0,0,0,0,0,,,,12,5,7,0,11,1,0,3,3,7,1.4,37,13,4199.08,-0.7026325157365478,-1.6449990285391731,-1.5038764592300446,-2.5754598965452886,,2,Limited Tournament Impact,0.13640259569885432,4.2,
Nico Elvedi,SUI,DF,0.0,673.0,0,0,3,0,3,0,2,0.3,0.0,0,438,406,93,0,0,3,2,50,5,100,0,8,48,12,5,6,1,0,0,0,,,,52,1,9,42,27,25,0,4,99,946,5.66,611,199,63204.39,0.2269642852034671,4.453639006462099,1.169920950342194,3.2843319086035185,,3,Complete Midfielders,1.2520969748322965,38.5,
Nico Gonzalez,ARG,MF,0.0,275.0,1,1,7,0,7,0,4,0.48,0.0,0,103,85,83,9,44,4,8,63,0,0,0,8,44,5,3,2,0,0,0,0,,,,73,60,11,2,45,28,21,49,49,220,5.0,225,103,23733.97,2.6146272333610727,1.4601758850341382,0.0062191361663565,2.810283684966147,,1,Dynamic Attackers,0.9633497024127046,29.6,
Nico Oreilly,ENG,DF,0.0,523.0,0,1,7,0,6,1,5,0.88,0.0,0,216,200,93,6,50,4,6,67,2,100,0,18,109,25,6,4,1,0,0,0,,,,205,46,73,86,88,117,6,33,75,472,6.21,561,225,52466.89,2.791763496160628,3.361912749759528,2.925626531495777,6.418393763707915,,5,Elite All-Round Performers,1.6178056060997905,49.7,
Nico Paz,ARG,FW,0.0,81.0,0,0,1,0,0,1,0,0.08,0.0,0,56,54,96,1,0,1,2,100,2,100,0,7,44,6,2,1,0,0,0,0,,,,73,7,47,19,50,23,0,12,51,125,2.32,110,39,9189.47,-0.9572862098424956,1.0349264106354452,-0.1665600140366492,-0.2557329720447477,,0,Balanced Contributors,0.6036573040296548,18.6,
Nico Schlotterbeck,GER,DF,1.0,152.0,0,2,2,50,2,0,2,0.25,4.01,0,123,110,89,0,0,1,3,67,4,75,0,18,7,6,2,1,0,0,0,0,,,,22,0,1,21,5,17,0,6,33,272,3.07,158,40,15443.46,1.8299226312447916,1.4899091192936114,0.1089093003324021,-1.106682021650077,,0,Balanced Contributors,0.7179102345919478,22.1,
Nico Williams,ESP,FW,0.0,98.0,0,0,1,0,1,0,0,0.03,0.0,1,28,24,86,4,0,2,4,75,0,0,0,7,33,1,0,1,0,0,0,0,,,,64,37,23,4,25,39,1,25,21,76,4.91,127,80,10656.13,-0.9627643434494748,-0.1729632672167936,-0.5964181463838167,0.0219851715052946,,0,Balanced Contributors,0.4832700504945593,14.9,
Nicolas De La Cruz,URU,MF,0.0,115.0,0,2,4,0,1,3,0,0.11,0.0,4,55,45,82,4,50,0,7,43,4,100,0,7,36,6,2,3,1,0,0,0,,,,69,15,33,21,47,22,1,13,33,130,6.33,174,65,12114.61,0.6922858647068626,1.7402554268543104,0.0889034903700469,0.2437259858890919,,0,Balanced Contributors,0.7730598125064887,23.8,
Nicolas Jackson,SEN,FW,0.0,271.0,1,3,7,0,6,1,2,0.56,0.0,0,45,36,80,1,0,2,4,50,0,0,0,10,106,13,2,0,0,0,0,5,,,,127,73,40,14,96,31,4,38,42,114,6.12,304,154,28133.46,2.706819321373451,-0.4751461927826837,0.9665149711128436,2.8915666801884785,,1,Dynamic Attackers,0.9160153281516636,28.2,
Nicolas Otamendi,ARG,DF,0.0,211.0,0,0,1,0,1,0,1,0.07,0.0,0,163,156,96,0,0,0,1,100,1,100,0,2,13,8,3,0,0,0,0,1,,,,23,1,0,22,8,15,0,1,16,293,4.72,205,46,17382.7,-0.7488495407898266,1.4702792002908969,-0.8705255331774228,-0.9846450220739112,,0,Balanced Contributors,0.5327537025964768,16.4,
Nicolas Pepe,CIV,FW,2.0,255.0,1,3,6,33,5,1,0,1.42,1.41,6,109,93,85,10,30,5,10,60,0,0,0,19,97,15,1,1,1,0,0,1,,,,136,51,64,21,88,48,8,59,57,267,6.05,289,154,25237.91,4.48943489889948,1.7299442358485162,1.722868372785149,3.8415975425877193,,1,Dynamic Attackers,1.2828138450061126,39.4,
Nicolas Raskin,BEL,MF,0.0,396.0,2,1,2,0,2,0,1,0.13,0.0,0,230,197,86,8,38,0,8,0,1,100,0,19,98,21,12,3,0,0,0,0,,,,166,11,50,105,115,51,2,14,69,498,6.95,508,128,44872.33,0.6359108382579224,2.4177376340256846,2.447620687243028,4.35385797438234,,3,Complete Midfielders,1.297744084552671,39.9,
Nicolas Seiwald,AUT,MF,0.0,361.0,0,0,3,0,2,1,0,0.05,0.0,0,153,141,92,3,33,0,2,100,1,100,0,16,64,19,1,1,0,0,0,0,,,,138,14,45,79,96,42,1,10,57,339,6.65,491,132,39640.15,-0.4289923835905979,1.8548795970002596,1.4166144692180611,3.271219314194182,,3,Complete Midfielders,1.0498103823258782,32.3,
Nicolas Tagliafico,ARG,DF,0.0,403.0,0,0,0,0,0,0,0,0.0,0.0,0,177,158,89,4,25,0,7,43,0,0,0,5,54,8,4,10,0,0,0,2,,,,91,41,20,30,22,69,6,32,26,279,5.1,353,120,31800.43,-1.3243189297858935,1.053883435109376,1.4913145867781166,2.200560530677018,,3,Complete Midfielders,0.899646421642102,27.7,
Nihad Mujakic,BIH,DF,0.0,0.0,0,0,0,0,0,0,0,0.0,0.0,0,0,0,0,0,0,0,0,0,0,0,0,0,0,0,0,0,0,0,0,0,,,,0,0,0,0,0,0,0,0,0,0,0.0,0,0,0.0,-1.3243189297858935,-2.4642577606874845,-1.631956563153904,-3.2142549945655188,,2,Limited Tournament Impact,0.0,0.0,
Niko Sigur,CAN,DF,0.0,147.0,0,0,1,0,0,1,0,0.04,0.0,0,64,52,81,4,25,0,8,63,1,100,0,4,39,9,5,1,1,0,0,0,,,,44,4,17,23,26,18,2,9,36,149,4.53,265,75,17924.01,-0.9884170724416448,1.2350323230744826,-0.2241339600932586,-0.1105990937873397,,0,Balanced Contributors,0.6208836158980574,19.1,
Nikola Katic,BIH,DF,0.0,353.0,0,0,2,0,1,1,1,0.08,0.0,0,165,148,90,0,0,0,1,0,0,0,0,14,43,18,4,0,1,0,0,0,,,,39,0,1,38,10,29,0,4,37,345,6.17,419,139,36234.39,-0.4362958303949401,-0.32836059778359,0.8256287875212996,0.8019985485729628,,0,Balanced Contributors,0.6767361310886085,20.8,
Nikola Moro,CRO,MF,0.0,0.0,0,0,0,0,0,0,0,0.0,0.0,0,0,0,0,0,0,0,0,0,0,0,0,0,0,0,0,0,0,0,0,0,,,,0,0,0,0,0,0,0,0,0,0,0.0,0,0,0.0,-1.3243189297858935,-2.4642577606874845,-1.631956563153904,-3.2142549945655188,,2,Limited Tournament Impact,0.0,0.0,
Nikola Vasilj,BIH,GK,0.0,411.0,0,0,0,0,0,0,0,0.0,0.0,0,155,94,61,0,0,0,4,0,0,0,0,0,0,0,0,0,0,0,0,0,8.0,92.0,70.0,18,0,0,18,13,5,0,0,11,279,3.31,34,7,22744.03,-1.3243189297858935,-0.5795252975789031,-1.631956563153904,-1.6408878705291754,2.123536471449786,-1,Goalkeeper,0.23866492514143595,7.3,49.0
Nikola Vlasic,CRO,MF,1.0,204.0,0,1,3,33,2,1,1,0.2,5.07,0,40,33,83,3,67,2,3,67,0,0,0,14,82,9,5,0,0,0,0,2,,,,67,30,28,9,38,29,1,22,45,105,5.15,263,96,22011.41,1.4847656869044208,0.2119148952650205,0.7034574320122532,0.7482572116081587,,0,Balanced Contributors,0.7734275973440263,23.8,
Nilson Angulo,ECU,FW,1.0,240.0,0,2,2,50,0,2,0,0.04,25.98,7,78,63,81,8,38,16,14,50,0,0,0,7,83,18,4,3,0,0,0,0,,,,65,28,26,11,22,43,2,43,55,193,6.36,274,136,25147.24,3.450574016295898,2.7167190920960844,1.348835280519348,1.5982024015559129,,1,Dynamic Attackers,1.153355058528334,35.5,
Nishan Velupillay,AUS,FW,0.0,88.0,0,0,0,0,0,0,0,0.0,0.0,0,12,6,50,0,0,1,0,0,0,0,0,1,57,4,1,0,0,0,0,0,,,,12,5,6,1,8,4,0,6,10,35,3.37,140,53,9830.13,-1.3243189297858935,-1.887226892487764,-0.6916415451528967,-1.8274769429723223,,2,Limited Tournament Impact,0.21911087606021445,6.7,
Nizar Alrashdan,JOR,MF,1.0,289.0,0,1,2,50,2,0,1,0.23,4.3,0,80,62,78,0,0,5,7,43,2,100,0,15,149,17,5,4,0,0,0,0,,,,63,7,41,15,36,27,0,12,42,204,6.62,407,103,31944.15,1.3470216558488772,1.3283066982435578,2.689182231077052,1.0931900755135973,,3,Complete Midfielders,1.0719020992451551,33.0,
Nkosinathi Sibisi,RSA,DF,0.0,101.0,0,0,0,0,0,0,0,0.0,0.0,0,52,42,81,0,0,0,1,100,3,100,0,2,15,6,1,0,1,0,0,0,,,,16,0,2,14,4,12,0,0,12,108,1.39,101,38,9387.59,-1.3243189297858935,0.8070774802878246,-0.9715492451404144,-2.0429363486186025,,0,Balanced Contributors,0.3882810975637131,11.9,
Noa Lang,NED,FW,0.0,17.0,0,0,0,0,0,0,0,0.0,0.0,0,13,11,85,1,0,1,2,100,0,0,0,2,6,1,0,1,0,0,0,0,,,,8,1,5,2,1,7,0,5,2,26,3.65,35,12,2122.19,-1.3243189297858935,-0.5445899714737615,-1.207188555619351,-2.4359012212416835,,2,Limited Tournament Impact,0.23686193071528433,7.3,
Noah Okafor,SUI,FW,0.0,25.0,0,0,1,0,1,0,0,0.18,0.0,0,9,7,78,0,0,1,2,0,0,0,0,1,11,3,0,0,0,0,0,0,,,,6,3,3,0,4,2,0,9,9,23,1.13,38,11,2914.43,-0.9084090614890916,-1.493967848794607,-1.2629687801759777,-2.610700936541635,,2,Limited Tournament Impact,0.16243047598494373,5.0,
Noah Sadiki,COD,MF,0.0,297.0,0,0,0,0,0,0,0,0.0,0.0,0,116,103,89,1,100,3,3,33,0,0,0,12,135,17,2,3,2,0,0,0,,,,148,9,96,43,109,39,0,20,47,242,6.86,420,141,33931.45,-1.3243189297858935,0.8450811623267641,2.175042112432919,3.215233800492588,,3,Complete Midfielders,1.0104805931555214,31.1,
Noni Madueke,ENG,FW,0.0,315.0,0,1,6,0,4,2,0,0.61,0.0,0,94,82,87,22,41,10,14,79,0,0,0,9,80,16,2,3,0,0,0,1,,,,175,80,75,20,38,137,17,68,40,277,4.88,335,147,30578.18,1.1089122309255817,3.4074111377197576,1.3170371154663776,5.460692757304418,,3,Complete Midfielders,1.344843208164421,41.3,
Noor Alrawabdeh,JOR,MF,0.0,309.0,1,0,1,0,0,1,0,0.03,0.0,0,111,84,76,0,0,4,10,40,5,80,0,20,182,22,1,0,0,0,0,0,,,,85,4,35,46,63,22,0,10,69,253,7.46,635,142,38422.0,-0.5879080239081,2.144984491442389,2.9861790200192706,2.448364452936839,,3,Complete Midfielders,1.1737123194605217,36.1,
Nour Baniateyah,JOR,GK,0.0,0.0,0,0,0,0,0,0,0,0.0,0.0,0,0,0,0,0,0,0,0,0,0,0,0,0,0,0,0,0,0,0,0,0,0.0,0.0,0.0,0,0,0,0,0,0,0,0,0,0,0.0,0,0,0.0,-1.3243189297858935,-2.4642577606874845,-1.631956563153904,-3.2142549945655188,-1.2038479457474982,-1,Goalkeeper,0.0,0.0,0.0
Noussair Mazraoui,MAR,DF,0.0,542.0,0,0,0,0,0,0,0,0.0,0.0,0,275,251,91,4,0,5,5,40,0,0,0,29,59,20,4,6,0,0,0,0,,,,36,7,12,17,15,21,3,7,44,560,5.3,396,146,48034.34,-1.3243189297858935,1.962640228275642,3.093188287589241,1.450031385786584,,3,Complete Midfielders,1.0848648391647135,33.4,
Nuno Da Costa,CPV,MF,0.0,180.0,0,0,1,0,1,0,0,0.07,0.0,0,23,18,78,1,0,2,5,40,0,0,0,6,61,3,0,3,0,0,0,0,,,,49,32,16,1,32,17,4,31,33,71,5.99,185,86,18105.97,-0.9940189336367522,-0.6526774680135821,0.1188381253814191,0.4016849567907997,,0,Balanced Contributors,0.537843059730546,16.5,
Nuno Mendes,POR,DF,1.0,447.0,0,1,3,33,1,2,0,0.15,6.47,7,282,239,85,21,29,8,17,53,4,100,0,10,78,16,3,12,0,0,0,1,,,,115,39,53,23,36,79,9,56,85,630,5.23,382,160,39049.58,1.77974739864851,6.085995654767864,2.90569866587956,4.5089711519086855,,5,Elite All-Round Performers,1.6789949998020546,51.6,
Obed Vargas,MEX,MF,0.0,85.0,0,1,1,0,0,1,0,0.02,0.0,0,22,20,91,0,0,2,3,33,0,0,0,3,20,2,1,0,0,0,0,0,,,,24,1,14,9,20,4,0,9,17,53,4.22,181,47,10044.8,-0.7583229335594888,-0.8310385427957135,-1.1001997716402052,-1.3611377090706218,,2,Limited Tournament Impact,0.30870872207107075,9.5,
Odeh Fakhoury,JOR,FW,0.0,163.0,0,1,2,0,0,2,0,0.08,0.0,2,21,17,81,1,0,1,0,0,1,100,0,7,99,5,2,4,0,0,0,1,,,,84,48,33,3,49,35,3,9,19,53,7.01,275,98,18713.27,-0.2820847393428124,-0.5701078705467422,0.8974811529056143,0.9845028511061203,,0,Balanced Contributors,0.681349134958223,20.9,
Odiljon Xamrobekov,UZB,MF,0.0,90.0,0,0,1,0,1,0,0,0.16,0.0,0,43,38,88,0,0,0,1,0,0,0,0,7,39,6,1,1,1,0,0,0,,,,29,2,14,13,25,4,0,10,22,93,4.55,161,39,10324.03,-0.9239744927886664,-1.3224338971383824,-0.2219659054240518,-1.1873835656321834,,2,Limited Tournament Impact,0.3615499804187182,11.1,
Odilon Kossounou,CIV,DF,0.0,316.0,0,0,0,0,0,0,0,0.0,0.0,0,149,141,95,0,0,0,1,100,0,0,0,2,15,6,0,1,0,0,0,0,,,,8,1,0,7,3,5,0,0,22,323,5.86,287,79,29901.79,-1.3243189297858935,0.4169212597086543,-0.7994927798271442,-0.6180567815980265,,0,Balanced Contributors,0.4584031573736651,14.1,
Oguz Aydin,TUR,FW,0.0,97.0,0,0,0,0,0,0,0,0.0,0.0,0,46,39,85,3,0,0,3,67,0,0,0,3,24,9,0,2,0,0,0,0,,,,15,10,4,1,6,9,2,15,27,94,2.13,103,55,10321.84,-1.3243189297858935,-0.4447033376662104,-0.2806108880909082,-1.4417444664233392,,0,Balanced Contributors,0.3945259476163885,12.1,
Oh Hyeongyu,KOR,FW,1.0,145.0,0,2,4,25,4,0,2,0.6,1.67,0,22,15,68,1,0,1,2,50,0,0,0,4,51,5,0,1,0,0,0,0,,,,65,35,27,3,52,13,3,22,26,62,6.26,158,64,15016.21,2.1613657493608023,-1.0285421082754418,-0.3375319577993976,0.3094590245801532,,0,Balanced Contributors,0.5729067130393848,17.6,
Oliver Baumann,GER,GK,0.0,0.0,0,0,0,0,0,0,0,0.0,0.0,0,0,0,0,0,0,0,0,0,0,0,0,0,0,0,0,0,0,0,0,0,0.0,0.0,0.0,0,0,0,0,0,0,0,0,0,0,0.0,0,0,0.0,-1.3243189297858935,-2.4642577606874845,-1.631956563153904,-3.2142549945655188,-1.2038479457474982,-1,Goalkeeper,0.0,0.0,0.0
Ollie Watkins,ENG,FW,0.0,12.0,0,0,0,0,0,0,0,0.0,0.0,0,1,1,100,1,0,1,1,100,0,0,0,0,4,1,0,0,0,0,0,0,,,,5,4,1,0,4,1,1,1,2,4,1.27,26,9,1546.81,-1.3243189297858935,-0.6025894026775299,-1.5260388157850056,-2.7733087274883577,,2,Limited Tournament Impact,0.18104528440034023,5.6,
Olwethu Makhanya,RSA,DF,0.0,0.0,0,0,0,0,0,0,0,0.0,0.0,0,0,0,0,0,0,0,0,0,0,0,0,0,0,0,0,0,0,0,0,0,,,,0,0,0,0,0,0,0,0,0,0,0.0,0,0,0.0,-1.3243189297858935,-2.4642577606874845,-1.631956563153904,-3.2142549945655188,,2,Limited Tournament Impact,0.0,0.0,
Omar Alderete,PAR,DF,0.0,363.0,0,0,1,0,0,1,0,0.01,0.0,0,97,70,72,0,0,1,3,33,2,50,0,6,9,3,2,3,0,0,0,0,,,,18,2,2,14,6,12,0,1,17,216,4.35,271,94,33031.77,-1.0117652193910067,0.2104439976204348,-0.4573831450475684,-0.6301847399892977,,0,Balanced Contributors,0.48686763490984225,15.0,
Omar Marmoush,EGY,FW,0.0,369.0,0,1,11,0,8,3,0,0.91,0.0,3,77,65,84,5,0,6,12,75,3,100,0,27,109,11,3,8,0,0,0,0,,,,166,73,79,14,93,73,5,58,84,218,5.73,321,165,35476.36,2.9376049999261,2.662087284817704,3.3123913854615967,4.72623674699981,,5,Elite All-Round Performers,1.5078914463350808,46.4,
Omar Rekik,TUN,DF,1.0,200.0,0,1,1,100,1,0,1,0.11,8.73,0,93,77,83,2,0,0,4,25,1,100,0,5,17,5,0,1,0,0,0,1,,,,25,0,9,16,2,23,0,7,22,205,4.08,199,66,20477.26,1.9427429397509632,0.5117222176627003,-0.6519763000850236,-0.8373962327213388,,0,Balanced Contributors,0.5864386838692958,18.0,
Orbelin Pineda,MEX,MF,0.0,45.0,0,0,1,0,1,0,0,0.09,0.0,0,5,5,100,0,0,1,1,0,0,0,0,3,33,1,0,2,0,0,0,0,,,,19,7,9,3,14,5,0,6,11,20,3.0,87,32,5754.74,-0.9784535023371776,-1.427643250544386,-0.6736245576653943,-1.9680307471133016,,2,Limited Tournament Impact,0.2609850429421002,8.0,
Orjan Nyland,NOR,GK,0.0,554.0,0,0,0,0,0,0,0,0.0,0.0,0,204,138,68,0,0,0,6,0,2,50,0,0,0,0,0,0,0,0,0,0,17.0,107.0,93.0,39,0,0,39,25,14,0,0,2,370,2.97,60,6,32935.89,-1.3243189297858935,0.8113447294115239,-1.631956563153904,-1.0290017108185423,3.555078650268711,-1,Goalkeeper,0.38263378476536913,11.8,70.1
Orkun Kokcu,TUR,MF,0.0,172.0,1,0,3,0,2,1,0,0.56,0.0,2,85,60,71,6,0,2,4,25,0,0,0,7,37,9,2,4,0,0,0,0,,,,105,20,48,37,73,32,2,23,41,204,6.6,207,67,19220.02,0.5009887843047413,-0.188615540738813,0.4568202367377267,1.522562442717461,,0,Balanced Contributors,0.7274128347766406,22.4,
Orlando Gill,PAR,GK,0.0,554.0,0,0,0,0,0,0,0,0.0,0.0,0,159,68,43,0,0,0,10,0,1,100,0,1,0,0,0,3,0,0,0,0,28.0,141.0,124.0,16,0,0,16,12,4,0,0,7,238,3.4,49,5,31439.42,-1.3243189297858935,0.6217522350937151,-1.053471448065382,-1.5958931550306643,5.589735797970806,-1,Goalkeeper,0.3919415436705365,12.0,100.0
Orlando Mosquera,PAN,GK,0.0,303.0,0,0,0,0,0,0,0,0.0,0.0,0,103,74,72,0,0,0,2,0,2,100,0,0,0,0,0,0,0,0,0,0,9.0,48.0,42.0,27,0,0,27,20,7,0,0,2,185,2.98,31,11,15112.23,-1.3243189297858935,0.1636873836297568,-1.631956563153904,-1.8134873358217007,1.057880480454347,-1,Goalkeeper,0.2863437773979457,8.8,33.3
Oscar Bobb,NOR,MF,0.0,279.0,0,3,4,0,4,0,0,0.62,0.0,0,111,102,92,2,0,6,5,20,0,0,0,12,113,17,1,4,0,0,0,0,,,,130,31,89,10,54,76,5,73,64,264,6.43,334,136,29207.95,0.9984720974486322,0.4710136426034458,2.1033126556416173,3.873073558446001,,3,Complete Midfielders,1.0973599762898585,33.7,
Oston Urunov,UZB,MF,0.0,75.0,0,0,0,0,0,0,0,0.0,0.0,0,10,8,80,0,0,1,2,50,0,0,0,4,41,1,0,0,0,0,0,0,,,,25,16,7,2,15,10,0,9,8,27,4.52,92,35,8454.44,-1.3243189297858935,-1.0690710994776056,-0.8667723429233785,-1.594285967006297,,2,Limited Tournament Impact,0.2790475208782299,8.6,
Oswin Appollis,RSA,FW,0.0,287.0,0,1,4,0,0,4,0,0.15,0.0,7,99,82,83,7,14,5,3,33,1,100,0,12,115,9,1,2,0,0,0,0,,,,209,85,102,22,102,107,2,46,83,231,6.39,405,182,30714.27,0.6938635236280303,1.4204272392789503,1.288617807498227,5.500822679266,,3,Complete Midfielders,1.1747853868087743,36.1,
Otabek Shukurov,UZB,MF,0.0,268.0,0,0,2,0,0,2,0,0.08,0.0,0,117,103,88,1,0,2,3,33,3,100,0,5,96,12,2,5,0,0,0,0,,,,115,2,59,54,80,35,0,8,56,252,6.72,378,85,29888.17,-0.6525152150973965,1.2845016861858924,1.3428138849018534,2.085167486718027,,3,Complete Midfielders,0.9205775794120272,28.3,
Oumar Diakite,CIV,FW,0.0,40.0,0,0,0,0,0,0,0,0.0,0.0,0,19,17,89,1,0,3,3,33,0,0,0,3,11,1,0,0,0,0,0,0,,,,9,3,5,1,5,4,2,12,14,46,3.24,46,22,4173.12,-1.3243189297858935,-0.717679661351593,-1.2615234103965065,-2.0100153672801686,,2,Limited Tournament Impact,0.24296467839686564,7.5,
Ousmane Dembele,FRA,FW,5.0,595.0,2,8,18,28,11,7,1,1.6,3.13,17,268,214,80,35,17,9,26,62,6,83,0,27,238,13,0,3,0,0,0,2,,,,181,62,81,38,71,110,11,157,145,668,6.27,750,248,62299.01,12.246201263302174,7.840010757023574,4.004767125208187,9.20183923422915,,4,Tournament Superstars,2.579854849001825,79.3,
Ousmane Diomande,CIV,DF,0.0,100.0,0,0,0,0,0,0,0,0.0,0.0,0,74,72,97,0,0,0,0,0,0,0,0,1,3,1,0,0,0,0,0,0,,,,9,0,0,9,2,7,0,0,1,148,1.35,75,24,8979.4,-1.3243189297858935,-1.061530296915023,-1.4748042749137742,-2.3455201281040083,,2,Limited Tournament Impact,0.1754806512816235,5.4,
Oussama Benbot,ALG,GK,0.0,100.0,0,0,0,0,0,0,0,0.0,0.0,0,25,18,72,0,0,0,1,0,0,0,0,0,0,0,0,1,0,0,0,0,0.0,14.0,13.0,1,0,0,1,1,0,0,0,0,40,0.71,6,0,4787.6,-1.3243189297858935,-1.6129469453545262,-1.459900097840634,-2.9872268899033467,-0.763728951596554,-1,Goalkeeper,0.09650839330270161,3.0,6.5
Owen Goodman,CAN,GK,0.0,0.0,0,0,0,0,0,0,0,0.0,0.0,0,0,0,0,0,0,0,0,0,0,0,0,0,0,0,0,0,0,0,0,0,0.0,0.0,0.0,0,0,0,0,0,0,0,0,0,0,0.0,0,0,0.0,-1.3243189297858935,-2.4642577606874845,-1.631956563153904,-3.2142549945655188,-1.2038479457474982,-1,Goalkeeper,0.0,0.0,0.0
Ozan Kabak,TUR,DF,0.0,104.0,0,0,0,0,0,0,0,0.0,0.0,0,36,26,72,0,0,2,2,0,0,0,0,3,10,7,3,0,0,0,0,0,,,,16,0,4,12,9,7,0,2,11,73,1.98,100,33,10366.33,-1.3243189297858935,-1.253060751430696,-0.9030463831201287,-2.026672306551062,,2,Limited Tournament Impact,0.23583514722311513,7.3,
Paik Seungho,KOR,MF,0.0,216.0,0,0,0,0,0,0,0,0.0,0.0,0,152,135,89,1,0,0,7,43,1,100,0,2,31,5,1,2,1,0,0,0,,,,134,4,43,87,92,42,1,10,67,317,6.66,269,63,23909.61,-1.3243189297858935,1.4010991807753912,-0.5117304963331619,2.3405431288434304,,0,Balanced Contributors,0.736634263426418,22.6,
Pape Gueye,SEN,MF,2.0,257.0,1,3,8,25,1,7,0,0.37,5.4,0,161,138,86,3,33,1,13,54,5,100,0,7,51,10,4,2,1,0,0,0,,,,107,13,51,43,79,28,2,16,99,369,6.87,356,114,29411.07,4.249547679828374,3.329366361198912,0.3294368362548901,2.798291217293907,,1,Dynamic Attackers,1.1994668827096413,36.9,
Pape Matar Sarr,SEN,MF,0.0,94.0,0,0,4,0,0,4,0,0.23,0.0,0,48,43,90,1,0,0,2,50,0,0,0,3,25,3,1,0,0,0,0,0,,,,36,6,12,18,24,12,1,4,13,106,3.29,157,44,10328.88,0.0737675091396117,-0.7183577604347167,-0.9832008459938262,-1.2038898897042354,,0,Balanced Contributors,0.3685398312537946,11.3,
Parfait Guiagon,CIV,MF,0.0,0.0,0,0,0,0,0,0,0,0.0,0.0,0,0,0,0,0,0,0,0,0,0,0,0,0,0,0,0,0,0,0,0,0,,,,0,0,0,0,0,0,0,0,0,0,0.0,0,0,0.0,-1.3243189297858935,-2.4642577606874845,-1.631956563153904,-3.2142549945655188,,2,Limited Tournament Impact,0.0,0.0,
Park Jinseob,KOR,DF,0.0,44.0,0,1,1,0,1,0,1,0.24,0.0,0,52,49,94,0,0,0,1,0,0,0,0,1,1,0,0,1,0,0,0,0,,,,8,2,2,4,4,4,1,1,6,108,4.68,64,13,4973.55,-0.3708838045617112,-1.189015154925482,-1.3865032004144415,-2.086359211161268,,2,Limited Tournament Impact,0.224182990755968,6.9,
Pascal Gross,GER,MF,0.0,24.0,0,0,1,0,0,1,0,0.04,0.0,0,14,14,100,1,0,0,1,100,0,0,0,1,15,1,1,0,0,0,0,0,,,,9,4,4,1,4,5,0,6,9,34,1.99,58,15,3218.51,-0.9884170724416448,-0.5893374168796712,-1.341830135584008,-2.429058472583585,,2,Limited Tournament Impact,0.23268621266948142,7.2,
Pathe Ciss,SEN,MF,0.0,232.0,0,1,2,0,1,1,1,0.2,0.0,0,139,128,92,0,0,0,0,0,8,75,0,3,11,5,1,0,0,0,0,0,,,,31,0,5,26,24,7,0,2,17,298,6.06,190,63,21513.7,-0.0972436724157614,1.5822820505470752,-1.015151273360601,-0.5675109518874957,,0,Balanced Contributors,0.5752920485481612,17.7,
Patrick Beach,AUS,GK,0.0,435.0,0,0,0,0,0,0,0,0.0,0.0,0,122,79,65,0,0,0,3,0,0,0,0,0,0,0,0,0,0,0,0,0,14.0,91.0,76.0,16,0,0,16,8,8,0,0,1,208,2.62,23,5,19047.75,-1.3243189297858935,-0.8340222603477778,-1.631956563153904,-2.0031058106709763,2.7477706593413425,-1,Goalkeeper,0.19766855515126197,6.1,58.2
Patrick Berg,NOR,MF,0.0,519.0,2,0,3,0,0,3,0,0.29,0.0,10,174,161,93,13,38,5,1,0,2,100,0,21,168,27,4,2,1,0,0,0,,,,178,35,79,64,123,55,1,39,83,386,6.93,797,263,59224.02,1.2561308645241671,2.458989683332275,3.545436345204677,6.146924012990348,,5,Elite All-Round Performers,1.5371464806624588,47.3,
Patrick Pentz,AUT,GK,0.0,0.0,0,0,0,0,0,0,0,0.0,0.0,0,0,0,0,0,0,0,0,0,0,0,0,0,0,0,0,0,0,0,0,0,0.0,0.0,0.0,0,0,0,0,0,0,0,0,0,0,0.0,0,0,0.0,-1.3243189297858935,-2.4642577606874845,-1.631956563153904,-3.2142549945655188,-1.2038479457474982,-1,Goalkeeper,0.0,0.0,0.0
Patrick Wimmer,AUT,FW,0.0,39.0,0,0,1,0,1,0,1,0.12,0.0,0,13,7,54,0,0,0,2,100,0,0,0,4,15,6,3,1,0,0,0,0,,,,17,10,6,1,4,13,0,11,14,32,3.34,54,23,4379.3,-0.70993596254089,-0.968368664048564,-0.6748613415297203,-1.9646257336371196,,2,Limited Tournament Impact,0.3065440511477322,9.4,
Patrik Schick,CZE,FW,0.0,199.0,0,1,2,0,2,0,2,0.27,0.0,0,28,24,86,0,0,1,3,33,0,0,0,7,74,4,1,3,0,0,0,0,,,,44,23,21,0,34,10,0,27,32,75,6.81,251,76,22836.75,0.1734547218352062,-0.926205388153436,0.3868021963963544,0.1587652835854915,,0,Balanced Contributors,0.5713602292936037,17.6,
Pau Cubarsi,ESP,DF,0.0,717.0,0,1,3,0,1,2,1,0.27,0.0,0,566,547,97,1,0,0,6,67,1,100,0,11,28,11,4,2,1,0,0,0,,,,131,0,0,131,71,60,0,3,63,1198,6.1,698,230,72869.34,0.262006331877849,5.058891263847551,0.3854256467266619,5.246557544468767,,3,Complete Midfielders,1.3376989384741431,41.1,
Paul Izzo,AUS,GK,0.0,0.0,0,0,0,0,0,0,0,0.0,0.0,0,0,0,0,0,0,0,0,0,0,0,0,0,0,0,0,0,0,0,0,0,0.0,0.0,0.0,0,0,0,0,0,0,0,0,0,0,0.0,0,0,0.0,-1.3243189297858935,-2.4642577606874845,-1.631956563153904,-3.2142549945655188,-1.2038479457474982,-1,Goalkeeper,0.0,0.0,0.0
Paul Okon Engstler,AUS,MF,0.0,214.0,1,0,0,0,0,0,0,0.0,0.0,1,89,77,87,1,100,1,6,83,2,100,0,9,78,5,3,2,0,0,0,0,,,,52,1,26,25,34,18,0,6,41,204,7.39,365,108,25987.7,-0.8536417128161344,2.2005861894923417,0.4452949167494064,0.6864506588391326,,0,Balanced Contributors,0.8137724614937653,25.0,
Paul Wanner,AUT,MF,0.0,270.0,0,0,1,0,1,0,1,0.08,0.0,0,80,68,85,1,0,3,4,75,1,100,0,18,146,20,4,1,0,0,0,0,,,,100,31,40,29,76,24,3,23,63,191,6.64,392,115,30227.02,-0.7410668251400393,1.0671559815718117,2.5114955605278646,2.351441297103057,,3,Complete Midfielders,1.0316901899776143,31.7,
Pavel Sulc,CZE,FW,0.0,209.0,0,0,2,0,0,2,0,0.03,0.0,0,51,39,76,1,100,2,3,0,0,0,0,6,104,12,2,1,0,0,0,1,,,,100,39,59,2,55,45,4,36,47,129,6.65,338,102,22856.82,-0.6914287933463331,-0.165628406351488,0.8055531690173289,2.188649658801326,,0,Balanced Contributors,0.7593092817460156,23.3,
Payam Niazmand,IRN,GK,0.0,0.0,0,0,0,0,0,0,0,0.0,0.0,0,0,0,0,0,0,0,0,0,0,0,0,0,0,0,0,0,0,0,0,0,0.0,0.0,0.0,0,0,0,0,0,0,0,0,0,0,0.0,0,0,0.0,-1.3243189297858935,-2.4642577606874845,-1.631956563153904,-3.2142549945655188,-1.2038479457474982,-1,Goalkeeper,0.0,0.0,0.0
Pedri,ESP,MF,0.0,490.0,0,1,4,0,1,3,0,0.37,0.0,8,410,364,89,14,36,2,14,71,2,100,0,48,224,33,3,5,1,0,0,1,,,,330,42,131,157,249,81,5,58,150,900,7.37,847,254,59490.08,0.8985187125653087,5.727890884901585,6.734234347252476,10.93898332695295,,5,Elite All-Round Performers,2.3744178904040005,73.0,
Pedro Miguel,QAT,DF,0.0,310.0,0,1,3,0,2,1,0,0.23,0.0,0,78,59,76,2,50,2,7,29,2,100,0,6,36,8,1,7,0,0,0,0,,,,26,8,4,14,13,13,3,3,29,172,5.13,229,76,26501.54,-0.0432439317126953,1.4016934075561325,0.8379997009923684,-0.3422613491970663,,0,Balanced Contributors,0.7597782844586247,23.4,
Pedro Neto,POR,FW,0.0,381.0,1,0,1,0,0,1,0,0.0,0.0,0,155,137,88,13,23,7,11,73,2,50,0,9,86,8,4,3,0,0,0,0,,,,183,83,81,19,49,134,8,79,83,374,5.93,368,208,37581.23,-0.611256170857462,3.405989639054812,0.89077991105945,6.139104178760791,,3,Complete Midfielders,1.2796683980049415,39.3,
Pedro Porro,ESP,DF,2.0,499.0,0,3,7,29,4,3,1,1.1,1.82,0,305,274,90,16,31,3,12,33,7,100,0,22,64,16,7,6,0,0,0,0,,,,154,47,66,41,38,116,8,62,110,660,4.29,517,240,50034.98,4.021404536110887,5.632945341959662,2.4660120078997547,6.2446891090447005,,5,Elite All-Round Performers,1.7834838870046192,54.8,
Pedro Vite,ECU,MF,0.0,407.0,1,1,4,0,1,3,0,0.23,0.0,2,297,269,91,7,43,1,9,56,2,100,0,34,119,29,2,5,0,0,0,0,,,,261,11,108,142,153,108,1,27,83,640,6.38,648,177,43374.6,0.8235397409330587,3.863620538039124,4.451918422999149,7.040658581461526,,5,Elite All-Round Performers,1.7726414773559642,54.5,
Pervis Estupinan,ECU,DF,0.0,100.0,0,0,0,0,0,0,0,0.0,0.0,0,61,55,90,3,0,0,3,0,0,0,0,2,25,3,3,0,0,0,0,0,,,,48,24,13,11,22,26,3,23,19,130,3.31,144,70,11017.23,-1.3243189297858935,-0.8094102164114284,-1.045516565142538,-0.354254975784422,,0,Balanced Contributors,0.3541573125295884,10.9,
Petar Musa,CRO,FW,1.0,119.0,0,1,1,100,1,0,0,0.34,2.91,0,11,7,64,0,0,1,3,33,0,0,0,9,76,11,1,1,0,0,0,0,,,,43,33,9,1,38,5,0,10,13,29,3.35,160,61,13217.92,1.4050873924143703,-1.2481643656518575,0.6206343004350334,-0.9849944300107704,,0,Balanced Contributors,0.5473223419326589,16.8,
Petar Sucic,CRO,MF,1.0,338.0,1,2,3,33,1,2,0,0.14,7.07,0,127,110,87,6,17,2,5,20,1,100,0,11,152,25,7,6,1,0,0,1,,,,164,44,73,47,98,66,6,43,62,294,7.0,548,158,39444.7,2.0378249215118687,1.4350870988476,3.310020094012997,4.880081899799581,,1,Dynamic Attackers,1.3885159446677875,42.7,
Philipp Lienhart,AUT,DF,0.0,207.0,0,0,1,0,1,0,0,0.1,0.0,0,140,128,91,0,0,0,3,67,1,100,0,1,11,4,0,0,0,0,0,0,,,,21,0,1,20,10,11,0,1,18,295,3.03,212,58,20886.37,-0.9706707866873904,1.1234910689535094,-1.2013757459170011,-1.0555962889012025,,0,Balanced Contributors,0.46082451404339997,14.2,
Phillip Mwene,AUT,DF,0.0,160.0,0,0,1,0,1,0,0,0.0,0.0,0,64,56,88,6,0,0,2,50,0,0,0,3,32,8,1,1,0,0,0,0,,,,33,10,13,10,5,28,8,21,16,149,3.4,189,76,17929.88,-1.0484979431852637,-0.3207341267572146,-0.4256109614433106,-0.1178005939629554,,0,Balanced Contributors,0.4773770929875963,14.7,
Pico Lopes,CPV,DF,0.0,445.0,0,0,2,0,2,0,2,0.29,0.0,0,182,153,84,0,0,0,7,14,5,60,0,6,36,9,0,3,0,0,0,0,,,,66,2,6,58,24,42,0,3,38,384,5.66,366,99,41751.06,-0.0566394170469499,1.8017468058345325,0.211366873998264,1.1822577293852945,,0,Balanced Contributors,0.8176545053137217,25.1,
Piero Hincapie,ECU,DF,0.0,376.0,0,0,3,0,3,0,3,0.4,0.0,1,189,160,85,15,13,2,13,31,0,0,0,11,80,29,5,4,1,1,0,0,,,,111,39,35,37,30,81,7,33,57,419,6.35,420,192,39830.97,0.6123462873346929,2.2452650425943537,2.4144344644437643,3.813034575250819,,3,Complete Midfielders,1.2485256739986659,38.4,
Prince Adu,GHA,FW,0.0,62.0,0,0,1,0,1,0,0,0.25,0.0,0,5,4,80,0,0,0,0,0,0,0,0,0,25,4,4,0,0,0,0,0,,,,17,10,7,0,12,5,1,8,9,17,4.51,70,31,6266.52,-0.8539300519405804,-1.7777565063270684,-1.1085549691809855,-1.7999905858352965,,2,Limited Tournament Impact,0.20509803523068607,6.3,
Promise David,CAN,FW,1.0,105.0,1,3,5,20,3,2,1,0.75,1.34,0,16,8,50,0,0,0,1,0,1,100,0,6,23,1,4,2,0,0,0,0,,,,22,15,7,0,18,4,2,18,18,46,4.43,79,41,9794.61,2.9332702748899635,-0.9490884084687944,-0.5974891829940638,-1.286239544940043,,0,Balanced Contributors,0.4880223031637338,15.0,
Quinten Timber,NED,MF,0.0,68.0,0,0,0,0,0,0,0,0.0,0.0,0,12,10,83,2,50,0,2,50,0,0,0,5,27,7,0,2,0,0,0,0,,,,19,7,6,6,8,11,1,5,14,32,3.41,96,29,7777.13,-1.3243189297858935,-0.6118268167327593,-0.2459219834789955,-1.7844361861934457,,0,Balanced Contributors,0.3648987634780097,11.2,
Raed Chikhaoui,TUN,DF,0.0,0.0,0,0,0,0,0,0,0,0.0,0.0,0,0,0,0,0,0,0,0,0,0,0,0,0,0,0,0,0,0,0,0,0,,,,0,0,0,0,0,0,0,0,0,0,0.0,0,0,0.0,-1.3243189297858935,-2.4642577606874845,-1.631956563153904,-3.2142549945655188,,2,Limited Tournament Impact,0.0,0.0,
Rafael Leao,POR,FW,1.0,203.0,1,1,4,25,3,1,0,0.33,3.07,3,82,71,87,8,50,12,8,63,2,50,0,5,35,4,1,2,0,0,0,0,,,,76,20,48,8,10,66,4,43,63,205,5.73,188,75,18513.49,1.9530487068185405,2.875484566502995,-0.3420516600360803,1.530322898319333,,3,Complete Midfielders,0.9399031430346112,28.9,
Rafik Belghali,ALG,DF,1.0,362.0,0,1,3,33,2,1,0,0.28,3.6,0,183,168,92,5,40,3,3,67,0,0,0,10,64,10,4,2,0,0,0,0,,,,97,54,27,16,42,55,7,31,83,406,6.27,480,170,38083.65,1.1827706888057732,1.4571521349056045,0.6604393113082726,3.677997647471466,,3,Complete Midfielders,1.0265434028587235,31.6,
Rajaei Ayed,JOR,MF,0.0,0.0,0,0,0,0,0,0,0,0.0,0.0,0,0,0,0,0,0,0,0,0,0,0,0,0,0,0,0,0,0,0,0,0,,,,0,0,0,0,0,0,0,0,0,0,0.0,0,0,0.0,-1.3243189297858935,-2.4642577606874845,-1.631956563153904,-3.2142549945655188,,2,Limited Tournament Impact,0.0,0.0,
Ramin Rezaeian,IRN,DF,2.0,309.0,1,2,4,50,4,0,0,0.97,2.06,7,98,68,69,17,29,1,12,50,0,0,0,9,82,10,2,3,0,0,0,1,,,,151,29,67,55,19,132,3,19,43,223,6.79,458,170,34994.84,3.634062153637144,1.5545013742775498,0.9696412664674804,3.799707660890944,,1,Dynamic Attackers,1.161054264798567,35.7,
Ramiz Zerrouki,ALG,MF,0.0,126.0,0,0,0,0,0,0,0,0.0,0.0,0,105,97,92,0,0,0,2,100,5,100,0,4,23,5,4,0,1,0,0,0,,,,56,8,12,36,39,17,1,4,37,226,5.59,201,54,15442.6,-1.3243189297858935,1.8487332620055796,-0.8198614148821226,-0.0354559777519748,,0,Balanced Contributors,0.6018250048667786,18.5,
Ramon Sosa,PAR,MF,0.0,19.0,0,0,0,0,0,0,0,0.0,0.0,0,3,3,100,0,0,0,0,0,0,0,0,0,12,1,0,1,0,0,0,0,,,,5,1,3,1,4,1,0,0,0,9,1.41,36,16,2289.64,-1.3243189297858935,-1.6281072458900914,-1.2653329242518911,-2.801546175886309,,2,Limited Tournament Impact,0.12545468003901958,3.9,
Ramy Bensebaini,ALG,DF,0.0,403.0,0,0,2,0,1,1,1,0.04,0.0,0,385,359,93,0,0,1,8,38,1,100,0,7,36,11,1,5,0,0,0,0,,,,76,1,1,74,37,39,0,1,69,814,5.3,301,122,35700.14,-0.4674266929940893,3.447198640500566,0.740981592291469,1.9930228999152095,,3,Complete Midfielders,1.0305172128588147,31.7,
Ramy Rabia,EGY,DF,0.0,431.0,0,1,1,0,1,0,1,0.1,0.0,0,244,224,92,0,0,0,2,50,8,50,0,12,31,11,3,2,0,0,0,0,,,,85,4,4,77,48,37,1,1,23,525,5.82,435,128,40932.16,-0.4798418236587338,2.824458170370275,0.4809849007078154,1.840955341320069,,3,Complete Midfielders,0.9470157617613076,29.1,
Rani Khedira,TUN,MF,0.0,162.0,0,0,1,0,0,1,0,0.06,0.0,0,30,25,83,1,0,0,2,50,0,0,0,6,49,10,3,0,1,0,0,0,,,,35,11,17,7,31,4,1,5,19,74,7.49,218,49,18577.38,-0.9728516411420702,-0.9271407031341132,-0.0991541700753232,-0.5264534868189529,,0,Balanced Contributors,0.44135741166112086,13.6,
Raphinha,BRA,FW,0.0,143.0,0,2,3,0,1,2,0,0.34,0.0,7,44,30,68,10,30,2,4,25,0,0,0,10,59,7,1,2,0,0,0,2,,,,86,39,41,6,40,46,5,28,37,120,2.6,189,108,15809.52,0.7536736882661517,-0.0400836260834844,0.420254317143941,1.0684563450023012,,0,Balanced Contributors,0.717950460618586,22.1,
Raul Jimenez,MEX,FW,3.0,348.0,0,7,18,17,13,5,7,3.0,1.0,0,66,48,73,1,0,1,8,63,0,0,0,27,87,10,7,2,0,0,0,2,,,,149,73,72,4,107,42,6,75,74,190,4.43,295,141,32083.35,11.329287581254574,-0.0383188081303284,1.9746736372184277,4.151451355182553,,4,Tournament Superstars,1.437339234675653,44.2,
Raul Rangel,MEX,GK,0.0,494.0,0,0,0,0,0,0,0,0.0,0.0,0,155,120,77,0,0,0,4,0,1,100,0,0,0,0,1,0,0,0,0,0,8.0,57.0,46.0,62,1,0,61,42,20,0,0,7,317,3.14,71,12,25833.63,-1.3243189297858935,0.5866739636159338,-1.631956563153904,-0.6681609886727272,1.1745347800648944,-1,Goalkeeper,0.3862939912273543,11.9,35.0
Rayan,BRA,FW,0.0,327.0,1,2,5,0,3,2,1,0.76,0.0,1,99,93,94,10,20,5,5,100,1,100,0,15,112,10,5,4,0,0,0,1,,,,54,33,19,2,23,31,7,75,76,245,4.95,395,135,33427.25,1.911338159070177,2.490754451829715,1.848027394997438,2.5208180181063904,,3,Complete Midfielders,1.18318111104678,36.4,
Rayan Ait Nouri,ALG,DF,0.0,315.0,0,0,1,0,1,0,0,0.02,0.0,0,211,190,90,9,0,12,7,57,0,0,0,12,70,25,6,4,0,0,0,0,,,,129,42,52,35,39,90,4,51,83,451,5.89,355,157,32073.2,-1.032932511885689,2.7049187308248848,2.119566263781765,4.042084770568432,,3,Complete Midfielders,1.2086149526418035,37.2,
Rayan Cherki,FRA,MF,0.0,119.0,0,0,0,0,0,0,0,0.0,0.0,1,76,64,84,2,0,1,7,43,1,100,0,10,76,10,2,1,0,0,0,0,,,,47,5,30,12,34,13,2,21,45,166,6.49,230,83,15003.77,-1.261933476999467,0.8954759849098479,0.6213569853247688,0.3233978588009357,,0,Balanced Contributors,0.6936026338005821,21.3,
Rayan Elloumi,TUN,FW,0.0,0.0,0,0,0,0,0,0,0,0.0,0.0,0,0,0,0,0,0,0,0,0,0,0,0,0,0,0,0,0,0,0,0,0,,,,0,0,0,0,0,0,0,0,0,0,0.0,0,0,0.0,-1.3243189297858935,-2.4642577606874845,-1.631956563153904,-3.2142549945655188,,2,Limited Tournament Impact,0.0,0.0,
Rebin Sulaka,IRQ,DF,0.0,41.0,0,0,1,0,1,0,0,0.07,0.0,0,29,23,79,0,0,0,0,0,3,33,0,2,1,1,1,0,0,1,0,0,,,,7,0,0,7,2,5,0,1,4,65,3.63,41,15,4423.46,-0.9940189336367522,-0.7545069210210924,-1.4346509123200233,-2.3910968490546285,,2,Limited Tournament Impact,0.21267831934873205,6.5,
Redouane Halhal,MAR,DF,0.0,208.0,0,0,0,0,0,0,0,0.0,0.0,0,119,113,95,0,0,0,0,0,1,100,0,4,12,9,3,5,1,0,0,1,,,,13,0,0,13,1,12,0,0,37,260,1.86,154,62,19377.5,-1.3243189297858935,0.2074335148967477,0.1649000876678478,-1.2968509959844112,,0,Balanced Contributors,0.49779800522617423,15.3,
Reece James,ENG,DF,0.0,352.0,0,0,1,0,0,1,0,0.04,0.0,0,184,169,92,11,27,2,8,38,3,33,0,5,46,18,2,0,0,0,0,0,,,,139,21,44,74,57,82,3,17,28,325,2.99,239,96,26574.9,-0.9884170724416448,2.6698959373010207,0.298030850015334,2.22627254341809,,3,Complete Midfielders,0.9209459605926077,28.3,
Relebohile Mofokeng,RSA,FW,0.0,184.0,0,1,3,0,0,3,0,0.12,0.0,1,54,44,81,2,0,0,6,50,2,100,0,18,107,13,3,2,0,0,0,0,,,,56,18,34,4,37,19,3,34,22,130,5.73,341,100,23444.92,-0.0085683347849906,0.7710843558100724,1.82023483320656,0.819399687299264,,3,Complete Midfielders,0.8772233472024884,27.0,
Remo Freuler,SUI,MF,0.0,654.0,0,1,2,0,1,1,0,0.07,0.0,0,324,299,92,5,20,0,7,71,2,0,0,27,193,31,8,3,0,0,0,1,,,,328,43,138,147,228,100,3,34,105,694,6.79,1001,213,73750.57,-0.4435883687099223,2.9454485214271564,4.614788719383137,10.120621939460053,,5,Elite All-Round Performers,1.851592446518325,56.9,
Renato Veiga,POR,DF,0.0,518.0,0,0,2,0,2,0,2,0.28,0.0,0,336,320,95,0,0,1,4,50,1,100,0,9,45,11,5,3,2,0,0,0,,,,45,2,0,43,15,30,0,3,34,713,5.77,498,145,49867.82,-0.0644221326967372,2.8412968308080093,0.6212307044596772,1.6622261405113632,,3,Complete Midfielders,0.9668573026689354,29.7,
Ricardo Ade,HAI,DF,0.0,306.0,0,1,4,0,2,2,2,0.17,0.0,0,136,121,89,0,0,0,5,40,1,100,0,3,24,5,6,4,0,0,0,0,,,,13,1,0,12,10,3,0,2,22,293,5.64,310,95,28826.94,0.7051695548275312,1.0182843599908342,-0.1828700945002733,-0.4801216416653514,,0,Balanced Contributors,0.6481188953081334,19.9,
Ricardo Goss,RSA,GK,0.0,0.0,0,0,0,0,0,0,0,0.0,0.0,0,0,0,0,0,0,0,0,0,0,0,0,0,0,0,0,0,0,0,0,0,0.0,0.0,0.0,0,0,0,0,0,0,0,0,0,0,0.0,0,0,0.0,-1.3243189297858935,-2.4642577606874845,-1.631956563153904,-3.2142549945655188,-1.2038479457474982,-1,Goalkeeper,0.0,0.0,0.0
Ricardo Pepi,USA,FW,0.0,247.0,0,0,5,0,5,0,2,0.38,0.0,0,38,33,87,1,0,4,1,100,0,0,0,18,84,15,5,2,0,0,0,2,,,,129,69,53,7,104,25,2,40,42,103,7.21,366,148,27870.91,0.8408679836030253,-0.127755663319623,1.6885538013424606,2.9625876985446493,,3,Complete Midfielders,0.9507158821240468,29.2,
Ricardo Rodriguez,SUI,DF,0.0,567.0,1,0,1,0,0,1,0,0.02,0.0,4,295,243,82,17,18,1,24,33,4,50,0,24,60,16,11,2,0,0,0,0,,,,108,42,39,27,18,90,4,44,82,603,5.83,541,200,55242.44,-0.3461489284121807,5.225739945523834,1.858092871834176,4.571774555121368,,3,Complete Midfielders,1.434748695027238,44.1,
Richard Rios,COL,MF,0.0,175.0,0,1,5,0,2,3,1,0.37,0.0,0,56,47,84,2,0,3,1,100,1,100,0,4,55,24,10,4,1,0,0,0,,,,64,17,31,16,38,26,2,14,20,130,6.79,290,111,19796.25,0.9204254697214512,0.8668845637131889,1.3932298021708858,0.671214147535027,,3,Complete Midfielders,0.8675546430071285,26.7,
Richie Laryea,CAN,DF,0.0,475.0,0,1,2,0,1,1,0,0.34,0.0,0,202,167,83,4,25,2,15,60,1,100,0,22,79,28,8,13,1,0,0,1,,,,110,42,39,29,48,62,6,28,76,428,5.81,464,231,46053.79,-0.2334550461656646,3.09434506518754,4.57574135036257,4.1077497331469175,,3,Complete Midfielders,1.5148792325008766,46.6,
Riechedly Bazoer,CUW,DF,0.0,100.0,0,0,0,0,0,0,0,0.0,0.0,0,36,31,86,0,0,0,0,0,1,100,0,1,11,3,2,0,0,0,0,0,,,,18,0,3,15,9,9,0,1,4,71,1.69,60,15,8506.82,-1.3243189297858935,-0.5621701457929651,-1.2629687801759777,-2.259854853959007,,2,Limited Tournament Impact,0.24028363408216316,7.4,
Ritsu Doan,JPN,MF,0.0,295.0,1,0,1,0,0,1,0,0.02,0.0,1,105,89,85,5,0,1,5,80,0,0,0,9,114,19,6,5,0,0,0,0,,,,97,42,41,14,45,52,2,44,65,222,6.63,346,152,32576.29,-0.5333052867714606,0.505595218093884,2.2226892103041846,2.736851058149418,,3,Complete Midfielders,0.9895796109488938,30.4,
Riyad Mahrez,ALG,FW,2.0,288.0,1,3,6,33,4,2,0,1.49,1.34,5,147,127,86,9,33,0,9,67,6,100,0,22,102,13,1,7,0,0,0,1,,,,161,83,59,19,62,99,4,51,73,325,6.48,382,130,31107.72,4.5048076385465095,3.4383993060345226,2.874374144980356,4.499297083926169,,5,Elite All-Round Performers,1.568660655790323,48.2,
Roberto Alvarado,MEX,FW,0.0,476.0,3,0,5,0,2,3,0,0.28,0.0,14,201,163,81,34,32,7,17,47,1,100,0,6,75,13,3,5,0,0,0,1,,,,198,57,100,41,74,124,3,82,102,477,6.34,567,185,50296.79,2.4578236974046783,5.415728131278303,1.2340178944824505,6.78289423578935,,5,Elite All-Round Performers,1.6192915128623553,49.8,
Robin Hranac,CZE,DF,0.0,301.0,0,0,0,0,0,0,0,0.0,0.0,0,116,104,90,1,0,0,2,0,0,0,0,15,37,15,6,0,0,0,0,0,,,,11,2,1,8,6,5,0,1,13,249,5.86,311,94,29418.45,-1.3243189297858935,-0.5749210759910629,0.6366783342281994,-0.6255139844829946,,0,Balanced Contributors,0.5229619342522454,16.1,
Robin Risser,FRA,GK,0.0,,0,0,0,0,0,0,0,0.0,0.0,0,0,0,0,0,0,0,0,0,0,0,0,0,0,0,0,0,0,0,0,0,0.0,0.0,0.0,0,0,0,0,0,0,0,0,0,0,0.0,0,0,0.0,-1.3243189297858935,-2.4642577606874845,-1.631956563153904,-3.2142549945655188,-1.2038479457474982,-1,Goalkeeper,0.0,0.0,0.0
Robin Roefs,NED,GK,0.0,0.0,0,0,0,0,0,0,0,0.0,0.0,0,0,0,0,0,0,0,0,0,0,0,0,0,0,0,0,0,0,0,0,0,0.0,0.0,0.0,0,0,0,0,0,0,0,0,0,0,0.0,0,0,0.0,-1.3243189297858935,-2.4642577606874845,-1.631956563153904,-3.2142549945655188,-1.2038479457474982,-1,Goalkeeper,0.0,0.0,0.0
Roderick Miller,PAN,DF,0.0,0.0,0,0,0,0,0,0,0,0.0,0.0,0,0,0,0,0,0,0,0,0,0,0,0,0,0,0,0,0,0,0,0,0,,,,0,0,0,0,0,0,0,0,0,0,0.0,0,0,0.0,-1.3243189297858935,-2.4642577606874845,-1.631956563153904,-3.2142549945655188,,2,Limited Tournament Impact,0.0,0.0,
Rodri,ESP,MF,0.0,708.0,0,0,6,0,2,4,1,0.2,0.0,0,694,648,93,3,0,1,16,94,5,80,0,40,100,34,9,6,0,0,0,1,,,,389,5,115,269,277,112,2,39,232,1459,7.09,1133,278,83802.33,0.8472307282384349,7.963476158183297,5.0952919872274425,13.864159597985568,,5,Elite All-Round Performers,2.5554719392439265,78.6,
Rodrigo Aguirre,URU,FW,0.0,8.0,0,0,0,0,0,0,0,0.0,0.0,0,1,0,0,0,0,0,0,0,0,0,0,0,0,0,0,0,0,0,0,0,,,,2,1,1,0,1,1,0,1,1,2,2.15,12,4,898.68,-1.3243189297858935,-2.460190344284248,-1.631956563153904,-2.886420042752456,,2,Limited Tournament Impact,0.01951210922985952,0.6,
Rodrigo Bentancur,URU,MF,0.0,313.0,0,0,4,0,3,1,3,0.32,0.0,0,174,157,90,3,0,4,2,50,0,0,0,9,82,15,7,5,1,0,0,0,,,,140,23,57,60,111,29,1,24,82,396,6.44,352,145,33644.76,0.7924701040950666,0.7961976747125398,1.6217193683889026,3.5073472499900946,,3,Complete Midfielders,1.0460763346516575,32.2,
Rodrigo De Paul,ARG,MF,0.0,466.0,1,1,2,0,0,2,0,0.06,0.0,1,298,274,92,12,42,2,9,67,1,100,0,7,130,16,2,4,0,0,0,1,,,,284,29,144,111,118,166,3,34,89,590,4.97,430,219,43341.18,0.0482561407545185,4.16168421535471,1.9185210563562505,7.627943489531725,,5,Elite All-Round Performers,1.5513016433549485,47.7,
Rodrigo Zalazar,URU,MF,0.0,0.0,0,0,0,0,0,0,0,0.0,0.0,0,0,0,0,0,0,0,0,0,0,0,0,0,0,0,0,0,0,0,0,0,,,,0,0,0,0,0,0,0,0,0,0,0.0,0,0,0.0,-1.3243189297858935,-2.4642577606874845,-1.631956563153904,-3.2142549945655188,,2,Limited Tournament Impact,0.0,0.0,
Roger Ibanez,BRA,DF,0.0,49.0,0,0,0,0,0,0,0,0.0,0.0,0,22,22,100,0,0,2,1,100,0,0,0,0,10,1,2,1,1,0,0,0,,,,6,4,2,0,3,3,0,2,3,42,1.24,65,30,5075.62,-1.3243189297858935,-0.3870492942540525,-1.2874952808068525,-2.549444976622207,,2,Limited Tournament Impact,0.23451592571090507,7.2,
Romano Schmid,AUT,MF,1.0,283.0,0,1,2,50,0,2,0,0.12,8.48,0,91,65,71,4,50,1,5,40,1,100,0,14,142,18,3,4,0,0,0,0,,,,131,45,71,15,81,50,6,46,76,220,6.71,439,161,31408.46,1.4127716869262816,1.1699634542433688,2.610891298244953,3.9907860394376926,,3,Complete Midfielders,1.2239011292733357,37.6,
Romelu Lukaku,BEL,FW,3.0,279.0,1,3,6,50,6,0,2,0.77,3.91,0,42,32,76,0,0,1,3,67,0,0,0,5,56,1,2,0,1,0,0,1,,,,129,85,41,3,107,22,1,53,43,110,5.47,227,79,23691.79,4.974685674427965,-0.6431555144203969,-0.6382389496124586,2.331032717324112,,1,Dynamic Attackers,0.7938813210681621,24.4,
Ronald Araujo,URU,DF,0.0,0.0,0,0,0,0,0,0,0,0.0,0.0,0,0,0,0,0,0,0,0,0,0,0,0,0,0,0,0,0,0,0,0,0,,,,0,0,0,0,0,0,0,0,0,0,0.0,0,0,0.0,-1.3243189297858935,-2.4642577606874845,-1.631956563153904,-3.2142549945655188,,2,Limited Tournament Impact,0.0,0.0,
Ronwen Williams,RSA,GK,0.0,402.0,0,0,0,0,0,0,0,0.0,0.0,0,237,179,76,0,0,0,7,29,3,67,0,0,0,0,0,0,0,0,0,0,14.0,72.0,59.0,60,0,0,60,42,18,0,0,8,443,3.09,36,7,20708.63,-1.3243189297858935,1.8357181263777729,-1.631956563153904,-0.7148381597132887,2.161908849177937,-1,Goalkeeper,0.48067466990732566,14.8,49.5
Roozbeh Cheshmi,IRN,MF,0.0,0.0,0,0,0,0,0,0,0,0.0,0.0,0,0,0,0,0,0,0,0,0,0,0,0,0,0,0,0,0,0,0,0,0,,,,0,0,0,0,0,0,0,0,0,0,0.0,0,0,0.0,-1.3243189297858935,-2.4642577606874845,-1.631956563153904,-3.2142549945655188,,2,Limited Tournament Impact,0.0,0.0,
Roshon Van Eijma,CUW,DF,0.0,20.0,0,0,0,0,0,0,0,0.0,0.0,0,1,1,100,0,0,0,0,0,0,0,0,1,5,3,0,0,0,0,0,0,,,,0,0,0,0,0,0,0,0,0,2,1.82,18,5,1852.02,-1.3243189297858935,-1.6449990285391731,-1.3294558498408606,-2.953458161776371,,2,Limited Tournament Impact,0.10890129012355068,3.3,
Ross Stewart,SCO,FW,0.0,7.0,0,0,0,0,0,0,0,0.0,0.0,0,0,0,0,0,0,0,0,0,0,0,0,0,5,0,0,0,0,0,0,0,,,,2,1,1,0,1,1,0,0,0,0,3.1,22,7,1157.14,-1.3243189297858935,-2.4642577606874845,-1.5765506717665017,-2.783798918456984,,2,Limited Tournament Impact,0.03068719577749246,0.9,
Ruben Dias,POR,DF,0.0,418.0,0,0,0,0,0,0,0,0.0,0.0,0,249,233,94,0,0,1,6,33,1,100,0,12,27,6,6,3,1,0,0,0,,,,31,0,1,30,19,12,0,1,36,510,5.0,429,110,43585.96,-1.3243189297858935,2.1363716153158028,0.3007514816162817,0.6762958818695453,,0,Balanced Contributors,0.7767511546479636,23.9,
Ruben Neves,POR,MF,0.0,76.0,0,0,2,0,0,2,0,0.03,0.0,0,29,27,93,0,0,0,2,50,0,0,0,3,37,0,0,0,0,0,0,0,,,,33,4,14,15,17,16,0,2,9,63,2.9,123,36,9241.31,-0.6914287933463331,-0.8997380964254126,-1.0350058094409889,-1.5771556235624486,,2,Limited Tournament Impact,0.29960449838976766,9.2,
Ruben Providence,HAI,FW,0.0,237.0,0,1,4,0,4,0,0,0.19,0.0,1,48,42,88,7,29,4,3,67,0,0,0,7,100,9,3,4,0,0,0,0,,,,100,31,61,8,44,56,4,27,47,144,6.09,312,115,24005.38,0.2348816369307422,0.4501276049721137,1.154934468219,2.0900390131264466,,3,Complete Midfielders,0.8696972922329016,26.7,
Ruben Vargas,SUI,FW,2.0,314.0,1,4,6,33,4,2,0,1.31,1.53,11,88,65,74,24,25,7,16,44,0,0,0,14,94,19,6,6,0,0,0,2,,,,93,63,26,4,37,56,7,75,44,237,6.22,373,170,31605.36,5.000083283740768,2.797492901128221,2.484700705811404,3.303392234277233,,1,Dynamic Attackers,1.4282731316049049,43.9,
Rui Silva,POR,GK,0.0,0.0,0,0,0,0,0,0,0,0.0,0.0,0,0,0,0,0,0,0,0,0,0,0,0,0,0,0,0,0,0,0,0,0,0.0,0.0,0.0,0,0,0,0,0,0,0,0,0,0,0.0,0,0,0.0,-1.3243189297858935,-2.4642577606874845,-1.631956563153904,-3.2142549945655188,-1.2038479457474982,-1,Goalkeeper,0.0,0.0,0.0
Rustam Ashurmatov,UZB,DF,0.0,288.0,0,0,0,0,0,0,0,0.0,0.0,0,123,101,82,0,0,0,4,0,1,100,0,17,32,9,1,0,0,0,0,0,,,,21,0,0,21,2,19,0,0,22,243,5.62,288,80,27011.42,-1.3243189297858935,0.4138662572487715,0.3363456755843623,-0.5149240931229528,,0,Balanced Contributors,0.5765976049896945,17.7,
Ryan Christie,SCO,MF,0.0,114.0,0,0,2,0,1,1,0,0.15,0.0,0,35,29,83,1,100,0,1,100,0,0,0,3,52,8,2,1,1,0,0,0,,,,32,0,21,11,16,16,0,15,24,90,7.62,208,53,14260.28,-0.6269862136933546,0.215589857800072,-0.2039873958936999,-0.5318095708021576,,0,Balanced Contributors,0.5321066306973803,16.4,
Ryan Gravenberch,NED,MF,0.0,374.0,2,0,5,0,2,3,0,0.25,0.0,0,126,111,88,5,20,5,3,67,0,0,0,11,54,15,5,3,0,0,0,0,,,,130,29,62,39,89,41,3,32,87,308,5.99,443,129,37432.87,1.1527874472620114,0.9780585007497244,1.0919648842903311,3.627663855856872,,3,Complete Midfielders,1.027955338587525,31.6,
Ryan Mendes,CPV,FW,0.0,366.0,1,0,6,0,3,3,0,0.07,0.0,0,82,70,85,5,0,6,4,50,1,100,0,24,102,14,1,2,0,0,0,2,,,,151,52,84,15,50,101,0,35,51,211,6.2,468,170,37830.2,0.8802277879831369,1.407037111148602,2.200316290970405,3.857044236618671,,3,Complete Midfielders,1.1744926402340354,36.1,
Ryan Thomas,NZL,MF,0.0,103.0,0,0,0,0,0,0,0,0.0,0.0,0,25,18,72,1,0,0,2,0,0,0,0,2,50,7,3,3,0,0,0,0,,,,22,6,12,4,15,7,1,15,22,62,7.4,216,78,13002.61,-1.3243189297858935,-1.467551123266025,-0.0059455752298088,-0.6391729608303182,,0,Balanced Contributors,0.3891709766063635,12.0,
Sabri Ben Hessen,TUN,GK,0.0,0.0,0,0,0,0,0,0,0,0.0,0.0,0,0,0,0,0,0,0,0,0,0,0,0,0,0,0,0,0,0,0,0,0,0.0,0.0,0.0,0,0,0,0,0,0,0,0,0,0,0.0,0,0,0.0,-1.3243189297858935,-2.4642577606874845,-1.631956563153904,-3.2142549945655188,-1.2038479457474982,-1,Goalkeeper,0.0,0.0,0.0
Sadio Mane,SEN,FW,0.0,421.0,1,3,6,0,4,2,0,0.58,0.0,1,129,106,82,22,27,10,14,71,2,100,0,14,129,16,4,10,0,0,0,3,,,,164,85,65,14,84,80,18,86,103,350,6.02,435,204,42224.81,2.0475604413094404,4.566595411871819,3.3759887039993743,6.7689451135080105,,5,Elite All-Round Performers,1.7494737295741214,53.8,
Saed Alrosan,JOR,DF,0.0,22.0,0,0,0,0,0,0,0,0.0,0.0,0,13,12,92,0,0,0,0,0,0,0,0,1,3,1,0,0,0,0,0,0,,,,4,0,1,3,1,3,0,0,2,28,2.24,36,12,2425.08,-1.3243189297858935,-1.61289183483189,-1.4748042749137742,-2.71432171172925,,2,Limited Tournament Impact,0.11101742197646142,3.4,
Saeid Ezatolahi,IRN,MF,0.0,298.0,0,2,6,0,2,4,2,0.49,0.0,0,99,78,79,0,0,1,4,50,0,0,0,22,96,22,7,4,2,0,0,0,,,,60,1,22,37,50,10,0,6,40,227,6.6,406,65,32836.4,1.809418015292655,-0.2346307009555893,2.846054987706449,0.7458743078228087,,1,Dynamic Attackers,0.9623990321885725,29.6,
Salah Zakaria,QAT,GK,0.0,0.0,0,0,0,0,0,0,0,0.0,0.0,0,0,0,0,0,0,0,0,0,0,0,0,0,0,0,0,0,0,0,0,0,0.0,0.0,0.0,0,0,0,0,0,0,0,0,0,0,0.0,0,0,0.0,-1.3243189297858935,-2.4642577606874845,-1.631956563153904,-3.2142549945655188,-1.2038479457474982,-1,Goalkeeper,0.0,0.0,0.0
Saleem Obaid,JOR,DF,0.0,43.0,0,0,0,0,0,0,0,0.0,0.0,0,18,12,67,0,0,0,0,0,0,0,0,2,6,3,1,0,0,0,0,0,,,,2,0,0,2,0,2,0,0,5,36,6.56,43,19,4204.95,-1.3243189297858935,-1.7952579630216492,-1.256058952414668,-2.2232558888208294,,2,Limited Tournament Impact,0.14723719485626424,4.5,
Saleh Alshehri,KSA,FW,0.0,0.0,0,0,0,0,0,0,0,0.0,0.0,0,0,0,0,0,0,0,0,0,0,0,0,0,0,0,0,0,0,0,0,0,,,,0,0,0,0,0,0,0,0,0,0,0.0,0,0,0.0,-1.3243189297858935,-2.4642577606874845,-1.631956563153904,-3.2142549945655188,,2,Limited Tournament Impact,0.0,0.0,
Saleh Hardani,IRN,DF,0.0,107.0,0,0,0,0,0,0,0,0.0,0.0,0,29,21,72,1,0,0,0,0,0,0,0,5,46,6,0,2,0,0,0,0,,,,17,3,4,10,1,16,0,3,12,70,3.78,105,37,10101.64,-1.3243189297858935,-1.6122012554400733,-0.0969726304658418,-1.7681172562187972,,2,Limited Tournament Impact,0.3028134954905974,9.3,
Salem Aldawsari,KSA,FW,0.0,276.0,0,1,3,0,1,2,0,0.08,0.0,0,81,58,72,2,0,7,4,75,1,100,0,15,120,15,3,4,1,0,0,1,,,,104,61,33,10,50,54,3,50,64,193,6.36,400,160,29452.07,-0.1310346583150359,1.366579595952648,2.244641992512164,3.0387127231801245,,3,Complete Midfielders,1.091010254420376,33.5,
Salih Ozcan,TUR,MF,0.0,120.0,0,0,0,0,0,0,0,0.0,0.0,0,61,52,85,1,0,0,3,33,2,100,0,5,33,12,2,2,0,0,0,0,,,,27,1,6,20,23,4,0,1,30,133,4.65,168,60,13200.62,-1.3243189297858935,0.4114857745968686,0.1285302574807694,-1.0640572693519208,,0,Balanced Contributors,0.5236951833608442,16.1,
Saman Ghoddos,IRN,MF,0.0,228.0,0,0,4,0,2,2,0,0.16,0.0,0,64,45,70,1,100,3,6,50,2,100,0,9,102,18,3,0,0,0,0,1,,,,41,7,15,19,30,11,1,20,38,162,6.9,338,99,26206.79,-0.0386115166978382,1.749885765055846,1.1678397101490916,0.4961713005255043,,3,Complete Midfielders,0.8687503792746545,26.7,
Samed Bazdar,BIH,FW,0.0,35.0,0,0,0,0,0,0,0,0.0,0.0,0,5,2,40,0,0,1,3,0,0,0,0,2,6,2,1,1,0,0,0,0,,,,3,1,2,0,2,1,0,8,8,17,1.57,28,13,3649.89,-1.3243189297858935,-1.753211157251653,-1.1455955213603743,-2.6535797121834626,,2,Limited Tournament Impact,0.13623996192869353,4.2,
Samet Akaydin,TUR,DF,0.0,0.0,0,0,0,0,0,0,0,0.0,0.0,0,0,0,0,0,0,0,0,0,0,0,0,0,0,0,0,0,0,0,0,0,,,,0,0,0,0,0,0,0,0,0,0,0.0,0,0,0.0,-1.3243189297858935,-2.4642577606874845,-1.631956563153904,-3.2142549945655188,,2,Limited Tournament Impact,0.0,0.0,
Samir Chergui,ALG,DF,0.0,25.0,0,0,0,0,0,0,0,0.0,0.0,0,24,23,96,0,0,0,0,0,0,0,0,0,4,0,0,0,0,0,0,0,,,,13,1,2,10,2,11,0,3,2,47,1.52,20,6,2625.06,-1.3243189297858935,-1.487554516628992,-1.587631850043982,-2.585980218213644,,2,Limited Tournament Impact,0.11711280974355112,3.6,
Samir El Mourabet,MAR,MF,0.0,121.0,0,0,0,0,0,0,0,0.0,0.0,1,110,100,91,1,0,1,4,50,1,100,0,6,33,5,0,1,0,0,0,0,,,,50,10,21,19,34,16,0,13,35,231,6.31,216,85,14604.02,-1.261933476999467,0.9847319381697328,-0.4123617284966233,0.1024336115491101,,0,Balanced Contributors,0.5853158351805083,18.0,
Samu Costa,POR,DF,0.0,26.0,0,0,0,0,0,0,0,0.0,0.0,0,11,11,100,0,0,0,0,0,0,0,0,2,10,1,0,0,0,0,0,0,,,,3,0,2,1,3,0,0,1,1,23,1.32,33,7,2859.94,-1.3243189297858935,-1.560540115293766,-1.3349203078226983,-2.849880773230508,,2,Limited Tournament Impact,0.12099210667413193,3.7,
Samuel Moutoussamy,COD,MF,0.0,360.0,0,0,3,0,0,3,0,0.13,0.0,0,147,122,83,1,100,0,6,17,4,100,0,39,114,31,8,1,1,0,0,0,,,,146,8,79,59,109,37,1,14,62,320,7.17,613,169,42992.72,-0.3088306421033606,2.3852904916407502,4.143051334620178,3.964024674037487,,3,Complete Midfielders,1.4057754309367925,43.2,
Samukele Kabini,RSA,DF,0.0,0.0,0,0,0,0,0,0,0,0.0,0.0,0,0,0,0,0,0,0,0,0,0,0,0,0,0,0,0,0,0,0,0,0,,,,0,0,0,0,0,0,0,0,0,0,0.0,0,0,0.0,-1.3243189297858935,-2.4642577606874845,-1.631956563153904,-3.2142549945655188,,2,Limited Tournament Impact,0.0,0.0,
Sander Berge,NOR,MF,0.0,554.0,0,0,0,0,0,0,0,0.0,0.0,0,425,412,97,2,0,1,4,75,2,100,0,9,101,17,6,2,0,0,0,0,,,,167,2,48,117,122,45,1,27,116,891,5.69,770,192,63083.25,-1.3243189297858935,4.143711346440818,1.4392784282391748,6.153982075246098,,3,Complete Midfielders,1.3662194161900287,42.0,
Sander Tangvik,NOR,GK,0.0,0.0,0,0,0,0,0,0,0,0.0,0.0,0,0,0,0,0,0,0,0,0,0,0,0,0,0,0,0,0,0,0,0,0,0.0,0.0,0.0,0,0,0,0,0,0,0,0,0,0,0.0,0,0,0.0,-1.3243189297858935,-2.4642577606874845,-1.631956563153904,-3.2142549945655188,-1.2038479457474982,-1,Goalkeeper,0.0,0.0,0.0
Santiago Arias,COL,DF,0.0,89.0,0,0,0,0,0,0,0,0.0,0.0,0,43,37,86,5,80,0,1,100,0,0,0,5,12,1,1,0,0,0,0,0,,,,28,17,7,4,5,23,4,9,16,95,1.21,80,50,9047.2,-1.3243189297858935,0.3826196990068506,-1.1258107938216018,-1.3385531875250425,,0,Balanced Contributors,0.38125891004912166,11.7,
Santiago Bueno,URU,DF,0.0,0.0,0,0,0,0,0,0,0,0.0,0.0,0,0,0,0,0,0,0,0,0,0,0,0,0,0,0,0,0,0,0,0,0,,,,0,0,0,0,0,0,0,0,0,0,0.0,0,0,0.0,-1.3243189297858935,-2.4642577606874845,-1.631956563153904,-3.2142549945655188,,2,Limited Tournament Impact,0.0,0.0,
Santiago Gimenez,MEX,FW,0.0,117.0,0,1,2,0,2,0,0,0.34,0.0,0,13,7,54,0,0,0,0,0,0,0,0,3,27,3,1,3,0,0,0,0,,,,52,36,16,0,34,18,3,19,19,41,4.86,140,40,11184.38,-0.2624050543101339,-1.9428930889514429,-0.4448690934990545,-0.3921073546250762,,2,Limited Tournament Impact,0.3618975253907463,11.1,
Santiago Mele,URU,GK,0.0,0.0,0,0,0,0,0,0,0,0.0,0.0,0,0,0,0,0,0,0,0,0,0,0,0,0,0,0,0,0,0,0,0,0,0.0,0.0,0.0,0,0,0,0,0,0,0,0,0,0,0.0,0,0,0.0,-1.3243189297858935,-2.4642577606874845,-1.631956563153904,-3.2142549945655188,-1.2038479457474982,-1,Goalkeeper,0.0,0.0,0.0
Sarpreet Singh,NZL,MF,0.0,227.0,0,2,4,0,2,2,0,0.22,0.0,0,76,58,76,7,0,3,6,17,2,100,0,10,104,7,2,2,1,0,0,0,,,,139,39,77,23,65,74,1,54,63,196,7.24,381,118,27406.52,0.4994039175643474,1.1986455450909466,0.9189073396305648,3.4849146316400588,,3,Complete Midfielders,0.9958421778063702,30.6,
Sasa Kalajdzic,AUT,FW,1.0,88.0,0,1,3,33,2,1,2,0.39,2.58,0,24,16,67,1,0,1,2,0,1,0,0,8,40,2,2,2,0,0,0,0,,,,17,9,8,0,13,4,0,28,17,61,4.82,137,62,9643.92,1.6760873214370666,-1.2198467461776767,-0.2228846797204946,-1.201519869538327,,0,Balanced Contributors,0.4632416068817092,14.2,
Saud Abdulhamid,KSA,DF,0.0,300.0,0,0,2,0,0,2,0,0.11,0.0,0,113,88,78,4,25,2,3,67,1,0,0,11,76,18,4,2,1,0,0,0,,,,44,25,12,7,12,32,9,15,50,241,5.93,324,150,29778.02,-0.6291670681480345,0.6395022785795438,1.348473443858562,1.5182983433183286,,3,Complete Midfielders,0.8386462449328435,25.8,
Scott Mckenna,SCO,DF,0.0,102.0,0,0,0,0,0,0,0,0.0,0.0,0,52,49,94,0,0,0,1,0,1,100,0,3,3,3,0,0,0,0,0,0,,,,0,0,0,0,0,0,0,1,4,105,1.87,63,17,9598.73,-1.3243189297858935,-0.2663862962163509,-1.226986768098398,-2.5269833199031773,,2,Limited Tournament Impact,0.2512001626851875,7.7,
Scott Mctominay,SCO,MF,0.0,306.0,0,3,8,0,8,0,3,0.65,0.0,0,96,87,91,0,0,4,1,100,2,100,0,11,103,6,3,0,0,0,0,0,,,,117,37,45,35,71,46,0,32,64,226,7.12,483,135,36353.67,2.86061236934129,1.4458100793017663,0.5644359156162795,3.0472034156883705,,1,Dynamic Attackers,1.0402948318384904,32.0,
Sead Kolasinac,BIH,DF,0.0,373.0,1,0,0,0,0,0,0,0.0,0.0,0,173,141,82,9,11,1,5,20,0,0,0,10,49,17,6,4,0,0,0,0,,,,54,25,13,16,14,40,5,23,93,370,6.09,339,142,38026.39,-0.9160271656025613,0.8258111508646303,1.2694858075854396,2.212675897189142,,3,Complete Midfielders,0.8755332776601019,26.9,
Sebastian Berhalter,USA,MF,1.0,231.0,1,1,3,33,0,3,0,0.1,10.14,12,136,114,84,9,78,1,10,80,3,67,0,9,63,17,5,7,1,0,0,0,,,,114,6,41,67,83,31,0,8,51,307,7.36,443,111,28137.58,2.78731612383745,3.1138584724756297,1.8784759802612656,2.302094383229966,,1,Dynamic Attackers,1.2537165104312504,38.5,
Sebastian Caceres,URU,DF,0.0,313.0,0,0,3,0,2,1,2,0.13,0.0,0,172,154,90,1,0,0,4,50,3,100,0,8,31,13,2,2,0,0,0,0,,,,31,1,0,30,18,13,0,4,20,373,5.81,303,98,30359.66,0.1236081273015519,1.777746238999838,0.3549080926309204,0.0219779340999952,,0,Balanced Contributors,0.7686141691968537,23.6,
Sebastian Tounekti,TUN,MF,0.0,98.0,0,0,0,0,0,0,0,0.0,0.0,0,18,16,89,3,0,1,1,0,0,0,0,1,33,1,1,0,0,0,0,0,,,,62,19,41,2,46,16,1,13,15,46,7.03,146,55,11128.49,-1.3243189297858935,-1.2406883932194368,-1.1423689265893584,-0.1697825659870951,,2,Limited Tournament Impact,0.3218430101405809,9.9,
Seko Fofana,CIV,MF,0.0,103.0,0,1,5,0,0,5,0,0.4,0.0,0,45,38,84,0,0,0,2,0,0,0,0,3,28,1,1,0,1,0,0,0,,,,24,4,16,4,18,6,1,6,29,106,3.37,168,54,11627.71,0.7565042401128262,-1.259703966689406,-1.0731433796793373,-1.1827024833621886,,2,Limited Tournament Impact,0.3436399954098686,10.6,
Senne Lammens,BEL,GK,0.0,26.0,0,0,0,0,0,0,0,0.0,0.0,0,13,6,46,0,0,0,1,0,0,0,0,0,0,0,0,0,0,0,0,0,2.0,7.0,5.0,1,0,0,1,1,0,0,0,0,23,0.61,4,1,1607.37,-1.3243189297858935,-1.9251089798631944,-1.631956563153904,-3.070295487172129,-0.8330390011353781,-1,Goalkeeper,0.050348403515032114,1.5,5.5
Seol Youngwoo,KOR,DF,0.0,274.0,0,0,2,0,1,1,0,0.03,0.0,0,123,113,92,11,27,0,6,83,0,0,0,6,41,6,1,2,0,0,0,4,,,,86,42,38,6,42,44,9,40,58,258,6.66,309,155,30578.14,-0.7203788014908025,1.3191069602439407,-0.0900628027045325,2.8739687638243376,,0,Balanced Contributors,0.8251995130447678,25.4,
Sergino Dest,USA,DF,0.0,335.0,0,1,3,0,1,2,0,0.21,0.0,0,102,89,87,7,29,9,14,64,0,0,0,14,97,9,2,4,0,0,0,0,,,,140,70,48,22,63,77,4,54,53,248,6.75,464,210,36917.8,-0.0298593548678007,2.283460938705228,1.557900967427542,4.36229480759576,,3,Complete Midfielders,1.1755267497513315,36.1,
Sergio Rochet,URU,GK,0.0,51.0,0,0,0,0,0,0,0,0.0,0.0,0,19,10,53,0,0,0,3,67,0,0,0,0,0,0,0,0,0,0,0,0,0.0,7.0,5.0,5,0,0,5,3,2,0,0,0,38,1.2,6,3,3079.43,-1.3243189297858935,-1.1160640947741665,-1.631956563153904,-2.8791906789775057,-1.0104877064354028,-1,Goalkeeper,0.12444187943737497,3.8,2.8
Shahriyar Moghanloo,IRN,FW,0.0,108.0,0,0,3,0,2,1,1,0.51,0.0,0,25,15,60,2,0,0,2,50,1,0,0,6,52,4,1,1,0,0,0,1,,,,19,13,6,0,15,4,4,22,17,66,7.1,168,47,12254.16,0.1741819291465447,-0.914856492985545,-0.2634123754834696,-0.6838593972015794,,0,Balanced Contributors,0.4585906330986804,14.1,
Sherel Floranus,CUW,DF,0.0,300.0,0,0,2,0,1,1,0,0.17,0.0,0,112,95,85,0,0,1,3,33,1,100,0,16,95,25,2,0,0,0,0,1,,,,33,10,11,12,14,19,0,8,42,232,5.97,320,116,29893.73,-0.61142078239378,0.6408500394319241,1.9576327360605457,0.2948832311368246,,3,Complete Midfielders,0.8280391513499237,25.5,
Sherzod Esanov,UZB,MF,0.0,3.0,0,0,0,0,0,0,0,0.0,0.0,0,1,1,100,0,0,0,0,0,0,0,0,0,2,0,0,0,0,0,0,0,,,,0,0,0,0,0,0,0,0,0,2,3.6,15,6,657.16,-1.3243189297858935,-1.6449990285391731,-1.6097942065989432,-2.798809006095511,,2,Limited Tournament Impact,0.09021656024311123,2.8,
Sherzod Nasrullaev,UZB,DF,0.0,206.0,0,1,1,0,1,0,0,0.08,0.0,0,48,35,73,3,0,1,5,0,0,0,0,5,42,9,3,2,1,0,0,0,,,,29,9,15,5,5,24,1,16,20,118,6.23,232,95,21551.92,-0.7405766478052342,-0.8170944870475485,0.0434817592011651,-0.2738183594618741,,0,Balanced Contributors,0.4872743686635731,15.0,
Shogo Taniguchi,JPN,DF,0.0,267.0,0,0,0,0,0,0,0,0.0,0.0,0,127,122,96,1,0,0,1,0,0,0,0,3,11,4,2,1,1,0,0,0,,,,28,1,2,25,17,11,1,0,20,245,4.15,189,56,24756.98,-1.3243189297858935,-0.4897457877980152,-0.9046878423063072,-0.7707963010005144,,0,Balanced Contributors,0.3685566955233255,11.3,
Shoja Khalilzadeh,IRN,DF,0.0,309.0,0,0,2,0,2,0,2,0.18,0.0,0,141,118,84,0,0,0,1,0,2,100,0,8,26,12,4,0,1,0,0,1,,,,32,0,1,31,22,10,0,3,17,297,5.59,255,78,28814.55,-0.1422492891946105,0.5211720331135257,-0.1062037636419989,-0.3015390860670786,,0,Balanced Contributors,0.5966676830018114,18.3,
Shurandy Sambo,CUW,DF,0.0,6.0,0,0,0,0,0,0,0,0.0,0.0,0,3,3,100,0,0,0,0,0,0,0,0,0,0,0,0,0,0,0,0,0,,,,2,0,1,1,1,1,0,0,0,7,2.18,9,4,726.32,-1.3243189297858935,-1.6281072458900914,-1.631956563153904,-2.9077835603448223,,2,Limited Tournament Impact,0.08295606507070644,2.6,
Shuto Machino,JPN,FW,0.0,23.0,0,0,0,0,0,0,0,0.0,0.0,0,4,3,75,1,0,1,0,0,1,100,0,1,4,1,1,0,0,0,0,0,,,,7,2,5,0,2,5,0,3,2,10,1.59,27,8,2487.67,-1.3243189297858935,-0.7492013687494483,-1.4637230966362935,-2.723463713198257,,2,Limited Tournament Impact,0.17873097977705898,5.5,
Sidny Lopes Cabral,CPV,DF,1.0,324.0,0,2,4,25,0,4,0,0.11,8.93,8,105,87,83,11,9,3,3,33,0,0,0,22,77,9,2,9,2,0,0,0,,,,83,18,48,17,12,71,2,16,54,234,5.79,257,117,30954.32,2.4927031428988053,0.5448952645389966,2.6950854816339773,1.6674360201268263,,1,Dynamic Attackers,1.0868988977862517,33.4,
Silvan Widmer,SUI,DF,0.0,210.0,0,0,0,0,0,0,0,0.0,0.0,0,73,57,78,4,25,0,5,40,1,100,0,11,59,13,2,0,0,0,0,0,,,,56,20,21,15,14,42,5,9,29,159,5.55,290,97,22662.91,-1.3243189297858935,0.8240163097181059,0.5080153112199707,0.6858872098687653,,0,Balanced Contributors,0.6957856185177022,21.4,
Simon Adingra,CIV,FW,0.0,22.0,0,0,0,0,0,0,0,0.0,0.0,1,10,9,90,1,100,0,0,0,0,0,0,0,11,1,0,0,0,0,0,0,,,,25,11,8,6,5,20,0,5,4,23,1.82,35,14,2769.08,-1.261933476999467,-0.8044049654766866,-1.448470567842642,-2.2081648415870463,,2,Limited Tournament Impact,0.20839129587331895,6.4,
Simon Banza,COD,FW,0.0,49.0,0,0,0,0,0,0,0,0.0,0.0,0,6,4,67,0,0,0,0,0,1,0,0,3,25,3,1,0,0,0,0,0,,,,24,17,7,0,20,4,1,4,7,14,3.47,70,23,5130.52,-1.3243189297858935,-1.674569975276711,-0.9832008459938262,-1.876246241505189,,2,Limited Tournament Impact,0.20393914115955047,6.3,
Sipho Chaine,RSA,GK,0.0,0.0,0,0,0,0,0,0,0,0.0,0.0,0,0,0,0,0,0,0,0,0,0,0,0,0,0,0,0,0,0,0,0,0,0.0,0.0,0.0,0,0,0,0,0,0,0,0,0,0,0.0,0,0,0.0,-1.3243189297858935,-2.4642577606874845,-1.631956563153904,-3.2142549945655188,-1.2038479457474982,-1,Goalkeeper,0.0,0.0,0.0
Sofyan Amrabat,MAR,MF,0.0,175.0,0,0,0,0,0,0,0,0.0,0.0,0,106,98,92,0,0,0,3,67,2,100,0,10,49,16,4,2,0,0,0,0,,,,62,2,10,50,50,12,0,3,20,217,3.24,263,81,18860.83,-1.3243189297858935,1.0664775759667902,0.8637798426999228,-0.1652532376656365,,0,Balanced Contributors,0.7000034168520317,21.5,
Son Heungmin,KOR,FW,0.0,183.0,0,1,7,0,4,3,0,0.81,0.0,3,58,49,84,3,33,4,2,50,0,0,0,9,54,0,0,4,0,0,0,2,,,,97,51,34,12,70,27,6,35,50,142,6.14,169,96,18757.38,1.7564938970257074,0.0641052644664686,0.2154943974215324,1.8665639541958408,,0,Balanced Contributors,0.7890212951164862,24.3,
Sondre Langas,NOR,DF,0.0,29.0,0,0,0,0,0,0,0,0.0,0.0,0,10,9,90,0,0,0,0,0,1,100,0,1,1,1,0,0,0,0,0,0,,,,4,0,0,4,1,3,0,0,1,20,0.99,26,11,2880.7,-1.3243189297858935,-0.7318169069128566,-1.496966631468735,-2.8688924481495324,,2,Limited Tournament Impact,0.1682777708373055,5.2,
Song Bumkeun,KOR,GK,0.0,0.0,0,0,0,0,0,0,0,0.0,0.0,0,0,0,0,0,0,0,0,0,0,0,0,0,0,0,0,0,0,0,0,0,0.0,0.0,0.0,0,0,0,0,0,0,0,0,0,0,0.0,0,0,0.0,-1.3243189297858935,-2.4642577606874845,-1.631956563153904,-3.2142549945655188,-1.2038479457474982,-1,Goalkeeper,0.0,0.0,0.0
Sontje Hansen,CUW,FW,0.0,50.0,0,1,1,0,0,1,0,0.03,0.0,0,6,5,83,0,0,0,0,0,0,0,0,2,31,1,0,0,0,0,0,0,,,,21,15,6,0,13,8,1,7,7,20,1.96,59,26,4910.75,-0.7505402179097014,-1.7449862297778147,-1.1022155639956075,-2.044966637382607,,2,Limited Tournament Impact,0.1976921083516131,6.1,
Soufiane Rahimi,MAR,FW,2.0,215.0,1,4,6,33,5,1,2,1.59,1.26,0,37,27,73,5,40,2,5,40,0,0,0,5,73,11,5,6,0,0,0,2,,,,100,69,26,5,78,22,11,32,33,112,7.27,317,137,25328.44,4.971274935689621,-0.0467261271326286,1.198410215574095,2.6979527366757097,,1,Dynamic Attackers,1.0433539318552096,32.1,
Sphephelo Sithole,RSA,MF,0.0,252.0,0,0,0,0,0,0,0,0.0,0.0,0,129,109,84,0,0,0,1,0,5,80,0,7,72,13,5,1,0,1,0,0,,,,115,3,48,64,85,30,0,11,47,288,6.6,463,119,28152.2,-1.3243189297858935,0.902910298894598,0.5748642175456401,2.286912230909857,,0,Balanced Contributors,0.8022800101358118,24.7,
Stefan Posch,AUT,DF,0.0,370.0,0,0,3,0,3,0,1,0.4,0.0,0,132,98,74,2,0,0,11,36,0,0,0,10,103,29,7,3,2,0,0,0,,,,96,30,47,19,13,83,4,26,88,274,6.43,479,164,39797.88,0.0596220488544147,0.4639423075399376,2.434929380363834,3.315522538512387,,3,Complete Midfielders,1.062806510839855,32.7,
Stepan Chaloupek,CZE,DF,0.0,99.0,0,0,0,0,0,0,0,0.0,0.0,0,22,15,68,0,0,0,1,0,1,100,0,1,22,15,1,0,0,0,0,0,,,,4,0,0,4,0,4,0,1,9,54,2.18,141,46,10873.66,-1.3243189297858935,-0.7480882742519679,-0.4019594080159754,-2.1702818411755507,,2,Limited Tournament Impact,0.31627160110494934,9.7,
Stephen Eustaquio,CAN,MF,1.0,444.0,0,1,4,25,0,4,0,0.1,10.34,44,281,244,87,42,38,2,15,60,3,100,0,16,91,15,2,6,0,0,0,0,,,,212,22,76,114,133,79,1,31,127,618,7.14,897,210,52496.91,4.599363780463359,6.515205059034025,2.3297164722404813,7.198848293795042,,5,Elite All-Round Performers,1.9154985300410865,58.9,
Steve Kapuadi,COD,DF,0.0,201.0,0,0,1,0,1,0,1,0.08,0.0,0,55,46,84,0,0,0,0,0,1,0,0,6,18,6,2,0,0,0,0,0,,,,22,3,1,18,7,15,0,2,11,114,2.9,211,60,19496.83,-0.7410668251400393,-1.1535324418833033,-0.689042833713125,-1.3213533343752049,,2,Limited Tournament Impact,0.32727694364583837,10.1,
Steven Moreira,CPV,DF,0.0,346.0,0,0,2,0,1,1,0,0.06,0.0,0,109,88,81,4,75,3,3,0,0,0,0,9,77,7,0,2,0,0,0,0,,,,56,10,35,11,14,42,0,11,39,226,6.63,313,113,33908.12,-0.6970306545414405,0.3990987447485753,0.5573998069898786,0.918413695909958,,0,Balanced Contributors,0.7040813007852467,21.6,
Stjepan Radeljic,BIH,DF,0.0,211.0,0,0,1,0,1,0,0,0.01,0.0,0,153,137,90,0,0,0,2,100,2,50,0,1,9,4,1,3,1,0,0,0,,,,7,0,0,7,3,4,0,1,21,318,2.86,186,63,20111.1,-1.040715227535476,1.2302656001565326,-0.7073687065321517,-1.3235445992920165,,0,Balanced Contributors,0.4997704521312065,15.4,
Stopira,CPV,DF,0.0,0.0,0,0,0,0,0,0,0,0.0,0.0,0,0,0,0,0,0,0,0,0,0,0,0,0,0,0,0,0,0,0,0,0,,,,0,0,0,0,0,0,0,0,0,0,0.0,0,0,0.0,-1.3243189297858935,-2.4642577606874845,-1.631956563153904,-3.2142549945655188,,2,Limited Tournament Impact,0.0,0.0,
Sultan Albrake,QAT,DF,0.0,167.0,0,0,0,0,0,0,0,0.0,0.0,0,42,33,79,3,33,0,3,0,1,100,0,2,50,4,2,0,0,0,0,0,,,,38,14,10,14,10,28,4,8,11,89,4.19,215,70,17683.33,-1.3243189297858935,0.1116738243565466,-0.7068940739465485,-0.4847562853501111,,0,Balanced Contributors,0.45163802870019554,13.9,
Sultan Mandash,KSA,FW,0.0,71.0,0,0,0,0,0,0,0,0.0,0.0,0,9,7,78,0,0,0,0,0,0,0,0,15,22,5,1,2,0,0,0,0,,,,22,11,6,5,8,14,1,4,14,29,2.38,107,50,8464.47,-1.3243189297858935,-1.7645676727666848,0.1986432481027682,-1.7103596434145063,,2,Limited Tournament Impact,0.32360054814013645,9.9,
Taha Ali,SWE,FW,0.0,46.0,0,0,0,0,0,0,0,0.0,0.0,0,16,15,94,1,0,4,2,100,0,0,0,4,15,0,0,2,0,0,0,0,,,,19,2,11,6,1,18,1,9,10,40,3.13,61,26,4821.78,-1.3243189297858935,-0.152266862641185,-0.8723630817703083,-1.8979313835256928,,0,Balanced Contributors,0.33199679534170623,10.2,
Tahith Chong,CUW,MF,0.0,267.0,0,2,4,0,2,2,0,0.2,0.0,0,61,51,84,0,0,9,11,64,0,0,0,5,113,9,3,13,0,0,0,0,,,,116,31,78,7,73,43,4,38,78,169,6.14,293,107,27318.08,0.4838384862647727,1.0267450735142103,2.7228665353482544,2.8214839075236204,,3,Complete Midfielders,1.121569063199501,34.5,
Tahsin Mohammed,QAT,FW,0.0,0.0,0,0,0,0,0,0,0,0.0,0.0,0,0,0,0,0,0,0,0,0,0,0,0,0,0,0,0,0,0,0,0,0,,,,0,0,0,0,0,0,0,0,0,0,0.0,0,0,0.0,-1.3243189297858935,-2.4642577606874845,-1.631956563153904,-3.2142549945655188,,2,Limited Tournament Impact,0.0,0.0,
Tajon Buchanan,CAN,FW,0.0,401.0,0,3,6,0,3,3,0,0.68,0.0,1,95,76,80,17,18,6,9,56,1,100,0,29,136,32,5,8,0,0,0,2,,,,95,55,34,6,25,70,14,73,97,262,6.58,537,213,43975.29,1.7460458417684503,2.771729536232079,5.0296683566894975,5.01393482638388,,5,Elite All-Round Performers,1.6598204528549132,51.0,
Takefusa Kubo,JPN,MF,0.0,77.0,1,0,1,0,0,1,0,0.01,0.0,0,16,12,75,0,0,0,2,50,0,0,0,0,49,3,1,1,0,0,0,0,,,,20,7,9,4,15,5,1,4,10,36,1.57,85,32,7808.85,-0.6034734552076747,-1.1642379448353282,-0.732143259467159,-1.999127618940428,,2,Limited Tournament Impact,0.2875016699555436,8.8,
Takehiro Tomiyasu,JPN,DF,0.0,208.0,0,0,1,0,1,0,0,0.2,0.0,0,127,109,86,1,0,1,6,33,2,0,0,4,24,11,5,2,0,0,0,0,,,,37,0,7,30,8,29,1,0,10,258,4.81,202,53,21029.22,-0.892843630189517,0.5771398166256672,-0.0951091004242436,-0.6272572187608713,,0,Balanced Contributors,0.5557258505647085,17.1,
Tani Oluwaseyi,CAN,FW,0.0,288.0,0,4,8,0,8,0,2,0.99,0.0,0,41,27,66,4,0,4,4,50,1,100,0,11,104,20,5,5,0,0,0,1,,,,132,94,36,2,107,25,6,49,55,131,6.11,350,172,29357.02,3.1257148787688647,0.6464867635879208,2.29810190008578,3.592137078240764,,1,Dynamic Attackers,1.1912529783969048,36.6,
Tarek Alaa,EGY,DF,0.0,0.0,0,0,0,0,0,0,0,0.0,0.0,0,0,0,0,0,0,0,0,0,0,0,0,0,0,0,0,0,0,0,0,0,,,,0,0,0,0,0,0,0,0,0,0,0.0,0,0,0.0,-1.3243189297858935,-2.4642577606874845,-1.631956563153904,-3.2142549945655188,,2,Limited Tournament Impact,0.0,0.0,
Tarik Muharemovic,BIH,DF,0.0,292.0,0,0,1,0,1,0,1,0.12,0.0,0,153,132,86,0,0,1,3,67,3,100,0,10,25,11,5,2,0,1,0,0,,,,11,0,1,10,5,6,0,2,23,324,5.92,279,78,28776.65,-0.70993596254089,1.6589349091692065,0.2898663927455084,-0.5575658083897872,,0,Balanced Contributors,0.6886678762739975,21.2,
Teboho Mokoena,RSA,MF,1.0,301.0,0,2,4,25,1,3,0,0.84,1.19,0,196,176,90,3,0,1,6,50,4,100,0,13,95,22,3,6,2,0,0,0,,,,144,13,50,81,89,55,1,12,87,428,6.15,423,121,30982.52,1.9057765047728,2.5635517104985905,2.6182452677171018,3.470680229535554,,3,Complete Midfielders,1.3204708160035807,40.6,
Telmo Arcanjo,CPV,MF,0.0,69.0,0,0,0,0,0,0,0,0.0,0.0,1,14,12,86,1,100,2,0,0,1,100,0,6,27,1,0,1,0,0,0,0,,,,12,3,4,5,7,5,0,5,12,31,3.03,58,27,6515.91,-1.261933476999467,0.3082856728186934,-0.7252209351974118,-2.1545706265600773,,0,Balanced Contributors,0.3696084729929411,11.4,
Tete Yengi,AUS,FW,0.0,33.0,0,1,1,0,1,0,0,0.1,0.0,0,5,3,60,1,0,0,2,0,0,0,0,1,17,2,3,0,0,0,0,0,,,,11,6,5,0,6,5,2,8,8,17,3.74,59,20,4138.21,-0.7250112165056596,-1.7118741160491715,-1.2580747447700706,-2.038237487605913,,2,Limited Tournament Impact,0.18616724295050208,5.7,
Teun Koopmeiners,NED,MF,0.0,145.0,0,0,2,0,2,0,1,0.11,0.0,3,63,54,86,4,50,0,2,50,2,100,0,8,44,9,3,0,0,0,0,0,,,,44,8,13,23,29,15,0,4,7,127,7.14,228,57,16774.64,-0.2547413332307676,1.0564787658838388,-0.0915216574242784,-0.4933869834106182,,0,Balanced Contributors,0.6244131488213037,19.2,
Thabang Matuludi,RSA,DF,0.0,0.0,0,0,0,0,0,0,0,0.0,0.0,0,0,0,0,0,0,0,0,0,0,0,0,0,0,0,0,0,0,0,0,0,,,,0,0,0,0,0,0,0,0,0,0,0.0,0,0,0.0,-1.3243189297858935,-2.4642577606874845,-1.631956563153904,-3.2142549945655188,,2,Limited Tournament Impact,0.0,0.0,
Thalente Mbatha,RSA,MF,0.0,293.0,0,1,4,0,0,4,0,0.11,0.0,0,97,82,85,4,0,0,4,50,1,100,0,12,99,14,4,0,1,0,0,0,,,,86,15,38,33,65,21,1,12,38,222,6.41,446,145,31917.63,0.2260344915238945,0.8829542369127306,1.07517119572688,1.798931105842868,,3,Complete Midfielders,0.8780896779989095,27.0,
Thapelo Maseko,RSA,FW,1.0,255.0,0,1,8,13,4,4,0,0.47,2.13,1,49,37,76,2,0,8,5,40,0,0,0,9,97,23,4,10,0,0,0,0,,,,84,43,37,4,42,42,3,40,49,152,4.77,299,159,27093.85,2.497474313460029,0.1576859444989428,3.1409636431892727,1.9533968021436727,,1,Dynamic Attackers,1.1178312540058393,34.4,
Thelo Aasgaard,NOR,MF,1.0,100.0,0,1,2,50,1,1,0,0.18,5.48,0,43,38,88,0,0,0,1,100,1,100,0,3,19,3,0,3,0,0,0,0,,,,59,9,31,19,44,15,0,14,34,99,1.11,127,39,11184.96,1.187482604415188,0.4006641639227201,-0.5335185197188989,-0.7742374314191033,,0,Balanced Contributors,0.5657345364174468,17.4,
Themba Zwane,RSA,MF,0.0,19.0,0,0,0,0,0,0,0,0.0,0.0,0,7,5,71,0,0,0,0,0,0,0,0,2,12,0,1,0,0,1,0,0,,,,6,0,5,1,5,1,0,0,5,14,5.29,35,10,2021.04,-1.3243189297858935,-1.8382163542734304,-1.374350985526714,-2.381692348642665,,2,Limited Tournament Impact,0.12291495517727524,3.8,
Theo Bongonda,COD,MF,0.0,47.0,0,0,1,0,1,0,0,0.04,0.0,1,13,9,69,2,0,0,2,0,0,0,0,1,19,2,0,1,0,0,0,0,,,,8,5,2,1,6,2,0,6,11,40,3.44,55,24,5477.05,-0.9549816277996876,-1.521722568808267,-1.0638559229018394,-2.21410762045092,,2,Limited Tournament Impact,0.20150190830971346,6.2,
Theo Hernandez,FRA,DF,0.0,247.0,0,0,3,0,1,2,0,0.12,0.0,0,123,117,95,4,25,1,2,50,1,100,0,25,48,10,2,4,0,0,0,0,,,,56,24,21,11,25,31,3,12,30,271,3.63,248,108,25066.23,-0.3455633658976173,1.3434424959282276,1.7619891767258034,0.5479882190948375,,3,Complete Midfielders,0.8878033247164404,27.3,
Thiago Almada,ARG,FW,0.0,267.0,0,2,5,0,2,3,0,0.25,0.0,0,170,154,91,1,0,3,2,50,2,100,0,26,70,11,2,2,1,0,0,2,,,,170,41,85,44,122,48,1,52,89,368,5.86,362,137,31810.05,0.8275230592588084,1.6887733323599954,1.785570921611523,4.438402917866663,,3,Complete Midfielders,1.1874802550940906,36.5,
Thibaut Courtois,BEL,GK,0.0,625.0,0,0,0,0,0,0,0,0.0,0.0,0,198,144,73,0,0,0,5,0,0,0,0,0,0,0,0,0,0,0,0,0,17.0,110.0,90.0,38,0,0,38,29,9,0,0,3,372,2.88,55,13,29790.48,-1.3243189297858935,-0.0013774940002198,-1.631956563153904,-1.0858380295989551,3.5464070119280318,-1,Goalkeeper,0.31611627654490293,9.7,69.9
Thomas Meunier,BEL,DF,0.0,226.0,1,1,2,0,1,1,0,0.11,0.0,0,116,98,84,8,38,1,8,38,2,50,0,17,48,9,9,0,0,0,0,0,,,,84,38,22,24,29,55,5,23,34,243,3.58,363,157,27147.57,-0.0041657419274408,1.7505625349228002,0.5136445280240509,1.836219934380218,,3,Complete Midfielders,0.8837874222612162,27.2,
Thomas Partey,GHA,MF,0.0,307.0,0,0,2,0,0,2,0,0.09,0.0,0,152,134,88,0,0,1,4,50,0,0,0,5,52,14,2,5,0,0,0,0,,,,40,0,8,32,33,7,0,8,31,324,4.54,359,77,31028.86,-0.6447324994476091,0.2991101196831185,0.9784281092106628,0.1513104240181643,,0,Balanced Contributors,0.6949555730613941,21.4,
Tijjani Reijnders,NED,MF,0.0,211.0,1,2,4,0,3,1,0,0.48,0.0,10,67,53,79,15,40,0,4,50,0,0,0,7,34,5,0,3,0,0,0,1,,,,165,51,68,46,118,47,3,26,35,166,4.97,286,95,23300.38,1.704950808361947,0.6213976976156821,0.0051480995561094,2.9352152094527098,,1,Dynamic Attackers,0.8722341229990973,26.8,
Tim Payne,NZL,DF,0.0,241.0,1,0,1,0,0,1,0,0.02,0.0,3,87,72,83,9,11,1,3,0,0,0,0,5,57,9,2,2,0,0,0,0,,,,31,10,12,9,5,26,2,11,41,191,6.23,309,105,25040.85,-0.4085343811986074,-0.1521423639967656,0.209699433363373,0.271718313569567,,0,Balanced Contributors,0.5994505924665352,18.4,
Tim Ream,USA,DF,0.0,419.0,0,0,0,0,0,0,0,0.0,0.0,0,298,281,94,0,0,2,6,33,5,100,0,3,16,6,0,2,0,0,0,0,,,,19,0,1,18,6,13,0,1,38,622,4.36,432,109,38063.62,-1.3243189297858935,3.460485552535008,-0.5540394170876816,0.4529053507677339,,0,Balanced Contributors,0.7820383145035066,24.0,
Timothy Castagne,BEL,DF,0.0,546.0,1,1,3,0,2,1,1,0.14,0.0,0,263,230,87,20,35,1,8,75,2,50,0,24,127,24,7,2,1,0,0,0,,,,162,67,37,58,43,119,8,30,84,575,7.29,844,335,65175.17,0.5401727844694766,3.9235977779822697,3.093276090497182,7.1449179736403865,,5,Elite All-Round Performers,1.6386557829996107,50.4,
Timothy Fayulu,COD,GK,0.0,0.0,0,0,0,0,0,0,0,0.0,0.0,0,0,0,0,0,0,0,0,0,0,0,0,0,0,0,0,0,0,0,0,0,0.0,0.0,0.0,0,0,0,0,0,0,0,0,0,0,0.0,0,0,0.0,-1.3243189297858935,-2.4642577606874845,-1.631956563153904,-3.2142549945655188,-1.2038479457474982,-1,Goalkeeper,0.0,0.0,0.0
Timothy Weah,USA,FW,0.0,90.0,0,0,2,0,1,1,0,0.05,0.0,0,34,30,88,2,0,0,2,50,0,0,0,5,34,4,2,0,0,0,0,2,,,,26,11,12,3,10,16,3,18,24,80,2.9,167,75,10834.46,-0.7048133701912278,-0.7900698100604102,-0.6972457689401013,-0.8808685782083843,,0,Balanced Contributors,0.38183605568654877,11.7,
Tomas Araujo,POR,DF,0.0,100.0,0,0,0,0,0,0,0,0.0,0.0,0,102,98,96,0,0,0,0,0,2,50,0,1,4,1,1,0,1,0,0,0,,,,11,1,0,10,5,6,0,0,9,215,1.22,113,39,10213.3,-1.3243189297858935,-0.0738088127928476,-1.4637230966362935,-2.0261590077981544,,2,Limited Tournament Impact,0.2720726700188136,8.4,
Tomas Chory,CZE,FW,0.0,43.0,0,0,0,0,0,0,0,0.0,0.0,0,8,7,88,0,0,0,1,0,0,0,0,0,14,1,2,1,0,0,0,0,,,,13,7,6,0,8,5,0,6,4,18,4.49,55,28,4558.03,-1.3243189297858935,-1.600526193812091,-1.2431705676969302,-2.0877144506207714,,2,Limited Tournament Impact,0.17158943038146013,5.3,
Tomas Holes,CZE,DF,0.0,169.0,0,0,0,0,0,0,0,0.0,0.0,0,66,55,83,0,0,1,1,0,3,100,0,8,37,7,2,2,0,0,0,0,,,,12,2,0,10,3,9,0,2,15,146,4.11,203,58,17483.14,-1.3243189297858935,0.2332331397957647,0.0518369567419455,-1.384475733850181,,0,Balanced Contributors,0.48348541380379684,14.9,
Tomas Rodriguez,PAN,FW,0.0,53.0,0,1,1,0,0,1,0,0.06,0.0,0,9,7,78,0,0,0,1,100,0,0,0,3,26,3,3,1,0,0,0,0,,,,16,12,4,0,13,3,1,8,10,21,4.09,75,32,6034.0,-0.7271920709603394,-0.8770708591392598,-0.8000632024030755,-1.8420044866896257,,2,Limited Tournament Impact,0.3078053848849875,9.5,
Tomas Soucek,CZE,MF,0.0,152.0,0,0,1,0,1,0,0,0.12,0.0,0,44,35,80,0,0,0,2,50,0,0,0,4,42,5,3,1,0,0,0,2,,,,27,3,16,8,20,7,0,5,17,99,7.02,264,57,17938.82,-0.9551053553878156,-0.90910472031352,-0.4372625622967224,-0.7059309851247796,,0,Balanced Contributors,0.39944018463372755,12.3,
Tomoki Hayakawa,JPN,GK,0.0,,0,0,0,0,0,0,0,0.0,0.0,0,0,0,0,0,0,0,0,0,0,0,0,0,0,0,0,0,0,0,0,0,0.0,0.0,0.0,0,0,0,0,0,0,0,0,0,0,0.0,0,0,0.0,-1.3243189297858935,-2.4642577606874845,-1.631956563153904,-3.2142549945655188,-1.2038479457474982,-1,Goalkeeper,0.0,0.0,0.0
Toni Fruk,CRO,MF,0.0,0.0,0,0,0,0,0,0,0,0.0,0.0,0,0,0,0,0,0,0,0,0,0,0,0,0,0,0,0,0,0,0,0,0,,,,0,0,0,0,0,0,0,0,0,0,0.0,0,0,0.0,-1.3243189297858935,-2.4642577606874845,-1.631956563153904,-3.2142549945655188,,2,Limited Tournament Impact,0.0,0.0,
Torbjorn Heggem,NOR,DF,0.0,503.0,0,1,1,0,1,0,0,0.61,0.0,0,301,282,94,0,0,1,4,25,0,0,0,2,30,10,2,0,0,0,0,0,,,,98,1,9,88,39,59,1,5,49,606,5.14,475,141,51748.22,-0.3280927183665059,1.401700921979811,-0.558959433942301,2.735299333024868,,0,Balanced Contributors,0.7913814982695464,24.3,
Trevoh Chalobah,ENG,DF,0.0,0.0,0,0,0,0,0,0,0,0.0,0.0,0,0,0,0,0,0,0,0,0,0,0,0,0,0,0,0,0,0,0,0,0,,,,0,0,0,0,0,0,0,0,0,0,0.0,0,0,0.0,-1.3243189297858935,-2.4642577606874845,-1.631956563153904,-3.2142549945655188,,2,Limited Tournament Impact,0.0,0.0,
Trevor Doornbusch,CUW,GK,0.0,0.0,0,0,0,0,0,0,0,0.0,0.0,0,0,0,0,0,0,0,0,0,0,0,0,0,0,0,0,0,0,0,0,0,0.0,0.0,0.0,0,0,0,0,0,0,0,0,0,0,0.0,0,0,0.0,-1.3243189297858935,-2.4642577606874845,-1.631956563153904,-3.2142549945655188,-1.2038479457474982,-1,Goalkeeper,0.0,0.0,0.0
Trezeguet,EGY,FW,1.0,204.0,1,3,8,13,6,2,3,0.71,1.4,0,81,68,84,3,0,4,5,40,1,100,0,6,46,4,3,2,0,0,0,0,,,,78,33,28,17,35,43,8,41,52,204,5.53,331,136,23437.67,4.139954496789229,1.08325968306634,-0.1578429798350825,2.2221332266368137,,1,Dynamic Attackers,0.9388889301884003,28.9,
Tshepang Moremi,RSA,FW,0.0,44.0,1,0,0,0,0,0,0,0.0,0.0,0,9,6,67,0,0,1,0,0,0,0,0,1,18,1,1,1,0,0,0,0,,,,14,8,4,2,4,10,2,4,5,20,3.72,67,41,5585.39,-0.9160271656025613,-1.7615909587574332,-1.1365301354382962,-1.913162384034888,,2,Limited Tournament Impact,0.19469998459314813,6.0,
Tsuyoshi Watanabe,JPN,DF,0.0,99.0,0,0,0,0,0,0,0,0.0,0.0,0,34,31,91,2,50,0,0,0,0,0,0,4,8,3,0,1,0,0,0,0,,,,13,6,0,7,5,8,2,3,4,74,2.85,100,28,9543.84,-1.3243189297858935,-0.9398204789751592,-0.937208692249013,-1.9280089283625763,,2,Limited Tournament Impact,0.26258639032748377,8.1,
Tyler Adams,USA,MF,0.0,397.0,0,0,0,0,0,0,0,0.0,0.0,0,231,211,91,0,0,0,6,67,1,100,0,30,65,21,5,6,1,0,0,0,,,,200,1,33,166,147,53,0,10,67,482,5.07,566,175,41838.77,-1.3243189297858935,2.118122213942641,3.2835841106618124,4.759779155226391,,3,Complete Midfielders,1.3095907705278518,40.3,
Tyler Bindon,NZL,DF,0.0,120.0,0,1,2,0,2,0,1,0.33,0.0,0,68,49,72,0,0,1,6,33,2,50,0,4,13,4,2,1,0,0,0,0,,,,22,11,7,4,6,16,1,6,26,147,7.1,152,48,13159.9,-0.0250183771129955,0.261623782405547,-0.8202097666026341,-0.8294470953092136,,0,Balanced Contributors,0.4791915424647371,14.7,
Tyler Fletcher,SCO,MF,0.0,0.0,0,0,0,0,0,0,0,0.0,0.0,0,0,0,0,0,0,0,0,0,0,0,0,0,0,0,0,0,0,0,0,0,,,,0,0,0,0,0,0,0,0,0,0,0.0,0,0,0.0,-1.3243189297858935,-2.4642577606874845,-1.631956563153904,-3.2142549945655188,,2,Limited Tournament Impact,0.0,0.0,
Tyrese Noslin,CUW,FW,0.0,19.0,0,0,0,0,0,0,0,0.0,0.0,0,9,5,56,3,33,0,1,0,0,0,0,0,7,2,0,2,0,0,0,0,,,,12,4,5,3,2,10,2,4,10,25,2.51,42,19,2453.07,-1.3243189297858935,-1.4283192493962822,-1.0870893160670474,-2.211841482787291,,2,Limited Tournament Impact,0.19315505111133197,5.9,
Tyrick Bodak,CUW,GK,0.0,0.0,0,0,0,0,0,0,0,0.0,0.0,0,0,0,0,0,0,0,0,0,0,0,0,0,0,0,0,0,0,0,0,0,0.0,0.0,0.0,0,0,0,0,0,0,0,0,0,0,0.0,0,0,0.0,-1.3243189297858935,-2.4642577606874845,-1.631956563153904,-3.2142549945655188,-1.2038479457474982,-1,Goalkeeper,0.0,0.0,0.0
Ugurcan Cakir,TUR,GK,0.0,313.0,0,0,0,0,0,0,0,0.0,0.0,0,98,77,79,0,0,0,0,0,1,100,0,0,0,0,0,0,0,0,0,0,8.0,55.0,46.0,26,0,1,25,13,13,0,0,2,185,3.03,55,10,15872.23,-1.3243189297858935,-0.1653373812699693,-1.631956563153904,-1.769375866380111,1.1447168619408452,-1,Goalkeeper,0.2633448212519082,8.1,34.6
Umar Eshmurodov,UZB,DF,0.0,0.0,0,0,0,0,0,0,0,0.0,0.0,0,0,0,0,0,0,0,0,0,0,0,0,0,0,0,0,0,0,0,0,0,,,,0,0,0,0,0,0,0,0,0,0,0.0,0,0,0.0,-1.3243189297858935,-2.4642577606874845,-1.631956563153904,-3.2142549945655188,,2,Limited Tournament Impact,0.0,0.0,
Unai Simon,ESP,GK,0.0,717.0,0,0,0,0,0,0,0,0.0,0.0,0,269,219,81,0,0,0,3,33,2,100,0,0,0,0,0,3,0,0,0,0,14.0,108.0,84.0,107,0,0,107,73,34,0,0,9,523,3.38,121,41,40367.03,-1.3243189297858935,1.8979129738818723,-1.1157871672140938,0.9300494982753312,3.1436190048004384,-1,Goalkeeper,0.632900051827304,19.5,64.0
Utkir Yusupov,UZB,GK,0.0,105.0,0,0,0,0,0,0,0,0.0,0.0,0,29,17,59,0,0,0,2,0,1,100,0,0,0,0,0,1,0,0,0,0,1.0,27.0,21.0,12,0,0,12,7,5,0,0,0,50,0.96,7,1,5094.43,-1.3243189297858935,-0.6968049539853887,-1.459900097840634,-2.7250028545221574,-0.3387920897355449,-1,Goalkeeper,0.18309299675933607,5.6,12.7
Valentin Barco,ARG,MF,0.0,24.0,0,0,0,0,0,0,0,0.0,0.0,0,20,17,85,0,0,0,1,100,0,0,0,0,7,2,0,1,0,0,0,0,,,,19,4,14,1,9,10,0,14,8,41,1.14,41,14,2814.61,-1.3243189297858935,-0.7317876306329522,-1.2591457813803175,-2.245457937092486,,2,Limited Tournament Impact,0.22831707407930152,7.0,
Victor Lindelof,SWE,DF,0.0,390.0,0,0,2,0,2,0,2,0.26,0.0,0,200,190,95,0,0,0,3,67,1,100,0,5,24,10,3,0,0,0,0,0,,,,35,0,3,32,18,17,0,4,24,430,5.72,315,101,37262.4,-0.0799875639963119,1.6714340119015096,-0.4384993461610484,0.3504956331247542,,0,Balanced Contributors,0.6936648888736875,21.3,
Victor Munoz,ESP,FW,0.0,0.0,0,0,0,0,0,0,0,0.0,0.0,0,0,0,0,0,0,0,0,0,0,0,0,0,0,0,0,0,0,0,0,0,,,,0,0,0,0,0,0,0,0,0,0,0.0,0,0,0.0,-1.3243189297858935,-2.4642577606874845,-1.631956563153904,-3.2142549945655188,,2,Limited Tournament Impact,0.0,0.0,
Viktor Gyokeres,SWE,FW,1.0,400.0,2,6,12,8,9,3,0,1.39,0.72,0,70,48,69,1,100,1,8,50,1,100,0,14,75,4,4,7,1,0,0,1,,,,106,68,36,2,65,41,12,81,82,197,6.41,426,177,42857.3,6.095482131786524,1.555758795585296,1.5223192699678991,4.579350103559582,,1,Dynamic Attackers,1.3510791781110325,41.5,
Viktor Johansson,SWE,GK,0.0,0.0,0,0,0,0,0,0,0,0.0,0.0,0,0,0,0,0,0,0,0,0,0,0,0,0,0,0,0,0,0,0,0,0,0.0,0.0,0.0,0,0,0,0,0,0,0,0,0,0,0.0,0,0,0.0,-1.3243189297858935,-2.4642577606874845,-1.631956563153904,-3.2142549945655188,-1.2038479457474982,-1,Goalkeeper,0.0,0.0,0.0
Vinicius Junior,BRA,FW,4.0,505.0,1,11,17,24,14,3,1,3.24,1.23,2,142,116,82,15,40,23,21,76,4,100,0,24,172,10,4,10,0,0,0,3,,,,263,104,130,29,113,150,17,93,111,397,5.68,514,253,47848.57,11.825980291075512,6.670942660678207,4.106078355864298,9.434442191279206,,4,Tournament Superstars,2.497309145539279,76.8,
Virgil Van Dijk,NED,DF,1.0,432.0,1,2,2,50,2,0,2,0.14,7.26,0,347,330,95,0,0,1,1,100,1,100,0,10,11,4,2,2,0,0,0,0,,,,35,0,1,34,17,18,1,4,40,718,5.3,292,100,38197.13,2.4158928389012564,3.068974927806278,-0.2964213429520535,0.8501470461209479,,1,Dynamic Attackers,0.9364817430752986,28.8,
Vitinha,POR,MF,0.0,404.0,0,0,4,0,0,4,0,0.12,0.0,0,403,379,94,0,0,2,7,71,11,100,0,19,124,13,4,5,0,0,0,0,,,,195,7,64,124,139,56,0,15,86,838,6.85,559,174,46256.34,-0.0118423630080489,5.935009429057121,2.587099979012251,5.635441612511703,,5,Elite All-Round Performers,1.6364803456105623,50.3,
Vladimir Coufal,CZE,DF,0.0,301.0,1,0,1,0,1,0,1,0.02,0.0,9,110,79,72,20,30,1,10,60,1,0,0,5,49,10,4,3,0,0,0,1,,,,86,42,29,15,11,75,3,27,44,252,6.82,443,154,34224.86,0.1819977202224086,1.9693358204464135,0.3546995067157754,2.4831209283280637,,3,Complete Midfielders,0.9297233089328708,28.6,
Vladimir Darida,CZE,MF,0.0,58.0,0,0,1,0,1,0,0,0.01,0.0,0,18,14,78,0,0,2,1,0,0,0,0,10,34,1,0,1,0,0,0,0,,,,26,9,13,4,16,10,0,5,17,42,2.57,135,49,7507.52,-1.040715227535476,-1.4171947865706322,-0.3983898106602005,-1.6157115734138805,,2,Limited Tournament Impact,0.3073957458457956,9.5,
Vozinha,CPV,GK,0.0,445.0,0,0,0,0,0,0,0,0.0,0.0,0,166,117,70,0,0,1,2,0,0,0,0,0,0,0,0,3,0,0,0,0,18.0,136.0,102.0,35,0,0,35,19,16,0,0,7,299,2.89,44,9,21320.84,-1.3243189297858935,-0.4386162594089056,-1.1157871672140938,-1.3563409567277294,4.2363583622977,-1,Goalkeeper,0.3173577372732187,9.8,80.1
Wagner Pina,CPV,DF,0.0,99.0,0,0,1,0,1,0,0,0.18,0.0,0,38,30,79,3,33,1,2,0,0,0,0,4,19,2,1,3,1,0,0,0,,,,46,18,22,6,14,32,2,10,13,87,1.68,134,74,11150.18,-0.9084090614890916,-0.8308431345837265,-0.5327958348291633,-0.861874910923052,,0,Balanced Contributors,0.3886404205866769,11.9,
Waldemar Anton,GER,DF,0.0,66.0,0,1,1,0,1,0,1,0.11,0.0,0,30,29,97,2,0,0,0,0,0,0,0,1,13,3,3,1,0,0,0,1,,,,15,4,3,8,2,13,0,2,7,70,3.37,98,35,7334.85,-0.4720591080089464,-1.3120346186474146,-1.0687499583077462,-1.9726212976421325,,2,Limited Tournament Impact,0.24903769078706683,7.7,
Warren Zaire Emery,FRA,MF,0.0,25.0,0,0,0,0,0,0,0,0.0,0.0,0,13,11,85,1,0,0,0,0,0,0,0,0,15,3,1,0,0,0,0,0,,,,15,2,6,7,10,5,0,2,5,32,1.01,40,13,3061.82,-1.3243189297858935,-1.6156589977978104,-1.2809597862147672,-2.537649473809541,,2,Limited Tournament Impact,0.140328292915157,4.3,
Weston Mckennie,USA,MF,0.0,504.0,0,1,5,0,4,1,2,0.6,0.0,0,220,173,79,11,27,6,27,74,4,75,0,22,102,21,8,2,1,0,0,0,,,,260,94,125,41,139,121,14,84,138,497,6.86,771,236,57573.6,1.2866973062245466,5.562431586311956,2.506836092485816,9.918465652125947,,5,Elite All-Round Performers,1.8976185547029067,58.3,
Weverton,BRA,GK,0.0,,0,0,0,0,0,0,0,0.0,0.0,0,0,0,0,0,0,0,0,0,0,0,0,0,0,0,0,0,0,0,0,0,0.0,0.0,0.0,0,0,0,0,0,0,0,0,0,0,0.0,0,0,0.0,-1.3243189297858935,-2.4642577606874845,-1.631956563153904,-3.2142549945655188,-1.2038479457474982,-1,Goalkeeper,0.0,0.0,0.0
Wilfried Singo,CIV,DF,0.0,190.0,1,0,2,0,2,0,0,0.14,0.0,0,92,79,86,1,0,3,0,0,0,0,0,13,24,12,3,1,0,0,0,0,,,,29,4,7,18,6,23,1,5,43,203,2.88,173,65,18230.23,-0.2554271733042789,-0.6988548746216903,0.3552689408598697,-0.7203107248633014,,0,Balanced Contributors,0.5188336911009142,16.0,
Wilguens Paugain,HAI,DF,0.0,0.0,0,0,0,0,0,0,0,0.0,0.0,0,0,0,0,0,0,0,0,0,0,0,0,0,0,0,0,0,0,0,0,0,,,,0,0,0,0,0,0,0,0,0,0,0.0,0,0,0.0,-1.3243189297858935,-2.4642577606874845,-1.631956563153904,-3.2142549945655188,,2,Limited Tournament Impact,0.0,0.0,
Willer Ditta,COL,DF,0.0,0.0,0,0,0,0,0,0,0,0.0,0.0,0,0,0,0,0,0,0,0,0,0,0,0,0,0,0,0,0,0,0,0,0,,,,0,0,0,0,0,0,0,0,0,0,0.0,0,0,0.0,-1.3243189297858935,-2.4642577606874845,-1.631956563153904,-3.2142549945655188,,2,Limited Tournament Impact,0.0,0.0,
William Saliba,FRA,DF,0.0,533.0,0,0,1,0,1,0,1,0.06,0.0,0,315,307,97,0,0,1,1,0,2,100,0,14,28,14,4,0,0,0,0,0,,,,59,1,0,58,29,30,1,2,27,659,4.71,407,157,49524.88,-0.756632256439614,2.2583845181314266,0.4130389763231863,1.658587590955539,,3,Complete Midfielders,0.8755273326277153,26.9,
Willian Pacho,ECU,DF,0.0,407.0,0,1,1,0,1,0,1,0.11,0.0,0,238,217,91,0,0,1,2,0,0,0,0,10,51,12,3,2,0,0,0,0,,,,45,0,0,45,29,16,0,1,37,488,5.2,284,119,35347.02,-0.4720591080089464,0.4623559103275266,0.6395700622189785,0.629772450510221,,0,Balanced Contributors,0.7084177837913783,21.8,
Willy Semedo,CPV,MF,0.0,156.0,0,0,3,0,2,1,0,0.06,0.0,0,33,30,91,2,0,1,1,0,0,0,0,6,57,6,4,2,0,0,0,0,,,,61,29,28,4,23,38,1,28,33,105,5.15,207,90,17802.43,-0.4212096679408106,-1.1605304522692026,0.0872360497351559,0.4336542413829314,,0,Balanced Contributors,0.5179505306778848,15.9,
Wilson Isidor,HAI,FW,1.0,201.0,0,2,5,20,2,3,1,0.15,6.67,0,21,18,86,0,0,0,1,100,0,0,0,7,88,1,3,2,0,0,0,1,,,,55,34,18,3,44,11,1,18,22,64,6.78,287,110,22699.6,2.2730988473002323,-0.7152336109001737,0.1851031241908825,0.4490565671817126,,0,Balanced Contributors,0.6612229057213721,20.3,
Woodensky Pierre,HAI,MF,0.0,0.0,0,0,0,0,0,0,0,0.0,0.0,0,0,0,0,0,0,0,0,0,0,0,0,0,0,0,0,0,0,0,0,0,,,,0,0,0,0,0,0,0,0,0,0,0.0,0,0,0.0,-1.3243189297858935,-2.4642577606874845,-1.631956563153904,-3.2142549945655188,,2,Limited Tournament Impact,0.0,0.0,
Wout Weghorst,NED,FW,0.0,58.0,0,0,0,0,0,0,0,0.0,0.0,0,7,4,57,0,0,0,1,0,0,0,0,2,53,2,1,2,0,0,0,0,,,,8,5,3,0,7,1,1,8,10,21,1.8,109,30,7013.96,-1.3243189297858935,-1.8690810156346085,-0.4527236770055192,-2.182092016711906,,2,Limited Tournament Impact,0.22339913359033794,6.9,
Xaver Schlager,AUT,MF,0.0,265.0,1,0,1,0,0,1,0,0.02,0.0,0,138,130,94,1,0,1,1,100,0,0,0,3,76,24,6,0,0,0,0,0,,,,112,2,48,62,92,20,0,8,61,301,6.62,371,91,28614.03,-0.5956907395578873,0.470821138964687,0.8753929655961842,2.069158996743804,,0,Balanced Contributors,0.8121922858415679,25.0,
Yahia Fofana,CIV,GK,0.0,408.0,0,0,0,0,0,0,0,0.0,0.0,0,114,74,65,0,0,0,1,100,0,0,0,0,0,0,0,3,0,0,0,0,11.0,84.0,68.0,17,0,0,17,12,5,0,0,3,216,2.93,16,5,19966.03,-1.3243189297858935,-0.2620399863791272,-1.1157871672140938,-1.927232403260344,2.234838846552457,-1,Goalkeeper,0.2976589673148841,9.2,50.6
Yaimar Medina,ECU,DF,0.0,53.0,0,0,1,0,1,0,1,0.04,0.0,0,19,17,89,4,25,0,1,0,1,100,0,1,10,3,1,0,0,0,0,0,,,,16,5,7,4,5,11,1,10,5,51,1.52,58,28,5486.23,-0.7721976877391886,-0.1498718864608243,-1.274049958453458,-2.1293059834907946,,2,Limited Tournament Impact,0.2989830833122983,9.2,
Yan Diomande,CIV,FW,0.0,361.0,1,0,4,0,3,1,1,0.26,0.0,11,142,127,89,21,24,15,15,53,1,100,0,20,121,20,2,7,0,0,0,0,,,,134,24,92,18,45,89,6,88,106,372,5.71,370,178,34347.31,1.3499667693365165,4.907199686829668,3.3914363337678965,4.959267991761645,,5,Elite All-Round Performers,1.6461314030555332,50.6,
Yan Valery,TUN,DF,0.0,274.0,0,0,0,0,0,0,0,0.0,0.0,0,80,54,68,7,29,3,8,13,1,100,0,13,68,10,4,1,0,0,0,1,,,,80,38,33,9,5,75,4,28,35,163,6.39,296,130,29256.28,-1.3243189297858935,1.299633005161747,0.7196547165510603,1.815372582278704,,3,Complete Midfielders,0.8198423948958236,25.2,
Yang Hyunjun,KOR,MF,0.0,25.0,0,1,1,0,1,0,0,0.19,0.0,0,13,9,69,0,0,0,0,0,0,0,0,2,10,1,1,0,0,0,0,1,,,,9,1,6,2,2,7,1,1,10,28,2.31,37,21,2936.45,-0.6549667756575737,-1.8125142129852692,-1.3349203078226983,-2.3923117897576804,,2,Limited Tournament Impact,0.15255555117751107,4.7,
Yannick Semedo,CPV,MF,0.0,46.0,1,0,1,0,0,1,0,0.01,0.0,2,35,27,77,2,50,0,0,0,2,100,0,3,12,1,1,1,0,0,0,0,,,,14,0,8,6,10,4,0,2,13,79,3.45,75,30,5295.67,-0.4787025496348214,0.0603728826908759,-1.0783857668057557,-2.029223933088448,,0,Balanced Contributors,0.3512334781101156,10.8,
Yasin Ayari,SWE,MF,2.0,371.0,0,3,7,29,1,6,0,0.44,4.59,9,107,84,79,17,29,2,2,0,3,67,0,21,100,22,4,8,1,0,0,0,,,,148,21,59,68,111,37,2,28,85,278,6.4,434,109,39607.81,4.135297666587583,1.662982974168999,3.5162898429207403,3.734449160463853,,1,Dynamic Attackers,1.4359063772521585,44.1,
Yasser Ibrahim,EGY,DF,1.0,533.0,0,1,1,100,1,0,1,0.12,8.42,0,260,239,92,0,0,2,1,0,1,100,0,21,46,24,6,3,2,0,0,0,,,,89,0,3,86,50,39,0,3,25,533,5.79,514,181,51489.36,1.9254120006799975,1.5884194967305074,2.180809957888393,2.4058301837154934,,3,Complete Midfielders,1.1397328581382098,35.0,
Yassin Fortune,HAI,FW,0.0,13.0,0,0,0,0,0,0,0,0.0,0.0,0,5,5,100,0,0,0,0,0,0,0,0,0,0,0,0,1,0,0,0,0,,,,4,0,4,0,0,4,0,1,3,9,2.25,24,5,1501.22,-1.3243189297858935,-1.61121546324101,-1.459900097840634,-2.772448134772807,,2,Limited Tournament Impact,0.10921905278037866,3.4,
Yassine Bounou,MAR,GK,0.0,650.0,0,0,0,0,0,0,0,0.0,0.0,0,211,142,67,0,0,0,9,0,0,0,1,0,0,0,0,4,0,0,0,0,19.0,112.0,91.0,32,0,0,32,18,14,0,0,9,383,2.6,38,5,28036.99,-1.3243189297858935,0.342203644051638,-0.9437307019008234,-1.2368145265496495,3.77147314052769,-1,Goalkeeper,0.40209083475686014,12.4,73.2
Yassine Titraoui,ALG,MF,0.0,0.0,0,0,0,0,0,0,0,0.0,0.0,0,0,0,0,0,0,0,0,0,0,0,0,0,0,0,0,0,0,0,0,0,,,,0,0,0,0,0,0,0,0,0,0,0.0,0,0,0.0,-1.3243189297858935,-2.4642577606874845,-1.631956563153904,-3.2142549945655188,,2,Limited Tournament Impact,0.0,0.0,
Yazan Alarab,JOR,DF,0.0,309.0,0,0,0,0,0,0,0,0.0,0.0,0,106,94,89,0,0,2,1,0,0,0,1,10,28,16,4,0,1,0,0,0,,,,17,1,5,11,9,8,0,0,24,212,5.49,258,78,28270.79,-1.3243189297858935,-0.619794736890868,0.2869621682462914,-0.6645570695426433,,0,Balanced Contributors,0.4825818521314494,14.8,
Yazeed Abulaila,JOR,GK,0.0,309.0,0,0,0,0,0,0,0,0.0,0.0,0,66,42,64,0,0,0,3,33,0,0,0,0,0,0,0,0,0,0,0,0,8.0,70.0,56.0,9,0,0,9,7,2,0,0,0,122,2.64,9,2,13586.57,-1.3243189297858935,-0.9677544426493688,-1.631956563153904,-2.382905631150525,1.5463462996270605,-1,Goalkeeper,0.16503222560317157,5.1,40.5
Yehvann Diouf,SEN,GK,0.0,0.0,0,0,0,0,0,0,0,0.0,0.0,0,0,0,0,0,0,0,0,0,0,0,0,0,0,0,0,0,0,0,0,0,0.0,0.0,0.0,0,0,0,0,0,0,0,0,0,0,0.0,0,0,0.0,-1.3243189297858935,-2.4642577606874845,-1.631956563153904,-3.2142549945655188,-1.2038479457474982,-1,Goalkeeper,0.0,0.0,0.0
Yeremy Pino,ESP,FW,0.0,83.0,0,0,0,0,0,0,0,0.0,0.0,0,29,25,86,1,0,0,0,0,0,0,0,3,28,7,2,0,0,0,0,1,,,,45,24,17,4,22,23,1,26,17,67,1.8,114,45,8846.84,-1.3243189297858935,-1.4811735580395295,-0.7035851741254792,-0.9492088465819606,,2,Limited Tournament Impact,0.3009254984373311,9.3,
Yerry Mina,COL,DF,0.0,2.0,0,0,0,0,0,0,0,0.0,0.0,0,3,3,100,0,0,0,0,0,0,0,0,0,1,1,0,1,0,0,0,0,,,,1,0,0,1,1,0,0,0,1,7,1.7,7,3,384.52,-1.3243189297858935,-1.6281072458900914,-1.387225885304177,-2.9813289207254368,,2,Limited Tournament Impact,0.1028662594285743,3.2,
Yoane Wissa,COD,FW,3.0,409.0,0,3,11,27,7,4,2,1.79,1.68,0,69,60,87,2,0,1,5,40,0,0,0,11,118,5,5,9,0,0,0,1,,,,127,52,64,11,103,24,3,50,81,195,6.07,384,140,41481.27,6.395695371359025,-0.2468836017039094,2.217568743338943,3.653500370186848,,1,Dynamic Attackers,1.236434137377675,38.0,
Youri Tielemans,BEL,MF,2.0,538.0,0,3,11,18,7,4,2,1.5,1.33,5,255,221,87,14,21,3,10,50,5,60,0,19,120,24,7,10,0,0,0,1,,,,248,61,87,100,174,74,3,41,125,591,5.75,862,256,61812.67,5.849016417756187,4.243020629223219,4.08058096931742,8.353418298323657,,5,Elite All-Round Performers,2.025173670092047,62.3,
Youssef Amyn,IRQ,MF,0.0,32.0,0,0,0,0,0,0,0,0.0,0.0,0,6,5,83,0,0,0,0,0,0,0,0,2,25,4,0,0,0,0,0,0,,,,26,15,10,1,18,8,0,5,8,16,2.41,52,18,3954.85,-1.3243189297858935,-1.7449862297778147,-0.9839235308835618,-2.0521550760996945,,2,Limited Tournament Impact,0.18809266420468124,5.8,
Youssef Belammari,MAR,DF,0.0,0.0,0,0,0,0,0,0,0,0.0,0.0,0,0,0,0,0,0,0,0,0,0,0,0,0,0,0,0,0,0,0,0,0,,,,0,0,0,0,0,0,0,0,0,0,0.0,0,0,0.0,-1.3243189297858935,-2.4642577606874845,-1.631956563153904,-3.2142549945655188,,2,Limited Tournament Impact,0.0,0.0,
Yuito Suzuki,JPN,MF,0.0,17.0,0,0,0,0,0,0,0,0.0,0.0,0,4,4,100,0,0,2,0,0,0,0,0,0,7,2,0,0,0,0,0,0,,,,12,5,5,2,7,5,0,3,6,11,1.86,32,14,2226.64,-1.3243189297858935,-1.42657215172321,-1.4312022466935876,-2.5302737315384496,,2,Limited Tournament Impact,0.1405950075830363,4.3,
Yukinari Sugawara,JPN,DF,0.0,181.0,0,2,2,0,1,1,0,0.09,0.0,0,73,52,71,5,20,1,4,25,2,50,0,5,36,4,3,1,0,0,0,0,,,,40,13,20,7,12,28,4,18,32,153,6.28,195,72,18767.61,-0.182363367228617,0.4990709739700291,-0.50302694707187,0.149198659045159,,0,Balanced Contributors,0.5806151883294381,17.9,
Yunus Akgun,TUR,FW,0.0,103.0,0,0,0,0,0,0,0,0.0,0.0,0,52,41,79,2,50,1,2,0,0,0,0,3,12,4,2,1,1,0,0,0,,,,71,35,29,7,36,35,0,24,24,117,4.11,101,52,10803.37,-1.3243189297858935,-0.6495199514306332,-0.8936066640288266,-0.0921476443765409,,0,Balanced Contributors,0.3969678953968971,12.2,
Yusuf Abdurisag,QAT,FW,0.0,105.0,0,0,0,0,0,0,0,0.0,0.0,0,14,9,64,0,0,1,3,0,0,0,0,8,60,8,1,2,0,0,0,0,,,,18,10,7,1,11,7,1,12,11,33,4.62,176,66,12292.36,-1.3243189297858935,-1.49136000337569,0.368297091382974,-1.2749346214085029,,0,Balanced Contributors,0.3871257558855368,11.9,
Yvon Mvogo,SUI,GK,0.0,,0,0,0,0,0,0,0,0.0,0.0,0,0,0,0,0,0,0,0,0,0,0,0,0,0,0,0,0,0,0,0,0,0.0,0.0,0.0,0,0,0,0,0,0,0,0,0,0,0.0,0,0,0.0,-1.3243189297858935,-2.4642577606874845,-1.631956563153904,-3.2142549945655188,-1.2038479457474982,-1,Goalkeeper,0.0,0.0,0.0
Zaid Ismael,IRQ,MF,0.0,126.0,0,0,0,0,0,0,0,0.0,0.0,0,71,63,89,0,0,1,0,0,1,0,0,3,52,17,2,0,0,0,0,0,,,,73,2,28,43,60,13,0,7,32,150,5.13,243,58,16240.49,-1.3243189297858935,-0.8769344623069895,0.178293447123817,0.155991958838271,,0,Balanced Contributors,0.4998821260634267,15.4,
Zaid Tahseen,IRQ,DF,0.0,165.0,0,0,2,0,1,1,1,0.21,0.0,0,64,53,83,0,0,0,3,0,1,100,0,1,6,2,3,2,1,0,0,0,,,,15,0,1,14,4,11,0,2,18,134,4.12,179,49,16808.01,-0.3351205269477048,-0.1151975896320018,-1.035854775195816,-1.4005655785969184,,0,Balanced Contributors,0.38382735086257685,11.8,
Zakaria El Ouahdi,MAR,DF,0.0,22.0,0,0,0,0,0,0,0,0.0,0.0,0,14,14,100,0,0,0,1,0,0,0,0,0,3,1,1,1,0,0,0,0,,,,8,5,2,1,3,5,0,2,1,22,1.25,36,15,2847.13,-1.3243189297858935,-1.4481748300446902,-1.365063528749216,-2.691662734326981,,2,Limited Tournament Impact,0.13601004868254335,4.2,
Zeki Amdouni,SUI,FW,0.0,101.0,0,0,1,0,0,1,0,0.0,0.0,0,11,8,73,0,0,3,0,0,0,0,0,3,49,8,5,4,0,0,0,0,,,,15,10,5,0,13,2,2,16,16,46,4.68,125,40,11529.29,-1.019547935040794,-1.5029612028165849,0.278938465213669,-1.3602203382662994,,0,Balanced Contributors,0.3834804975216016,11.8,
Zeki Celik,TUR,DF,0.0,173.0,0,1,1,0,1,0,0,0.1,0.0,1,79,70,89,1,0,0,1,100,1,100,0,5,35,9,1,0,0,0,0,0,,,,74,24,19,31,13,61,3,7,29,164,4.4,224,87,19112.83,-0.6626257637192329,0.7536786911422546,-0.378199419367739,0.5930523707800304,,0,Balanced Contributors,0.6212720871126606,19.1,
Zeno Debast,BEL,DF,0.0,0.0,0,0,0,0,0,0,0,0.0,0.0,0,0,0,0,0,0,0,0,0,0,0,0,0,0,0,0,0,0,0,0,0,,,,0,0,0,0,0,0,0,0,0,0,0.0,0,0,0.0,-1.3243189297858935,-2.4642577606874845,-1.631956563153904,-3.2142549945655188,,2,Limited Tournament Impact,0.0,0.0,
Zidane Iqbal,IRQ,MF,0.0,210.0,0,0,0,0,0,0,0,0.0,0.0,1,128,118,92,1,100,5,2,50,5,100,0,6,59,10,1,2,0,0,0,0,,,,114,0,61,53,92,22,0,8,28,268,6.85,352,61,24227.99,-1.261933476999467,2.9667610187025746,0.3557705433260224,1.582693878941734,,3,Complete Midfielders,0.9021019237523711,27.7,
Zineddine Belaid,ALG,DF,0.0,38.0,0,0,0,0,0,0,0,0.0,0.0,0,44,43,98,0,0,0,1,100,0,0,0,0,2,2,0,0,0,0,0,1,,,,7,0,0,7,5,2,0,1,2,89,3.1,37,12,3781.0,-1.3243189297858935,-0.4149236196942775,-1.4866081380809903,-2.467664653960679,,2,Limited Tournament Impact,0.21743463759085746,6.7,
Zion Suzuki,JPN,GK,0.0,405.0,0,0,0,0,0,0,0,0.0,0.0,0,109,76,70,0,0,0,6,17,0,0,0,0,0,0,0,1,0,0,0,0,17.0,78.0,64.0,20,0,0,20,14,6,0,0,1,204,3.02,38,5,20433.26,-1.3243189297858935,-0.4623308580863829,-1.459900097840634,-1.8527169049025605,2.606533187378045,-1,Goalkeeper,0.2523988180197846,7.8,56.1
Ziyad Aljohani,KSA,MF,0.0,0.0,0,0,0,0,0,0,0,0.0,0.0,0,0,0,0,0,0,0,0,0,0,0,0,0,0,0,0,0,0,0,0,0,,,,0,0,0,0,0,0,0,0,0,0,0.0,0,0,0.0,-1.3243189297858935,-2.4642577606874845,-1.631956563153904,-3.2142549945655188,,2,Limited Tournament Impact,0.0,0.0,
Zizo,EGY,FW,0.0,84.0,0,1,3,0,2,1,0,0.14,0.0,4,27,23,85,6,33,1,1,0,0,0,0,4,14,2,2,1,0,0,0,0,,,,45,14,21,10,19,26,3,13,12,68,5.61,101,50,9317.48,0.1362534385849252,-0.7695082478553428,-0.9323146568431062,-0.6274928054619128,,0,Balanced Contributors,0.4056224593966836,12.5,
